preset,building,variant,scheduler,seed,served,unserved,wait_min,wait_max,wait_mean,wait_p95,total_min,total_max,total_mean,total_p95,span,seconds
baseline,B1,plain,eta-cost,10000,400,0,0,69,14.148,36,1,104,33.36,70,2000,0.064
baseline,B1,plain,eta-cost,10002,400,0,0,60,14.447,37,3,107,34,67,2000,0.065
baseline,B1,plain,eta-cost,10001,400,0,0,73,14.395,35,2,111,33.83,64,2000,0.067
baseline,B1,plain,eta-cost,10004,400,0,0,63,15.955,40,2,116,36.227,75,2000,0.064
baseline,B1,plain,eta-cost,10007,400,0,0,55,15.898,41,2,104,36.19,69,2000,0.066
baseline,B1,plain,eta-cost,10005,400,0,0,100,14.932,37,2,141,35.81,70,2000,0.065
baseline,B1,plain,eta-cost,10008,400,0,0,75,17.78,44,2,105,38.2,76,2000,0.07
baseline,B1,plain,eta-cost,10003,400,0,0,56,15.185,39,3,96,34.805,67,2000,0.064
baseline,B1,plain,eta-cost,10006,400,0,0,67,13.965,34,2,112,34.343,66,2000,0.075
baseline,B1,plain,eta-cost,10009,400,0,0,53,14.365,34,4,88,35.25,69,2000,0.068
baseline,B1,plain,eta-cost-fair,10000,400,0,0,67,14.387,37,1,104,33.6,70,2000,0.06
baseline,B1,plain,eta-cost-fair,10001,400,0,0,79,15.357,37,3,111,34.792,65,2000,0.062
baseline,B1,plain,eta-cost-fair,10005,400,0,0,103,15.492,38,2,131,36.37,70,2000,0.073
baseline,B1,plain,eta-cost-fair,10003,400,0,0,86,14.035,33,3,107,33.655,64,2000,0.063
baseline,B1,plain,eta-cost-fair,10002,400,0,0,58,13.12,35,2,93,32.672,62,2000,0.062
baseline,B1,plain,eta-cost-fair,10004,400,0,0,66,16.113,41,1,110,36.385,69,2000,0.064
baseline,B1,plain,eta-cost-fair,10007,400,0,0,76,15.992,38,3,121,36.285,69,2000,0.063
baseline,B1,plain,eta-cost-fair,10006,400,0,0,71,15.977,43,2,108,36.355,70,2000,0.066
baseline,B1,plain,eta-cost-fair,10009,400,0,0,88,15.305,35,4,115,36.19,70,2000,0.059
baseline,B1,plain,eta-cost-fair,10008,400,0,0,83,16.323,42,1,99,36.742,71,2000,0.069
baseline,B1,plain,nearest-car,10002,400,0,0,115,32.415,98,2,152,51.968,120,2000,0.041
baseline,B1,plain,nearest-car,10000,400,0,0,116,37.682,102,3,157,56.895,127,2000,0.044
baseline,B1,plain,nearest-car,10001,400,0,0,113,36.245,98,1,158,55.68,122,2000,0.04
baseline,B1,plain,nearest-car,10004,400,0,0,115,34.093,102,2,153,54.365,125,2000,0.04
baseline,B1,plain,nearest-car,10003,400,0,0,116,32.11,97,2,159,51.73,124,2000,0.039
baseline,B1,plain,nearest-car,10006,400,0,0,116,31.35,97,2,167,51.727,115,2000,0.041
baseline,B1,plain,nearest-car,10008,400,0,0,111,37.86,103,2,156,58.28,127,2000,0.046
baseline,B1,plain,nearest-car,10007,400,0,0,114,35.917,101,2,159,56.21,130,2000,0.044
baseline,B1,plain,nearest-car,10005,400,0,0,117,32.805,102,1,160,53.682,125,2000,0.041
baseline,B1,plain,nearest-car,10009,400,0,0,151,37.625,103,2,196,58.51,127,2000,0.039
baseline,B1,plain,nearest-car-eta,10003,400,0,0,100,14.812,40,2,120,34.432,72,2000,0.055
baseline,B1,plain,nearest-car-eta,10002,400,0,0,112,15.98,47,2,156,35.532,75,2000,0.057
baseline,B1,plain,nearest-car-eta,10001,400,0,0,105,18.957,56,1,126,38.392,79,2000,0.059
baseline,B1,plain,nearest-car-eta,10000,400,0,0,93,15.217,41,3,104,34.43,75,2000,0.051
baseline,B1,plain,nearest-car-eta,10004,400,0,0,104,20.485,60,2,141,40.758,87,2000,0.058
baseline,B1,plain,nearest-car-eta,10005,400,0,0,110,17.33,51,2,150,38.208,81,2000,0.059
baseline,B1,plain,nearest-car-eta,10006,400,0,0,97,17.515,48,2,123,37.892,83,2000,0.061
baseline,B1,plain,nearest-car-eta,10009,400,0,0,104,16.017,40,2,132,36.903,76,2000,0.06
baseline,B1,plain,nearest-car-eta,10008,400,0,0,99,16.828,56,2,115,37.248,79,2000,0.056
baseline,B1,plain,nearest-car-eta,10007,400,0,0,106,18.18,54,3,143,38.472,74,2000,0.057
baseline,B1,plain,round-robin,10000,400,0,0,114,50.977,98,4,147,70.19,126,2000,0.04
baseline,B1,plain,round-robin,10003,400,0,0,110,49.913,97,2,157,69.532,122,2000,0.049
baseline,B1,plain,round-robin,10002,400,0,0,111,47.528,97,3,152,67.08,121,2000,0.045
baseline,B1,plain,round-robin,10001,400,0,0,108,48.188,94,2,159,67.623,123,2000,0.044
baseline,B1,plain,round-robin,10007,400,0,0,115,47.682,97,3,166,67.975,126,2000,0.036
baseline,B1,plain,round-robin,10005,400,0,0,116,45.737,94,2,164,66.615,115,2000,0.047
baseline,B1,plain,round-robin,10006,400,0,0,111,43.235,92,5,135,63.612,117,2000,0.048
baseline,B1,plain,zone-based,10000,400,0,0,108,43.602,95,4,164,62.815,119,2000,0.035
baseline,B1,plain,round-robin,10008,400,0,0,113,47.41,97,6,153,67.83,121,2000,0.041
baseline,B1,plain,round-robin,10004,400,0,0,111,45.505,95,6,150,65.778,120,2000,0.041
baseline,B1,plain,round-robin,10009,400,0,0,111,45.1,96,5,157,65.985,125,2000,0.046
baseline,B1,plain,zone-based,10001,400,0,0,118,43.167,96,5,159,62.602,121,2000,0.047
baseline,B1,plain,zone-based,10002,400,0,0,114,38.947,91,2,156,58.5,121,2000,0.047
baseline,B1,plain,zone-based,10004,400,0,0,113,43.945,93,1,154,64.218,125,2000,0.043
baseline,B1,plain,zone-based,10003,400,0,0,145,41.453,91,2,169,61.072,114,2000,0.034
baseline,B1,plain,zone-based,10007,400,0,0,123,41.84,94,5,148,62.133,122,2000,0.043
baseline,B1,plain,zone-based,10005,400,0,0,113,41.392,93,2,150,62.27,118,2000,0.039
baseline,B1,plain,zone-based,10006,400,0,0,114,40.388,94,2,149,60.765,117,2000,0.051
baseline,B1,plain,zone-based,10009,400,0,0,108,40.55,98,3,154,61.435,120,2000,0.044
baseline,B1,plain,zone-based,10008,400,0,0,117,41.855,95,2,153,62.275,121,2000,0.041
baseline,B1,plain,express,10000,400,0,0,110,22.008,57,2,120,41.22,87,2000,0.065
baseline,B1,plain,express,10006,400,0,0,95,19.92,49,2,121,40.297,85,2000,0.063
baseline,B1,plain,express,10001,400,0,0,99,20.383,52,4,113,39.818,83,2000,0.061
baseline,B1,plain,express,10003,400,0,0,96,20.165,53,2,140,39.785,80,2000,0.061
baseline,B1,plain,express,10002,400,0,0,93,21.145,59,1,114,40.697,88,2000,0.064
baseline,B1,plain,express,10004,400,0,0,71,18.823,46,3,116,39.095,78,2000,0.06
baseline,B1,plain,express,10005,400,0,0,110,20.777,53,2,117,41.655,81,2000,0.067
baseline,B1,plain,express,10009,400,0,0,112,20.942,48,3,124,41.828,84,2000,0.063
baseline,B1,plain,express,10007,400,0,0,103,22.145,58,2,139,42.438,88,2000,0.062
baseline,B1,plain,express,10008,400,0,0,91,20.145,51,1,110,40.565,83,2000,0.068
baseline,B1,stop1,eta-cost,10000,400,0,0,78,17.438,42,6,107,39.025,82,2000,0.08
baseline,B1,stop1,eta-cost,10002,400,0,0,83,17.598,46,2,123,39.542,80,2000,0.081
baseline,B1,stop1,eta-cost,10008,400,0,0,107,17.323,45,2,117,40.285,81,2000,0.082
baseline,B1,stop1,eta-cost,10005,400,0,0,78,19.348,46,3,112,42.733,83,2000,0.081
baseline,B1,stop1,eta-cost,10004,400,0,0,85,18.07,46,3,129,40.852,81,2000,0.08
baseline,B1,stop1,eta-cost,10003,400,0,0,68,16.34,41,2,112,38.345,76,2000,0.08
baseline,B1,stop1,eta-cost,10001,400,0,0,80,18.837,47,4,122,40.693,77,2000,0.077
baseline,B1,stop1,eta-cost,10006,400,0,0,105,18.832,50,3,134,41.612,84,2000,0.08
baseline,B1,stop1,eta-cost,10007,400,0,0,88,20.233,47,2,119,43.032,87,2000,0.086
baseline,B1,stop1,eta-cost,10009,400,0,0,105,19.117,48,4,121,42.487,80,2000,0.082
baseline,B1,stop1,eta-cost-fair,10000,400,0,0,89,19.145,46,3,105,40.837,78,2000,0.083
baseline,B1,stop1,eta-cost-fair,10002,400,0,0,97,18.067,46,3,121,39.873,80,2000,0.08
baseline,B1,stop1,eta-cost-fair,10003,400,0,0,71,18.532,48,4,104,40.335,79,2000,0.082
baseline,B1,stop1,eta-cost-fair,10001,400,0,0,72,20.117,49,5,117,41.968,78,2000,0.089
baseline,B1,stop1,eta-cost-fair,10005,400,0,0,73,19.225,49,2,115,42.56,86,2000,0.087
baseline,B1,stop1,eta-cost-fair,10009,400,0,0,62,18.245,44,3,101,41.68,77,2000,0.082
baseline,B1,stop1,eta-cost-fair,10006,400,0,0,105,19.198,50,3,125,41.955,82,2000,0.089
baseline,B1,stop1,nearest-car,10000,400,0,0,135,40.282,113,4,183,62.21,136,2000,0.041
baseline,B1,stop1,eta-cost-fair,10004,400,0,0,81,20.105,53,2,135,42.72,90,2000,0.085
baseline,B1,stop1,eta-cost-fair,10008,400,0,0,80,19.67,48,3,105,42.462,83,2000,0.085
baseline,B1,stop1,nearest-car,10001,400,0,0,140,46.428,123,3,187,68.642,146,2000,0.044
baseline,B1,stop1,eta-cost-fair,10007,400,0,0,97,21.317,54,4,123,44.078,83,2000,0.084
baseline,B1,stop1,nearest-car,10004,400,0,0,138,43.972,120,3,187,66.858,148,2000,0.044
baseline,B1,stop1,nearest-car,10002,400,0,0,135,39.585,115,3,176,61.733,142,2000,0.05
baseline,B1,stop1,nearest-car,10003,400,0,0,128,44.742,118,3,179,67.115,145,2000,0.036
baseline,B1,stop1,nearest-car,10005,400,0,0,132,38.763,116,5,187,62.468,148,2000,0.046
baseline,B1,stop1,nearest-car,10009,400,0,0,129,42.2,113,3,173,65.922,144,2000,0.036
baseline,B1,stop1,nearest-car,10007,400,0,0,135,43.203,120,2,195,66.397,145,2000,0.049
baseline,B1,stop1,nearest-car,10006,400,0,0,135,41.612,115,2,172,64.703,144,2000,0.052
baseline,B1,stop1,nearest-car,10008,400,0,0,135,42.172,115,4,186,65.47,143,2000,0.044
baseline,B1,stop1,nearest-car-eta,10000,400,0,0,118,21.625,65,4,171,43.377,99,2000,0.077
baseline,B1,stop1,nearest-car-eta,10001,400,0,0,137,24.97,76,5,152,47.1,101,2000,0.056
baseline,B1,stop1,nearest-car-eta,10003,400,0,0,134,18.55,54,2,158,40.65,86,2000,0.073
baseline,B1,stop1,nearest-car-eta,10002,400,0,0,130,20.948,58,3,138,42.935,89,2000,0.076
baseline,B1,stop1,nearest-car-eta,10006,400,0,0,160,18.878,53,4,169,41.797,83,2000,0.066
baseline,B1,stop1,round-robin,10000,400,0,0,127,56.523,110,5,174,78.287,134,2000,0.043
baseline,B1,stop1,nearest-car-eta,10005,400,0,0,122,24.095,75,2,140,47.693,104,2000,0.069
baseline,B1,stop1,nearest-car-eta,10007,400,0,0,123,20.865,60,2,143,43.947,91,2000,0.075
baseline,B1,stop1,nearest-car-eta,10008,400,0,0,143,21.742,68,3,171,44.913,96,2000,0.074
baseline,B1,stop1,round-robin,10001,400,0,0,120,52.773,107,4,160,74.547,131,2000,0.047
baseline,B1,stop1,nearest-car-eta,10009,400,0,0,111,21.865,60,3,147,45.483,94,2000,0.065
baseline,B1,stop1,round-robin,10002,400,0,0,124,48.815,105,5,175,70.767,132,2000,0.042
baseline,B1,stop1,round-robin,10003,400,0,0,126,54.535,109,2,160,76.525,139,2000,0.043
baseline,B1,stop1,round-robin,10004,400,0,0,127,55.75,109,7,175,78.338,139,2000,0.051
baseline,B1,stop1,round-robin,10005,400,0,0,125,53.84,110,4,174,77.15,140,2000,0.05
baseline,B1,stop1,round-robin,10006,400,0,1,120,49.907,102,7,169,72.522,127,2000,0.043
baseline,B1,stop1,round-robin,10007,400,0,0,126,54.352,109,4,166,77.052,137,2000,0.044
baseline,B1,stop1,round-robin,10008,400,0,0,124,51.633,109,2,174,74.505,137,2000,0.044
baseline,B1,stop1,zone-based,10000,400,0,0,198,48.763,110,2,244,71.32,141,2000,0.042
baseline,B1,stop1,round-robin,10009,400,0,0,127,54.48,108,4,172,77.847,133,2000,0.037
baseline,B1,stop1,zone-based,10001,400,0,0,124,49.328,103,4,166,72.132,130,2000,0.043
baseline,B1,stop1,zone-based,10002,400,0,0,121,41.235,99,3,169,63.875,129,2000,0.044
baseline,B1,stop1,zone-based,10003,400,0,0,143,47.083,102,4,170,69.945,127,2000,0.045
baseline,B1,stop1,zone-based,10004,400,0,0,136,48.648,104,2,178,72.162,134,2000,0.051
baseline,B1,stop1,zone-based,10005,400,0,0,123,48.292,109,3,170,72.525,138,2000,0.052
baseline,B1,stop1,nearest-car-eta,10004,400,0,0,129,21.233,67,3,148,44.05,96,2000,0.073
baseline,B1,stop1,zone-based,10007,400,0,0,177,49.013,106,8,190,72.785,135,2000,0.046
baseline,B1,stop1,zone-based,10008,400,0,0,146,48.542,108,3,184,72.365,135,2000,0.049
baseline,B1,stop1,zone-based,10006,400,0,0,167,45.472,101,2,177,69.05,130,2000,0.053
baseline,B1,stop1,zone-based,10009,400,0,0,203,44.225,103,4,230,68.558,136,2000,0.043
baseline,B1,stop1,express,10000,400,0,0,117,26.933,68,3,159,48.873,99,2000,0.08
baseline,B1,stop1,express,10001,400,0,0,112,22.975,61,5,161,45.205,92,2000,0.077
baseline,B1,stop1,express,10002,400,0,0,111,23.905,63,4,125,46.12,97,2000,0.089
baseline,B1,stop1,express,10003,400,0,0,116,24.57,70,4,147,46.653,102,2000,0.081
baseline,B2,plain,eta-cost,10100,200,0,0,102,27.285,62,2,126,48.43,90,2000,0.029
baseline,B1,stop1,express,10004,400,0,0,104,26.725,66,4,143,49.67,109,2000,0.078
baseline,B1,stop1,express,10008,400,0,0,122,23.905,57,2,143,47.288,96,2000,0.081
baseline,B1,stop1,express,10009,400,0,0,117,27.433,72,3,140,51.388,98,2000,0.089
baseline,B1,stop1,express,10005,400,0,0,118,26.767,65,2,132,50.49,105,2000,0.082
baseline,B1,stop1,express,10006,400,0,0,113,25.625,64,6,138,48.593,101,2000,0.082
baseline,B2,plain,eta-cost,10101,200,0,0,93,28.47,69,3,137,48.225,97,2000,0.033
baseline,B2,plain,eta-cost,10103,200,0,0,100,30.825,68,6,143,50.4,95,2000,0.036
baseline,B2,plain,eta-cost,10104,200,0,0,97,25.785,61,1,120,46.005,93,2000,0.037
baseline,B2,plain,eta-cost,10102,200,0,0,87,25.525,60,3,112,45.925,93,2000,0.032
baseline,B1,stop1,express,10007,400,0,0,115,28.385,72,2,145,51.575,102,2000,0.092
baseline,B2,plain,eta-cost,10105,200,0,0,109,24.415,55,6,140,45.71,85,2000,0.032
baseline,B2,plain,eta-cost,10106,200,0,0,100,25.435,69,2,141,44.805,90,2000,0.034
baseline,B2,plain,eta-cost,10107,200,0,0,99,31.09,66,3,128,51.23,103,2000,0.033
baseline,B2,plain,eta-cost-fair,10102,200,0,0,77,27.145,60,3,132,47.545,89,2000,0.036
baseline,B2,plain,eta-cost-fair,10101,200,0,0,93,28.775,62,3,135,48.53,96,2000,0.034
baseline,B2,plain,eta-cost,10108,200,0,1,99,27.725,63,2,119,47.195,89,2000,0.027
baseline,B2,plain,eta-cost-fair,10103,200,0,0,110,31.235,73,2,133,50.81,97,2000,0.032
baseline,B2,plain,eta-cost-fair,10105,200,0,0,109,27.27,63,9,140,48.565,87,2000,0.033
baseline,B2,plain,eta-cost-fair,10100,200,0,0,102,27.605,69,3,126,48.75,90,2000,0.033
baseline,B2,plain,eta-cost-fair,10104,200,0,0,95,26.63,62,1,114,46.85,88,2000,0.034
baseline,B2,plain,eta-cost,10109,200,0,0,98,23.81,63,4,110,44.3,87,2000,0.031
baseline,B2,plain,eta-cost-fair,10106,200,0,0,98,24.88,61,5,141,44.25,85,2000,0.035
baseline,B2,plain,eta-cost-fair,10107,200,0,0,96,30.62,63,3,128,50.76,103,2000,0.039
baseline,B2,plain,nearest-car,10100,200,0,0,107,39.555,98,6,142,60.7,121,2000,0.027
baseline,B2,plain,nearest-car,10103,200,0,0,114,37.335,96,2,147,56.91,118,2000,0.021
baseline,B2,plain,nearest-car,10102,200,0,0,107,39.64,100,8,159,60.04,132,2000,0.027
baseline,B2,plain,eta-cost-fair,10108,200,0,0,99,34.985,79,2,154,54.455,106,2000,0.035
baseline,B2,plain,nearest-car,10105,200,0,0,115,44.465,106,5,149,65.76,127,2000,0.025
baseline,B2,plain,nearest-car,10104,200,0,0,110,39.73,96,4,140,59.95,120,2000,0.028
baseline,B2,plain,nearest-car,10107,200,0,0,115,42.045,98,1,153,62.185,128,2000,0.021
baseline,B2,plain,nearest-car,10101,200,0,0,117,44.36,99,3,146,64.115,124,2000,0.03
baseline,B2,plain,eta-cost-fair,10109,200,0,0,109,28.21,64,4,121,48.7,95,2000,0.035
baseline,B2,plain,nearest-car,10106,200,0,0,109,38.17,98,3,155,57.54,120,2000,0.023
baseline,B2,plain,nearest-car,10108,200,0,0,112,46.19,103,4,154,65.66,126,2000,0.02
baseline,B2,plain,nearest-car,10109,200,0,0,113,41.755,98,5,148,62.245,126,2000,0.029
baseline,B2,plain,nearest-car-eta,10103,200,0,0,100,33.505,73,3,133,53.08,97,2000,0.027
baseline,B2,plain,nearest-car-eta,10101,200,0,0,97,28.87,71,3,126,48.625,99,2000,0.033
baseline,B2,plain,nearest-car-eta,10100,200,0,0,101,27.77,70,2,143,48.915,97,2000,0.026
baseline,B2,plain,nearest-car-eta,10105,200,0,0,96,31.6,75,6,142,52.895,107,2000,0.021
baseline,B2,plain,nearest-car-eta,10102,200,0,0,108,23.985,61,3,150,44.385,91,2000,0.032
baseline,B2,plain,nearest-car-eta,10104,200,0,0,98,26.02,65,1,123,46.24,91,2000,0.034
baseline,B2,plain,nearest-car-eta,10106,200,0,0,100,28.285,75,4,141,47.655,106,2000,0.039
baseline,B2,plain,nearest-car-eta,10107,200,0,0,103,30.16,76,5,129,50.3,98,2000,0.026
baseline,B2,plain,nearest-car-eta,10108,200,0,0,93,29.28,75,2,128,48.75,100,2000,0.025
baseline,B2,plain,round-robin,10100,200,0,0,112,43.72,94,2,151,64.865,125,2000,0.023
baseline,B2,plain,round-robin,10101,200,0,0,111,47.145,96,8,148,66.9,122,2000,0.023
baseline,B2,plain,round-robin,10102,200,0,0,115,47.59,98,7,150,67.99,126,2000,0.025
baseline,B2,plain,nearest-car-eta,10109,200,0,0,96,26.865,65,3,110,47.355,93,2000,0.028
baseline,B2,plain,round-robin,10103,200,0,0,110,46.875,92,3,143,66.45,115,2000,0.023
baseline,B2,plain,round-robin,10106,200,0,0,114,45.52,92,8,141,64.89,116,2000,0.029
baseline,B2,plain,round-robin,10104,200,0,0,107,44.515,93,4,146,64.735,117,2000,0.027
baseline,B2,plain,round-robin,10107,200,0,0,114,50.905,97,6,155,71.045,127,2000,0.022
baseline,B2,plain,round-robin,10105,200,0,0,112,47.95,98,3,163,69.245,124,2000,0.024
baseline,B2,plain,zone-based,10100,200,0,0,106,43.87,90,8,148,65.015,115,2000,0.023
baseline,B2,plain,zone-based,10101,200,0,0,115,43.62,98,3,151,63.375,120,2000,0.031
baseline,B2,plain,round-robin,10108,200,0,0,113,53.155,102,7,152,72.625,129,2000,0.02
baseline,B2,plain,round-robin,10109,200,0,0,108,47.135,90,6,132,67.625,120,2000,0.028
baseline,B2,plain,zone-based,10102,200,0,0,109,40.365,92,7,149,60.765,114,2000,0.029
baseline,B2,plain,zone-based,10105,200,0,0,115,44.46,97,6,170,65.755,118,2000,0.025
baseline,B2,plain,zone-based,10103,200,0,0,113,44.88,93,4,157,64.455,115,2000,0.02
baseline,B2,plain,zone-based,10107,200,0,0,105,45.745,96,6,143,65.885,118,2000,0.022
baseline,B2,plain,zone-based,10108,200,0,0,103,44.82,93,3,133,64.29,117,2000,0.024
baseline,B2,plain,zone-based,10104,200,0,0,111,40.805,92,2,145,61.025,122,2000,0.03
baseline,B2,plain,zone-based,10109,200,0,0,111,38.08,96,3,151,58.57,122,2000,0.025
baseline,B2,plain,zone-based,10106,200,0,0,102,36.085,90,3,136,55.455,113,2000,0.029
baseline,B2,plain,express,10101,200,0,0,114,46.5,104,2,155,66.255,125,2000,0.031
baseline,B2,plain,express,10100,200,0,0,119,48.975,103,6,151,70.12,129,2000,0.032
baseline,B2,plain,express,10107,200,0,0,115,46.295,103,3,161,66.435,129,2000,0.032
baseline,B2,plain,express,10106,200,0,0,113,46.155,93,1,152,65.525,120,2000,0.046
baseline,B2,plain,express,10102,200,0,0,136,48.795,101,4,157,69.195,124,2000,0.04
baseline,B2,plain,express,10104,200,0,0,110,42.21,101,2,142,62.43,125,2000,0.033
baseline,B2,plain,express,10103,200,0,0,169,47.62,94,3,183,67.195,119,2000,0.031
baseline,B2,plain,express,10105,200,0,0,110,53.415,105,4,154,74.71,135,2000,0.04
baseline,B2,plain,express,10109,200,0,0,100,44.565,92,2,142,65.055,120,2000,0.039
baseline,B2,plain,express,10108,200,0,0,113,51.545,104,2,155,71.015,135,2000,0.039
baseline,B2,stop1,eta-cost,10101,200,0,0,105,32.22,81,4,143,54.355,110,2000,0.039
baseline,B2,stop1,eta-cost,10100,200,0,0,113,32.96,83,5,139,56.515,110,2000,0.034
baseline,B2,stop1,eta-cost,10105,200,0,0,112,32.545,78,4,144,56.74,110,2000,0.04
baseline,B2,stop1,eta-cost,10107,200,0,0,113,34.54,83,6,149,57.435,115,2000,0.035
baseline,B2,stop1,eta-cost,10102,200,0,0,115,35.17,82,4,132,57.94,117,2000,0.039
baseline,B2,stop1,eta-cost,10106,200,0,0,116,30.875,75,5,137,52.655,108,2000,0.033
baseline,B2,stop1,eta-cost,10103,200,0,0,117,38.1,86,4,146,60.375,120,2000,0.038
baseline,B2,stop1,eta-cost,10104,200,0,0,105,29.335,72,6,133,51.875,108,2000,0.029
baseline,B2,stop1,eta-cost,10108,200,0,0,111,44.675,92,4,151,66.975,121,2000,0.049
baseline,B2,stop1,eta-cost-fair,10100,200,0,0,104,31.915,76,7,140,55.49,109,2000,0.041
baseline,B2,stop1,eta-cost-fair,10101,200,0,0,117,33.625,74,4,155,55.83,97,2000,0.038
baseline,B2,stop1,eta-cost,10109,200,0,1,95,30.815,71,7,135,53.575,103,2000,0.047
baseline,B2,stop1,eta-cost-fair,10102,200,0,0,99,35.21,81,6,134,57.86,116,2000,0.045
baseline,B2,stop1,eta-cost-fair,10103,200,0,0,105,35.005,76,3,135,57.22,111,2000,0.038
baseline,B2,stop1,eta-cost-fair,10104,200,0,0,105,29.945,70,4,130,52.415,106,2000,0.039
baseline,B2,stop1,eta-cost-fair,10107,200,0,0,117,39.185,87,2,154,62.1,113,2000,0.041
baseline,B2,stop1,nearest-car,10100,200,0,0,126,44.015,107,5,150,67.83,140,2000,0.023
baseline,B2,stop1,eta-cost-fair,10105,200,0,0,125,34.575,74,12,162,58.55,102,2000,0.038
baseline,B2,stop1,eta-cost-fair,10106,200,0,0,99,31.85,75,4,137,53.475,106,2000,0.039
baseline,B2,stop1,nearest-car,10101,200,0,0,130,47.275,115,6,176,69.645,148,2000,0.023
baseline,B2,stop1,nearest-car,10102,200,0,0,130,40.535,104,3,184,63.53,136,2000,0.025
baseline,B2,stop1,nearest-car,10103,200,0,0,127,50.715,120,9,171,73.075,139,2000,0.022
baseline,B2,stop1,eta-cost-fair,10109,200,0,0,109,34.12,76,7,150,56.88,104,2000,0.043
baseline,B2,stop1,nearest-car,10105,200,0,0,130,44.815,116,10,175,69.03,145,2000,0.025
baseline,B2,stop1,nearest-car,10104,200,0,0,128,46.695,103,3,168,69.44,131,2000,0.029
baseline,B2,stop1,nearest-car,10108,200,0,0,125,51.335,110,3,184,73.71,136,2000,0.021
baseline,B2,stop1,nearest-car,10107,200,0,0,131,48.08,110,2,179,71.265,138,2000,0.021
baseline,B2,stop1,nearest-car,10109,200,0,0,125,46.875,106,7,179,69.89,139,2000,0.028
baseline,B2,stop1,nearest-car,10106,200,0,0,125,43.51,112,6,157,65.27,143,2000,0.027
baseline,B2,stop1,nearest-car-eta,10100,200,0,0,129,33.8,86,5,170,57.62,114,2000,0.035
baseline,B2,stop1,nearest-car-eta,10102,200,0,0,89,28.645,65,4,144,51.445,94,2000,0.036
baseline,B2,stop1,nearest-car-eta,10101,200,0,0,123,36.53,95,5,147,58.935,117,2000,0.033
baseline,B2,stop1,nearest-car-eta,10103,200,0,0,112,45.13,98,7,142,67.465,128,2000,0.035
baseline,B2,stop1,nearest-car-eta,10106,200,0,0,127,32.5,86,6,154,54.55,112,2000,0.034
baseline,B2,stop1,nearest-car-eta,10105,200,0,0,119,42.54,106,5,171,66.93,133,2000,0.036
baseline,B2,stop1,nearest-car-eta,10104,200,0,0,109,30.09,80,4,133,52.755,110,2000,0.034
baseline,B2,stop1,nearest-car-eta,10107,200,0,0,115,42.76,94,7,165,65.9,120,2000,0.031
baseline,B2,stop1,nearest-car-eta,10108,200,0,0,116,46.315,93,4,154,69.06,124,2000,0.033
baseline,B2,stop1,round-robin,10101,200,0,0,127,49.13,103,6,148,71.29,130,2000,0.025
baseline,B2,stop1,nearest-car-eta,10109,200,0,0,106,34.135,75,5,130,57.055,107,2000,0.038
baseline,B2,stop1,round-robin,10105,200,0,0,125,58.675,115,6,177,82.725,148,2000,0.024
baseline,B2,stop1,round-robin,10100,200,0,0,124,51.93,104,7,165,75.72,132,2000,0.023
baseline,B2,stop1,round-robin,10102,200,0,0,117,51.805,97,4,166,74.59,124,2000,0.029
baseline,B2,stop1,round-robin,10104,200,0,1,121,51.945,105,7,157,74.45,129,2000,0.031
baseline,B2,stop1,round-robin,10103,200,0,0,126,54.26,108,9,165,76.415,142,2000,0.02
baseline,B2,stop1,round-robin,10107,200,0,0,122,54.24,107,5,162,77.095,146,2000,0.023
baseline,B2,stop1,round-robin,10106,200,0,1,120,48.545,104,8,165,70.095,131,2000,0.028
baseline,B2,stop1,round-robin,10109,200,0,0,124,49.225,98,5,162,71.97,130,2000,0.03
baseline,B2,stop1,round-robin,10108,200,0,0,121,57.57,111,7,171,79.83,148,2000,0.023
baseline,B2,stop1,zone-based,10103,200,0,0,125,49.29,107,10,165,72.215,133,2000,0.023
baseline,B2,stop1,zone-based,10101,200,0,0,126,48.755,108,4,176,71.455,140,2000,0.022
baseline,B2,stop1,zone-based,10100,200,0,0,123,48.7,106,10,174,73.13,135,2000,0.024
baseline,B2,stop1,zone-based,10102,200,0,0,122,49,104,7,158,72.255,138,2000,0.02
baseline,B2,stop1,zone-based,10106,200,0,0,120,50.195,104,5,159,72.32,135,2000,0.029
baseline,B2,stop1,zone-based,10104,200,0,0,115,46.625,100,3,154,69.855,140,2000,0.025
baseline,B2,stop1,zone-based,10105,200,0,0,129,49.88,103,8,168,74.705,131,2000,0.025
baseline,B2,stop1,zone-based,10107,200,0,0,126,53.09,110,9,173,76.89,143,2000,0.024
baseline,B2,stop1,zone-based,10108,200,0,0,125,54.135,111,5,182,77.34,138,2000,0.023
baseline,B2,stop1,zone-based,10109,200,0,0,121,41.46,100,5,163,64.74,130,2000,0.03
baseline,B2,stop1,eta-cost-fair,10108,200,0,0,118,38.52,79,2,177,60.825,108,2000,0.046
baseline,B2,stop1,express,10103,200,0,0,147,61.59,124,4,192,85.08,154,2000,0.05
baseline,B2,stop1,express,10102,200,0,0,132,56.905,120,5,170,81.255,151,2000,0.043
baseline,B2,stop1,express,10104,200,0,0,129,52.175,114,4,173,75.8,147,2000,0.041
baseline,B2,stop1,express,10101,200,0,0,141,60.215,128,3,193,84.02,151,2000,0.049
baseline,B2,stop1,express,10100,200,0,0,242,63.985,122,6,255,89.445,162,2000,0.051
baseline,B2,stop1,express,10105,200,0,0,144,57.385,123,5,183,83.085,157,2000,0.05
baseline,B2,stop1,express,10107,200,0,1,240,58.605,127,4,251,83.45,162,2000,0.049
baseline,B2,stop1,express,10106,200,0,0,137,59.33,122,3,182,82.48,153,2000,0.044
baseline,B2,stop1,express,10109,200,0,0,133,56.82,116,3,181,81.165,154,2000,0.044
baseline,B2,stop1,express,10108,200,0,0,221,63.39,129,4,233,87.735,162,2000,0.046
baseline,B3,plain,eta-cost,10202,800,0,0,59,8.062,21,1,98,28.924,57,2000,0.16
baseline,B3,plain,eta-cost,10203,800,0,0,54,7.796,22,2,82,28.602,58,2000,0.169
baseline,B3,plain,eta-cost,10200,800,0,0,48,8.276,23,2,88,28.89,57,2000,0.172
baseline,B3,plain,eta-cost,10204,800,0,0,56,7.855,22,1,88,28.122,58,2000,0.158
baseline,B3,plain,eta-cost,10206,800,0,0,45,7.441,21,1,85,26.884,54,2000,0.171
baseline,B3,plain,eta-cost,10201,800,0,0,45,7.696,22,1,87,26.826,56,2000,0.164
baseline,B3,plain,eta-cost,10208,800,0,0,51,8.565,24,1,87,29.157,60,2000,0.173
baseline,B3,plain,eta-cost,10209,800,0,0,48,7.361,21,1,93,27.064,56,2000,0.169
baseline,B3,plain,eta-cost,10205,800,0,0,46,7.979,22,1,78,28.194,56,2000,0.175
baseline,B3,plain,eta-cost,10207,800,0,0,52,7.581,20,1,96,28.449,57,2000,0.17
baseline,B3,plain,eta-cost-fair,10200,800,0,0,49,8.5,23,1,87,29.114,59,2000,0.176
baseline,B3,plain,eta-cost-fair,10203,800,0,0,40,7.76,21,2,83,28.566,56,2000,0.175
baseline,B3,plain,eta-cost-fair,10201,800,0,0,45,7.787,20,1,87,26.918,56,2000,0.16
baseline,B3,plain,eta-cost-fair,10204,800,0,0,56,8.425,24,1,88,28.692,60,2000,0.177
baseline,B3,plain,eta-cost-fair,10205,800,0,0,39,7.925,21,1,78,28.14,55,2000,0.179
baseline,B3,plain,eta-cost-fair,10202,800,0,0,59,7.756,20,1,86,28.617,57,2000,0.18
baseline,B3,plain,eta-cost-fair,10208,800,0,0,51,8.232,23,1,87,28.825,58,2000,0.16
baseline,B3,plain,eta-cost-fair,10207,800,0,0,52,7.867,21,2,96,28.735,57,2000,0.169
baseline,B3,plain,eta-cost-fair,10206,800,0,0,44,7.896,21,1,84,27.339,54,2000,0.174
baseline,B3,plain,eta-cost-fair,10209,800,0,0,48,7.338,20,1,89,27.04,56,2000,0.164
baseline,B3,plain,nearest-car,10200,800,0,0,150,34.735,104,2,173,55.349,133,2000,0.074
baseline,B3,plain,nearest-car,10201,800,0,0,114,31.226,97,1,166,50.356,120,2000,0.081
baseline,B3,plain,nearest-car,10204,800,0,0,231,34.44,106,1,245,54.708,131,2000,0.088
baseline,B3,plain,nearest-car,10203,800,0,0,117,28.76,97,1,167,49.566,119,2000,0.085
baseline,B3,plain,nearest-car,10202,800,0,0,117,30.359,102,1,160,51.22,125,2000,0.078
baseline,B3,plain,nearest-car,10205,800,0,0,117,33.051,105,1,163,53.266,128,2000,0.084
baseline,B3,plain,nearest-car,10207,800,0,0,183,28.03,101,2,213,48.898,125,2000,0.078
baseline,B3,plain,nearest-car,10209,800,0,0,117,28.622,100,1,160,48.325,121,2000,0.088
baseline,B3,plain,nearest-car,10206,800,0,0,117,29.97,103,1,162,49.413,124,2000,0.087
baseline,B3,plain,nearest-car,10208,800,0,0,119,30.797,104,1,159,51.39,124,2000,0.084
baseline,B3,plain,nearest-car-eta,10200,800,0,0,186,10.51,35,1,208,31.124,68,2000,0.147
baseline,B3,plain,nearest-car-eta,10201,800,0,0,98,8.904,25,1,110,28.034,57,2000,0.14
baseline,B3,plain,nearest-car-eta,10203,800,0,0,103,9.405,28,1,152,30.211,62,2000,0.141
baseline,B3,plain,nearest-car-eta,10204,800,0,0,107,9.439,32,1,118,29.706,61,2000,0.135
baseline,B3,plain,nearest-car-eta,10205,800,0,0,93,9.384,28,1,137,29.599,62,2000,0.143
baseline,B3,plain,nearest-car-eta,10206,800,0,0,103,8.441,27,1,107,27.884,58,2000,0.142
baseline,B3,plain,nearest-car-eta,10209,800,0,0,102,8.979,28,1,112,28.681,61,2000,0.133
baseline,B3,plain,nearest-car-eta,10207,800,0,0,98,9.171,27,1,115,30.039,63,2000,0.145
baseline,B3,plain,round-robin,10200,800,0,0,114,46.384,96,4,165,66.998,120,2000,0.085
baseline,B3,plain,round-robin,10201,800,0,0,111,46.71,94,3,157,65.84,119,2000,0.086
baseline,B3,plain,nearest-car-eta,10202,800,0,0,90,9.262,25,1,118,30.124,61,2000,0.145
baseline,B3,plain,round-robin,10202,800,0,0,112,45.38,96,4,157,66.241,121,2000,0.087
baseline,B3,plain,round-robin,10205,800,0,0,114,45.984,96,1,152,66.199,121,2000,0.093
baseline,B3,plain,round-robin,10204,800,0,0,113,48.376,95,3,160,68.644,118,2000,0.082
baseline,B3,plain,nearest-car-eta,10208,800,0,0,103,9.762,32,1,107,30.355,64,2000,0.144
baseline,B3,plain,round-robin,10203,800,0,0,113,46.909,95,2,160,67.715,122,2000,0.1
baseline,B3,plain,round-robin,10206,800,0,0,113,44.627,94,1,159,64.07,119,2000,0.094
baseline,B3,plain,round-robin,10208,800,0,0,115,45.822,96,1,164,66.415,121,2000,0.095
baseline,B3,plain,round-robin,10207,800,0,0,115,48.186,96,1,158,69.054,124,2000,0.084
baseline,B3,plain,zone-based,10200,800,0,0,379,43.906,95,3,417,64.52,126,2000,0.088
baseline,B3,plain,zone-based,10202,800,0,0,184,40.914,94,2,232,61.775,122,2000,0.081
baseline,B3,plain,round-robin,10209,800,0,0,114,46.041,97,1,166,65.744,121,2000,0.101
baseline,B3,plain,zone-based,10201,800,0,0,127,39.642,92,2,149,58.773,115,2000,0.087
baseline,B3,plain,zone-based,10203,800,0,0,195,40.92,95,1,224,61.726,122,2000,0.096
baseline,B3,plain,zone-based,10204,800,0,0,179,40.972,95,2,194,61.24,123,2000,0.087
baseline,B3,plain,zone-based,10205,800,0,0,172,42.825,97,4,199,63.04,126,2000,0.092
baseline,B3,plain,zone-based,10206,800,0,0,125,37.639,92,1,175,57.081,118,2000,0.097
baseline,B3,plain,zone-based,10208,800,0,0,199,41.615,97,2,234,62.208,123,2000,0.091
baseline,B3,plain,zone-based,10207,800,0,0,221,40.931,92,2,222,61.799,121,2000,0.094
baseline,B3,plain,zone-based,10209,800,0,0,176,37.88,89,3,185,57.583,114,2000,0.093
baseline,B3,plain,express,10202,800,0,0,63,10.574,25,2,95,31.435,61,2000,0.166
baseline,B3,plain,express,10200,800,0,0,57,11.32,31,2,105,31.934,64,2000,0.154
baseline,B3,plain,express,10207,800,0,0,65,10.6,30,1,112,31.468,63,2000,0.152
baseline,B3,plain,express,10201,800,0,0,59,10.905,29,2,106,30.035,61,2000,0.15
baseline,B3,plain,express,10203,800,0,0,80,10.287,29,2,96,31.094,63,2000,0.152
baseline,B3,plain,express,10205,800,0,0,62,11.482,31,2,110,31.698,63,2000,0.164
baseline,B3,plain,express,10204,800,0,0,87,11.7,31,1,130,31.968,64,2000,0.146
baseline,B3,plain,express,10206,800,0,0,68,10.199,29,2,106,29.641,59,2000,0.148
baseline,B3,plain,express,10208,800,0,0,66,12.02,32,1,108,32.612,65,2000,0.157
baseline,B3,plain,express,10209,800,0,0,48,9.751,26,2,100,29.454,58,2000,0.16
baseline,B3,stop1,eta-cost,10202,800,0,0,62,9.315,24,2,94,32.565,62,2000,0.208
baseline,B3,stop1,eta-cost,10201,800,0,0,48,9.469,24,2,92,30.942,62,2000,0.211
baseline,B3,stop1,eta-cost,10200,800,0,0,50,11.009,31,3,101,34.304,69,2000,0.233
baseline,B3,stop1,eta-cost,10203,800,0,0,44,9.406,25,3,93,32.611,62,2000,0.22
baseline,B3,stop1,eta-cost,10204,800,0,0,59,10.725,31,2,101,33.612,66,2000,0.229
baseline,B3,stop1,eta-cost,10205,800,0,0,70,11.101,29,2,111,33.849,65,2000,0.232
baseline,B3,stop1,eta-cost,10207,800,0,0,58,10.184,28,2,110,33.36,66,2000,0.218
baseline,B3,stop1,eta-cost,10206,800,0,0,53,9.735,27,2,94,31.416,63,2000,0.225
baseline,B3,stop1,eta-cost,10208,800,0,0,59,10.779,29,2,105,33.807,66,2000,0.221
baseline,B3,stop1,eta-cost,10209,800,0,0,54,8.771,25,2,88,30.634,59,2000,0.214
baseline,B3,stop1,eta-cost-fair,10201,800,0,0,48,10.514,25,2,100,31.864,61,2000,0.222
baseline,B3,stop1,eta-cost-fair,10202,800,0,0,62,10.023,25,3,92,33.296,62,2000,0.232
baseline,B3,stop1,eta-cost-fair,10200,800,0,0,57,11.666,33,2,102,34.794,69,2000,0.246
baseline,B3,stop1,eta-cost-fair,10203,800,0,0,47,10.779,27,4,90,33.883,66,2000,0.225
baseline,B3,stop1,eta-cost-fair,10204,800,0,0,59,11.467,32,2,103,34.119,68,2000,0.207
baseline,B3,stop1,nearest-car,10200,800,0,0,251,37.636,116,2,281,61.301,148,2000,0.07
baseline,B3,stop1,eta-cost-fair,10206,800,0,0,50,10.328,27,3,93,31.911,65,2000,0.216
baseline,B3,stop1,eta-cost-fair,10205,800,0,0,43,10.455,27,2,91,33.015,63,2000,0.218
baseline,B3,stop1,eta-cost-fair,10208,800,0,0,63,12.066,32,2,107,34.913,68,2000,0.239
baseline,B3,stop1,eta-cost-fair,10207,800,0,0,69,11.28,31,3,110,34.4,67,2000,0.236
baseline,B3,stop1,eta-cost-fair,10209,800,0,0,50,9.262,25,2,87,31.021,60,2000,0.224
baseline,B3,stop1,nearest-car,10201,800,0,0,133,37.935,116,2,187,59.663,143,2000,0.096
baseline,B3,stop1,nearest-car,10202,800,0,0,140,37.625,116,2,184,61.234,146,2000,0.094
baseline,B3,stop1,nearest-car,10203,800,0,0,237,34.611,117,2,245,58.303,143,2000,0.101
baseline,B3,stop1,nearest-car,10205,800,0,0,139,40.229,123,2,190,63.375,150,2000,0.09
baseline,B3,stop1,nearest-car,10204,800,0,0,135,37.454,119,2,189,60.625,144,2000,0.088
baseline,B3,stop1,nearest-car,10206,800,0,0,223,32.346,110,2,247,54.472,131,2000,0.087
baseline,B3,stop1,nearest-car,10207,800,0,0,234,35.117,116,2,280,58.664,144,2000,0.072
baseline,B3,stop1,nearest-car,10209,800,0,0,134,32.476,109,2,183,54.752,132,2000,0.093
baseline,B3,stop1,nearest-car,10208,800,0,0,141,34.044,114,2,189,57.339,134,2000,0.09
baseline,B3,stop1,nearest-car-eta,10200,800,0,0,115,11.244,35,3,150,34.999,71,2000,0.183
baseline,B3,stop1,nearest-car-eta,10202,800,0,0,115,11.498,39,2,146,35.049,72,2000,0.182
baseline,B3,stop1,nearest-car-eta,10204,800,0,0,106,11.999,40,2,157,35.025,75,2000,0.178
baseline,B3,stop1,nearest-car-eta,10206,800,0,0,124,11.148,33,2,164,33.116,69,2000,0.173
baseline,B3,stop1,nearest-car-eta,10205,800,0,0,110,11.7,38,2,154,34.719,71,2000,0.187
baseline,B3,stop1,nearest-car-eta,10203,800,0,0,110,10.475,28,2,167,34.064,68,2000,0.185
baseline,B3,stop1,nearest-car-eta,10207,800,0,0,112,11.578,38,2,128,34.998,76,2000,0.184
baseline,B3,stop1,nearest-car-eta,10201,800,0,0,111,11.842,36,2,126,33.602,69,2000,0.169
baseline,B3,stop1,nearest-car-eta,10208,800,0,0,111,10.745,33,2,120,34.01,71,2000,0.183
baseline,B3,stop1,nearest-car-eta,10209,800,0,0,109,9.944,29,2,125,32.117,64,2000,0.168
baseline,B3,stop1,round-robin,10201,800,0,0,131,55.748,109,7,172,77.224,138,2000,0.099
baseline,B3,stop1,round-robin,10200,800,0,0,129,54.786,109,7,177,77.933,136,2000,0.09
baseline,B3,stop1,round-robin,10202,800,0,0,122,50.958,103,2,175,74.209,133,2000,0.097
baseline,B3,stop1,round-robin,10203,800,0,0,125,53.95,106,5,176,77.311,136,2000,0.091
baseline,B3,stop1,round-robin,10204,800,0,0,127,54.765,109,5,180,77.716,138,2000,0.081
baseline,B3,stop1,round-robin,10206,800,0,0,124,52.316,106,2,169,74.09,134,2000,0.094
baseline,B3,stop1,round-robin,10205,800,0,0,127,53.43,106,4,173,75.994,136,2000,0.089
baseline,B3,stop1,round-robin,10207,800,0,0,124,51.53,106,6,174,74.814,132,2000,0.096
baseline,B3,stop1,round-robin,10208,800,0,0,126,52.585,104,3,178,75.603,135,2000,0.093
baseline,B3,stop1,zone-based,10201,800,0,0,207,44.354,105,5,249,66.537,131,2000,0.094
baseline,B3,stop1,round-robin,10209,800,0,0,123,51.46,103,4,172,73.459,133,2000,0.101
baseline,B3,stop1,zone-based,10200,800,0,0,344,49.655,108,5,388,73.63,139,2000,0.092
baseline,B3,stop1,zone-based,10202,800,0,0,264,45.425,105,3,319,69.565,137,2000,0.094
baseline,B3,stop1,zone-based,10205,800,0,0,172,46.184,107,2,189,69.752,137,2000,0.094
baseline,B3,stop1,zone-based,10204,800,0,0,248,46.985,108,5,289,70.737,140,2000,0.09
baseline,B3,stop1,zone-based,10203,800,0,0,204,46.343,103,3,255,70.547,138,2000,0.1
baseline,B3,stop1,zone-based,10206,800,0,0,131,45.356,101,4,170,68.024,134,2000,0.095
baseline,B3,stop1,zone-based,10207,800,0,0,210,47.57,105,2,256,71.656,140,2000,0.095
baseline,B3,stop1,zone-based,10208,800,0,0,184,47.547,104,2,235,71.289,137,2000,0.094
baseline,B3,stop1,zone-based,10209,800,0,0,214,42.392,99,3,265,65.112,127,2000,0.095
baseline,B3,stop1,express,10200,800,0,0,87,15.415,41,2,120,39.081,79,2000,0.225
baseline,B3,stop1,express,10201,800,0,0,104,14.307,36,2,119,36.038,72,2000,0.217
baseline,B3,stop1,express,10202,800,0,0,70,13.084,33,2,117,36.874,72,2000,0.206
baseline,B3,stop1,express,10204,800,0,0,89,14.744,42,4,133,37.958,80,2000,0.219
baseline,B3,stop1,express,10205,800,0,0,72,14.998,38,3,114,38.017,74,2000,0.215
baseline,B3,stop1,express,10203,800,0,0,56,14.002,35,2,97,37.695,72,2000,0.206
baseline,B4,plain,eta-cost,10301,400,0,0,31,7.603,21,1,54,18.562,37,1000,0.048
baseline,B4,plain,eta-cost,10300,400,0,0,31,7.395,19,1,50,18.613,35,1000,0.048
baseline,B3,stop1,express,10207,800,0,0,71,15.238,43,2,127,38.726,78,2000,0.216
baseline,B3,stop1,express,10206,800,0,0,103,13.697,39,3,139,35.794,73,2000,0.218
baseline,B4,plain,eta-cost,10302,400,0,0,31,7.567,19,1,56,17.907,36,1000,0.053
baseline,B4,plain,eta-cost,10303,400,0,0,29,7.15,18,1,51,17.3,34,1000,0.051
baseline,B4,plain,eta-cost,10304,400,0,0,26,7.022,18,1,52,17.367,34,1000,0.051
baseline,B3,stop1,express,10208,800,0,0,74,14.443,40,2,112,37.843,75,2000,0.164
baseline,B4,plain,eta-cost,10305,400,0,0,29,7.24,19,2,53,17.573,34,1000,0.056
baseline,B4,plain,eta-cost,10307,400,0,0,34,7.822,21,2,51,18.295,36,1000,0.049
baseline,B3,stop1,express,10209,800,0,0,59,13.154,31,2,113,35.324,68,2000,0.201
baseline,B4,plain,eta-cost,10306,400,0,0,26,6.965,19,1,46,17.035,33,1000,0.052
baseline,B4,plain,eta-cost-fair,10302,400,0,0,33,6.982,18,1,56,17.323,34,1000,0.05
baseline,B4,plain,eta-cost-fair,10300,400,0,0,35,7.835,21,1,55,19.052,38,1000,0.055
baseline,B4,plain,eta-cost,10308,400,0,0,45,7.82,19,1,50,18.095,34,1000,0.052
baseline,B4,plain,eta-cost-fair,10301,400,0,0,30,6.495,19,1,46,17.455,34,1000,0.051
baseline,B4,plain,eta-cost,10309,400,0,0,41,7.298,19,1,56,17.738,35,1000,0.051
baseline,B4,plain,eta-cost-fair,10304,400,0,0,36,7.37,18,1,46,17.715,35,1000,0.05
baseline,B4,plain,eta-cost-fair,10303,400,0,0,38,7.378,18,1,51,17.527,34,1000,0.052
baseline,B4,plain,nearest-car,10300,400,0,0,56,16.988,50,1,79,28.205,65,1000,0.023
baseline,B4,plain,eta-cost-fair,10306,400,0,0,28,6.867,19,1,45,16.938,33,1000,0.058
baseline,B4,plain,eta-cost-fair,10308,400,0,0,32,7.69,19,1,49,17.965,33,1000,0.038
baseline,B4,plain,nearest-car,10302,400,0,0,57,19.843,51,1,78,30.183,63,1000,0.024
baseline,B4,plain,nearest-car,10301,400,0,0,57,16.442,52,1,83,27.402,64,1000,0.024
baseline,B4,plain,eta-cost-fair,10305,400,0,0,29,7.232,20,2,53,17.565,34,1000,0.056
baseline,B4,plain,eta-cost-fair,10307,400,0,0,37,7.628,21,1,49,18.1,36,1000,0.039
baseline,B4,plain,nearest-car,10304,400,0,0,57,17.465,49,1,76,27.81,63,1000,0.029
baseline,B4,plain,nearest-car,10307,400,0,0,57,19.28,52,1,77,29.753,65,1000,0.027
baseline,B4,plain,nearest-car,10306,400,0,0,57,17.142,51,1,82,27.212,62,1000,0.018
baseline,B4,plain,nearest-car,10303,400,0,0,57,16.905,50,1,80,27.055,59,1000,0.027
baseline,B4,plain,nearest-car,10305,400,0,0,55,16.392,48,1,78,26.725,58,1000,0.018
baseline,B4,plain,nearest-car,10308,400,0,0,66,20.795,51,1,81,31.07,66,1000,0.024
baseline,B4,plain,eta-cost-fair,10309,400,0,0,28,7.242,18,1,52,17.683,34,1000,0.061
baseline,B4,plain,nearest-car,10309,400,0,0,57,16.01,49,1,74,26.45,60,1000,0.026
baseline,B4,plain,nearest-car-eta,10303,400,0,0,50,8.387,24,1,55,18.538,38,1000,0.031
baseline,B4,plain,nearest-car-eta,10300,400,0,0,52,9.705,31,1,64,20.922,41,1000,0.052
baseline,B4,plain,nearest-car-eta,10301,400,0,0,44,7.63,22,1,52,18.59,38,1000,0.031
baseline,B4,plain,nearest-car-eta,10302,400,0,0,55,8.245,23,1,74,18.585,38,1000,0.045
baseline,B4,plain,round-robin,10300,400,0,0,57,23.747,48,3,74,34.965,61,1000,0.018
baseline,B4,plain,nearest-car-eta,10305,400,0,0,48,7.945,26,1,62,18.277,38,1000,0.05
baseline,B4,plain,nearest-car-eta,10306,400,0,0,49,7.697,19,1,55,17.767,36,1000,0.042
baseline,B4,plain,nearest-car-eta,10304,400,0,0,53,8.617,26,1,74,18.962,40,1000,0.046
baseline,B4,plain,round-robin,10302,400,0,0,57,23.025,49,2,77,33.365,63,1000,0.024
baseline,B4,plain,round-robin,10301,400,0,0,57,21.95,47,1,77,32.91,61,1000,0.019
baseline,B4,plain,nearest-car-eta,10308,400,0,0,52,9.325,31,1,68,19.6,41,1000,0.04
baseline,B4,plain,nearest-car-eta,10307,400,0,0,53,8.835,25,1,59,19.308,40,1000,0.049
baseline,B4,plain,round-robin,10303,400,0,0,57,23.913,48,2,70,34.062,62,1000,0.023
baseline,B4,plain,nearest-car-eta,10309,400,0,0,50,7.845,24,1,77,18.285,38,1000,0.04
baseline,B4,plain,round-robin,10304,400,0,0,57,24.543,49,3,75,34.888,61,1000,0.025
baseline,B4,plain,round-robin,10305,400,0,0,57,23.402,48,1,84,33.735,62,1000,0.028
baseline,B4,plain,round-robin,10307,400,0,0,57,24.543,51,2,80,35.015,63,1000,0.022
baseline,B4,plain,round-robin,10306,400,0,0,55,22.875,47,2,78,32.945,60,1000,0.026
baseline,B4,plain,round-robin,10308,400,0,0,57,23.915,49,1,78,34.19,60,1000,0.023
baseline,B4,plain,zone-based,10301,400,0,0,108,19.128,47,1,128,30.087,63,1000,0.027
baseline,B4,plain,zone-based,10300,400,0,0,83,22.545,48,2,101,33.763,63,1000,0.026
baseline,B4,plain,zone-based,10303,400,0,0,107,20.005,48,1,108,30.155,61,1000,0.028
baseline,B4,plain,zone-based,10302,400,0,0,92,22.902,49,2,115,33.242,61,1000,0.027
baseline,B4,plain,round-robin,10309,400,0,0,54,22.675,47,2,74,33.115,62,1000,0.024
baseline,B4,plain,zone-based,10305,400,0,0,54,20.49,46,1,75,30.823,59,1000,0.026
baseline,B4,plain,zone-based,10306,400,0,0,89,20.212,49,1,98,30.282,61,1000,0.025
baseline,B4,plain,zone-based,10304,400,0,0,90,23.233,50,3,101,33.578,65,1000,0.024
baseline,B4,plain,zone-based,10307,400,0,0,94,23.46,49,3,107,33.932,62,1000,0.024
baseline,B4,plain,zone-based,10309,400,0,0,55,20.65,47,2,77,31.09,62,1000,0.024
baseline,B4,plain,zone-based,10308,400,0,0,55,21.705,47,2,79,31.98,59,1000,0.024
baseline,B4,plain,express,10301,400,0,0,50,9.648,27,2,67,20.608,42,1000,0.048
baseline,B4,plain,express,10302,400,0,0,56,11.455,35,2,83,21.795,49,1000,0.046
baseline,B4,plain,express,10300,400,0,0,53,10.008,25,1,71,21.225,41,1000,0.052
baseline,B4,plain,express,10303,400,0,0,50,11.16,30,1,76,21.31,42,1000,0.044
baseline,B4,plain,express,10304,400,0,0,48,11.105,29,1,58,21.45,44,1000,0.049
baseline,B4,plain,express,10305,400,0,0,57,10.307,27,1,63,20.64,41,1000,0.047
baseline,B4,plain,express,10307,400,0,0,52,13.137,35,2,75,23.61,51,1000,0.056
baseline,B4,plain,express,10306,400,0,0,50,9.543,25,1,74,19.613,38,1000,0.046
baseline,B4,plain,express,10308,400,0,0,50,11.162,28,1,61,21.438,43,1000,0.05
baseline,B4,plain,express,10309,400,0,0,51,10.385,25,1,63,20.825,40,1000,0.047
baseline,B4,stop1,eta-cost,10301,400,0,0,38,10.738,26,2,57,24.09,46,1000,0.081
baseline,B4,stop1,eta-cost,10307,400,0,0,43,11.982,29,3,65,25.172,48,1000,0.08
baseline,B4,stop1,eta-cost,10300,400,0,0,67,12.825,29,4,81,26.878,49,1000,0.068
baseline,B4,stop1,eta-cost,10302,400,0,0,53,10.77,27,2,72,23.613,46,1000,0.082
baseline,B4,stop1,eta-cost,10303,400,0,0,59,10.215,25,2,70,23.027,43,1000,0.071
baseline,B4,stop1,eta-cost,10305,400,0,0,54,10.315,24,2,75,22.985,43,1000,0.073
baseline,B4,stop1,eta-cost,10304,400,0,0,50,12.193,31,2,69,25.035,50,1000,0.082
baseline,B4,stop1,eta-cost,10306,400,0,0,37,9.65,26,2,66,22.102,42,1000,0.072
baseline,B4,stop1,eta-cost,10308,400,0,0,60,14.07,36,2,89,26.9,55,1000,0.092
baseline,B4,stop1,eta-cost-fair,10301,400,0,0,55,11.08,27,2,58,24.223,45,1000,0.083
baseline,B4,stop1,eta-cost,10309,400,0,0,52,10.395,27,2,65,23.325,44,1000,0.074
baseline,B4,stop1,nearest-car,10300,400,0,0,81,28.415,67,3,106,42.682,86,1000,0.032
baseline,B4,stop1,eta-cost-fair,10303,400,0,0,56,10.755,25,2,67,23.395,43,1000,0.082
baseline,B4,stop1,eta-cost-fair,10305,400,0,0,43,12.79,32,3,63,25.43,49,1000,0.077
baseline,B4,stop1,eta-cost-fair,10302,400,0,0,50,11.835,27,2,69,24.578,48,1000,0.066
baseline,B4,stop1,eta-cost-fair,10300,400,0,0,45,12.627,31,2,79,26.585,51,1000,0.063
baseline,B4,stop1,eta-cost-fair,10306,400,0,0,34,10.39,25,2,62,22.73,41,1000,0.075
baseline,B4,stop1,nearest-car,10301,400,0,0,75,23.642,64,2,104,37.2,82,1000,0.027
baseline,B4,stop1,eta-cost-fair,10307,400,0,0,44,12.053,27,2,64,25.122,46,1000,0.083
baseline,B4,stop1,eta-cost-fair,10304,400,0,0,60,13.725,33,2,68,26.465,51,1000,0.078
baseline,B4,stop1,nearest-car,10303,400,0,0,78,22.983,62,2,96,35.812,76,1000,0.024
baseline,B4,stop1,nearest-car,10304,400,0,0,79,24.427,68,2,105,37.75,84,1000,0.025
baseline,B4,stop1,nearest-car,10305,400,0,0,76,23.992,65,2,102,37.017,81,1000,0.026
baseline,B4,stop1,nearest-car,10302,400,0,0,129,27.688,68,2,147,40.85,87,1000,0.026
baseline,B4,stop1,eta-cost-fair,10308,400,0,0,65,11.752,28,2,84,24.473,46,1000,0.076
baseline,B4,stop1,nearest-car,10307,400,0,0,82,27.03,70,3,113,40.59,88,1000,0.023
baseline,B4,stop1,eta-cost-fair,10309,400,0,0,50,12.015,29,2,66,24.795,48,1000,0.077
baseline,B4,stop1,nearest-car,10308,400,0,0,81,24.335,67,2,96,37.682,83,1000,0.023
baseline,B4,stop1,nearest-car,10309,400,0,0,76,23.352,63,2,115,36.667,82,1000,0.024
baseline,B4,stop1,nearest-car,10306,400,0,0,85,24.64,66,2,110,37.615,82,1000,0.028
baseline,B4,stop1,nearest-car-eta,10301,400,0,0,72,11.77,35,2,83,25.375,52,1000,0.057
baseline,B4,stop1,nearest-car-eta,10300,400,0,0,65,12.155,36,2,85,26.488,59,1000,0.06
baseline,B4,stop1,nearest-car-eta,10302,400,0,0,73,9.35,25,2,76,22.41,45,1000,0.057
baseline,B4,stop1,nearest-car-eta,10303,400,0,0,70,14.805,42,3,84,27.635,58,1000,0.066
baseline,B4,stop1,nearest-car-eta,10304,400,0,0,67,14.185,44,2,87,27.532,57,1000,0.056
baseline,B4,stop1,nearest-car-eta,10307,400,0,0,77,12.398,33,2,88,26.035,52,1000,0.063
baseline,B4,stop1,nearest-car-eta,10306,400,0,0,56,13.005,37,2,83,25.782,51,1000,0.059
baseline,B4,stop1,round-robin,10301,400,0,0,65,27.562,57,2,92,40.995,73,1000,0.028
baseline,B4,stop1,round-robin,10300,400,0,0,70,30.663,62,4,97,44.597,80,1000,0.021
baseline,B4,stop1,nearest-car-eta,10309,400,0,0,69,12.768,35,2,109,25.948,53,1000,0.054
baseline,B4,stop1,nearest-car-eta,10308,400,0,0,65,14.242,43,2,96,27.378,56,1000,0.059
baseline,B4,stop1,nearest-car-eta,10305,400,0,0,70,12.137,36,2,83,25.165,54,1000,0.066
baseline,B4,stop1,round-robin,10302,400,0,0,71,30.45,61,2,95,43.345,77,1000,0.033
baseline,B4,stop1,round-robin,10304,400,0,0,73,33.413,62,3,102,46.562,77,1000,0.02
baseline,B4,stop1,round-robin,10306,400,0,0,71,30.008,60,4,94,42.477,76,1000,0.036
baseline,B4,stop1,round-robin,10303,400,0,0,70,30.387,59,6,91,43.093,78,1000,0.025
baseline,B4,stop1,round-robin,10307,400,0,0,75,32.885,63,3,101,46.17,83,1000,0.028
baseline,B4,stop1,round-robin,10309,400,0,0,75,28.85,58,3,95,41.73,73,1000,0.026
baseline,B4,stop1,zone-based,10301,400,0,0,122,26.293,58,2,143,40.517,79,1000,0.027
baseline,B4,stop1,round-robin,10308,400,0,0,74,29.128,63,3,91,42.06,77,1000,0.019
baseline,B4,stop1,zone-based,10300,400,0,0,204,29.863,61,3,208,44.907,83,1000,0.02
baseline,B4,stop1,round-robin,10305,400,0,0,67,28.27,59,4,88,40.985,76,1000,0.03
baseline,B4,stop1,zone-based,10302,400,0,0,108,27.003,59,3,127,40.767,75,1000,0.031
baseline,B4,stop1,zone-based,10303,400,0,0,96,26.94,59,2,128,40.383,76,1000,0.03
baseline,B4,stop1,zone-based,10305,400,0,0,72,24.672,55,3,89,38.047,73,1000,0.035
baseline,B4,stop1,zone-based,10309,400,0,0,91,26.145,58,3,97,39.865,77,1000,0.026
baseline,B4,stop1,zone-based,10308,400,0,0,122,28.582,61,3,124,42.242,76,1000,0.028
baseline,B4,stop1,zone-based,10307,400,0,0,112,29.425,61,2,131,43.722,79,1000,0.019
baseline,B4,stop1,zone-based,10306,400,0,0,115,25.253,58,2,132,38.498,73,1000,0.032
baseline,B4,stop1,zone-based,10304,400,0,0,235,28.698,62,2,254,42.545,82,1000,0.02
baseline,B4,stop1,express,10300,400,0,0,65,16.825,43,2,98,31.11,66,1000,0.067
baseline,B4,stop1,express,10301,400,0,0,54,15.785,42,3,77,29.325,57,1000,0.072
baseline,B4,stop1,express,10305,400,0,0,60,13.51,35,3,84,26.562,55,1000,0.078
baseline,B4,stop1,express,10306,400,0,0,59,13.795,34,2,85,26.465,53,1000,0.071
baseline,B4,stop1,express,10304,400,0,0,62,15.307,39,2,80,28.552,58,1000,0.078
baseline,B4,stop1,express,10303,400,0,0,57,15.898,41,3,84,28.832,57,1000,0.062
baseline,B4,stop1,express,10302,400,0,0,63,15.242,41,2,88,28.365,56,1000,0.074
baseline,B4,stop1,express,10309,400,0,0,64,14.97,39,2,80,28.235,57,1000,0.061
baseline,B4,stop1,express,10308,400,0,0,61,15.55,42,2,85,28.512,58,1000,0.068
baseline,B4,stop1,express,10307,400,0,0,83,18.855,45,2,91,32.29,63,1000,0.09
baseline,B5,plain,eta-cost,10400,400,0,0,109,25.34,63,6,198,60.005,119,3333,0.099
baseline,B5,plain,eta-cost,10404,400,0,0,101,23.97,61,4,160,56.178,116,3333,0.107
baseline,B5,plain,eta-cost,10406,400,0,0,107,26.622,63,4,161,63.305,124,3333,0.109
baseline,B5,plain,eta-cost,10403,400,0,0,103,25.823,66,4,161,59.615,114,3333,0.098
baseline,B5,plain,eta-cost,10402,400,0,0,113,23.96,62,2,173,55.263,116,3333,0.093
baseline,B5,plain,eta-cost,10405,400,0,0,107,25.052,68,3,194,60.83,115,3333,0.103
baseline,B5,plain,eta-cost,10401,400,0,0,101,24.168,60,2,166,58.61,113,3333,0.106
baseline,B5,plain,eta-cost,10407,400,0,0,95,22.523,56,3,179,56.16,111,3333,0.102
baseline,B5,plain,eta-cost,10408,400,0,0,161,26.815,70,3,190,60.685,113,3333,0.108
baseline,B5,plain,eta-cost,10409,400,0,0,121,23.725,58,2,182,56.1,112,3333,0.101
baseline,B5,plain,eta-cost-fair,10402,400,0,0,123,26.052,70,2,171,57.355,113,3333,0.098
baseline,B5,plain,eta-cost-fair,10401,400,0,0,123,25.94,61,6,166,60.383,117,3333,0.1
baseline,B5,plain,eta-cost-fair,10405,400,0,0,92,24.773,56,7,159,60.55,108,3333,0.113
baseline,B5,plain,eta-cost-fair,10400,400,0,0,99,26.442,64,4,188,61.108,118,3333,0.101
baseline,B5,plain,eta-cost-fair,10407,400,0,0,95,22.367,56,3,179,56.005,111,3333,0.099
baseline,B5,plain,eta-cost-fair,10404,400,0,0,101,24.38,61,4,160,56.587,118,3333,0.103
baseline,B5,plain,eta-cost-fair,10408,400,0,0,161,27.212,68,5,190,61.083,117,3333,0.108
baseline,B5,plain,eta-cost-fair,10409,400,0,0,97,24.358,58,3,182,56.733,114,3333,0.091
baseline,B5,plain,eta-cost-fair,10406,400,0,0,107,27.762,64,4,161,64.445,124,3333,0.106
baseline,B5,plain,nearest-car,10402,400,0,0,191,67.903,174,2,262,99.205,214,3333,0.082
baseline,B5,plain,nearest-car,10400,400,0,0,194,65.812,170,7,277,100.478,221,3333,0.059
baseline,B5,plain,nearest-car,10401,400,0,0,192,58.97,164,1,263,93.412,201,3333,0.086
baseline,B5,plain,nearest-car,10404,400,0,0,252,60.657,174,1,270,92.865,213,3333,0.076
baseline,B5,plain,nearest-car,10403,400,0,0,189,63.675,173,2,270,97.468,215,3333,0.076
baseline,B5,plain,nearest-car,10406,400,0,0,258,70.362,177,2,272,107.045,220,3333,0.083
baseline,B5,plain,nearest-car,10405,400,0,0,193,67.763,176,3,288,103.54,228,3333,0.077
baseline,B5,plain,nearest-car,10408,400,0,0,191,62.627,175,1,267,96.498,210,3333,0.058
baseline,B5,plain,nearest-car,10407,400,0,0,191,65.245,169,2,270,98.882,210,3333,0.083
baseline,B5,plain,eta-cost-fair,10403,400,0,0,95,25.387,63,5,166,59.18,109,3333,0.104
baseline,B5,plain,nearest-car,10409,400,0,0,196,60.992,167,1,253,93.368,208,3333,0.082
baseline,B5,plain,nearest-car-eta,10402,400,0,0,178,29.948,98,4,233,61.25,141,3333,0.089
baseline,B5,plain,nearest-car-eta,10401,400,0,0,174,29.48,77,3,250,63.922,128,3333,0.093
baseline,B5,plain,nearest-car-eta,10400,400,0,0,173,31.27,82,6,185,65.935,129,3333,0.089
baseline,B5,plain,nearest-car-eta,10403,400,0,0,178,32.472,105,5,234,66.265,153,3333,0.095
baseline,B5,plain,nearest-car-eta,10404,400,0,0,185,27.762,79,3,197,59.97,126,3333,0.094
baseline,B5,plain,nearest-car-eta,10405,400,0,0,181,31.977,89,3,245,67.755,134,3333,0.092
baseline,B5,plain,nearest-car-eta,10406,400,0,0,157,33.09,93,4,192,69.772,140,3333,0.096
baseline,B5,plain,nearest-car-eta,10407,400,0,0,170,25.53,75,5,258,59.167,119,3333,0.093
baseline,B5,plain,nearest-car-eta,10408,400,0,0,170,29.76,93,2,217,63.63,133,3333,0.098
baseline,B5,plain,round-robin,10400,400,0,0,188,82.787,163,5,261,117.453,214,3333,0.087
baseline,B5,plain,round-robin,10401,400,0,0,195,82.868,159,13,254,117.31,210,3333,0.076
baseline,B5,plain,nearest-car-eta,10409,400,0,0,180,30.602,88,3,206,62.977,135,3333,0.092
baseline,B5,plain,round-robin,10404,400,0,0,188,78.373,160,6,252,110.58,201,3333,0.071
baseline,B5,plain,round-robin,10403,400,0,0,194,77.683,165,9,260,111.475,201,3333,0.081
baseline,B5,plain,round-robin,10402,400,0,0,194,81.65,162,7,260,112.953,200,3333,0.077
baseline,B5,plain,round-robin,10406,400,0,0,185,81.412,160,4,256,118.095,206,3333,0.076
baseline,B5,plain,round-robin,10405,400,0,0,190,80.375,166,14,263,116.153,202,3333,0.082
baseline,B5,plain,round-robin,10407,400,0,1,187,71.198,155,4,263,104.835,194,3333,0.084
baseline,B5,plain,round-robin,10408,400,0,0,194,74.177,155,5,262,108.047,192,3333,0.079
baseline,B5,plain,zone-based,10400,400,0,0,187,68.745,156,7,256,103.41,212,3333,0.081
baseline,B5,plain,zone-based,10402,400,0,0,236,69.047,152,5,264,100.35,197,3333,0.072
baseline,B5,plain,round-robin,10409,400,0,0,183,75.537,159,6,267,107.912,201,3333,0.077
baseline,B5,plain,zone-based,10403,400,0,0,186,71.345,155,6,239,105.138,189,3333,0.077
baseline,B5,plain,zone-based,10404,400,0,0,187,61.88,156,3,251,94.088,193,3333,0.074
baseline,B5,plain,zone-based,10405,400,0,0,301,69.235,156,7,343,105.013,197,3333,0.082
baseline,B5,plain,zone-based,10401,400,0,0,335,71.957,160,6,369,106.4,208,3333,0.083
baseline,B5,plain,zone-based,10406,400,0,0,347,72.862,155,6,412,109.545,209,3333,0.079
baseline,B5,plain,zone-based,10407,400,0,0,187,69.213,157,2,267,102.85,206,3333,0.081
baseline,B5,plain,zone-based,10409,400,0,0,266,72.94,158,2,290,105.315,200,3333,0.084
baseline,B5,plain,zone-based,10408,400,0,0,311,71.63,161,4,384,105.5,203,3333,0.089
baseline,B5,plain,express,10405,400,0,0,156,38.312,99,3,195,74.09,153,3333,0.101
baseline,B5,plain,express,10401,400,0,0,197,36.685,85,3,201,71.127,141,3333,0.097
baseline,B5,plain,express,10404,400,0,0,129,31.297,76,4,180,63.505,128,3333,0.096
baseline,B5,plain,express,10403,400,0,0,135,32.288,82,4,186,66.08,134,3333,0.098
baseline,B5,plain,express,10402,400,0,0,160,35.987,89,2,184,67.29,131,3333,0.1
baseline,B5,plain,express,10406,400,0,0,179,40.017,102,2,209,76.7,155,3333,0.102
baseline,B5,plain,express,10408,400,0,0,159,34.178,90,3,192,68.047,142,3333,0.096
baseline,B5,plain,express,10409,400,0,0,174,31.867,74,3,208,64.243,135,3333,0.101
baseline,B5,plain,express,10407,400,0,0,174,31.508,81,4,202,65.145,134,3333,0.102
baseline,B5,plain,express,10400,400,0,0,123,32.428,82,7,188,67.093,133,3333,0.1
baseline,B5,stop1,eta-cost,10401,400,0,0,206,27.15,69,4,228,63.992,128,3333,0.132
baseline,B5,stop1,eta-cost,10402,400,0,0,115,26.137,69,5,171,59.98,119,3333,0.115
baseline,B5,stop1,eta-cost,10400,400,0,0,108,28.087,66,6,190,65.225,123,3333,0.126
baseline,B5,stop1,eta-cost,10404,400,0,0,153,29.953,69,5,198,64.562,123,3333,0.117
baseline,B5,stop1,eta-cost,10403,400,0,0,161,30.07,77,5,195,66.525,126,3333,0.123
baseline,B5,stop1,eta-cost,10406,400,0,0,136,31.36,83,6,193,70.743,141,3333,0.12
baseline,B5,stop1,eta-cost,10405,400,0,0,112,27.075,66,5,182,65.605,138,3333,0.119
baseline,B5,stop1,eta-cost,10407,400,0,0,190,27.503,66,4,192,63.422,121,3333,0.126
baseline,B5,stop1,eta-cost,10408,400,0,0,142,29.468,78,2,184,65.892,136,3333,0.109
baseline,B5,stop1,eta-cost-fair,10402,400,0,0,172,28.052,68,5,194,61.76,122,3333,0.121
baseline,B5,stop1,eta-cost,10409,400,0,0,107,29.983,75,4,185,64.93,128,3333,0.121
baseline,B5,stop1,eta-cost-fair,10400,400,0,0,119,28.973,69,5,153,66.145,123,3333,0.119
baseline,B5,stop1,eta-cost-fair,10401,400,0,0,128,29.198,74,7,173,66.032,132,3333,0.125
baseline,B5,stop1,eta-cost-fair,10405,400,0,0,190,32.593,71,6,205,71.037,128,3333,0.129
baseline,B5,stop1,eta-cost-fair,10407,400,0,0,104,26.415,62,4,201,62.328,119,3333,0.12
baseline,B5,stop1,eta-cost-fair,10403,400,0,0,147,31.14,72,2,218,67.41,127,3333,0.116
baseline,B5,stop1,eta-cost-fair,10406,400,0,0,110,31.27,79,5,182,70.847,134,3333,0.124
baseline,B5,stop1,eta-cost-fair,10404,400,0,0,153,30.637,77,8,195,65.123,129,3333,0.125
baseline,B5,stop1,eta-cost-fair,10408,400,0,0,132,29.637,76,3,173,65.945,132,3333,0.122
baseline,B5,stop1,nearest-car,10401,400,0,0,205,69.185,183,7,281,106.28,233,3333,0.083
baseline,B5,stop1,nearest-car,10400,400,0,0,206,76.552,182,5,304,114.118,245,3333,0.078
baseline,B5,stop1,nearest-car,10402,400,0,0,210,73.18,189,6,283,107.233,226,3333,0.073
baseline,B5,stop1,eta-cost-fair,10409,400,0,0,133,30.945,71,2,185,65.77,127,3333,0.127
baseline,B5,stop1,nearest-car,10403,400,0,0,197,64.825,180,4,283,101.285,224,3333,0.077
baseline,B5,stop1,nearest-car,10406,400,0,0,209,72.295,190,4,305,111.92,250,3333,0.084
baseline,B5,stop1,nearest-car,10405,400,0,0,210,73.728,182,8,286,112.59,233,3333,0.079
baseline,B5,stop1,nearest-car,10404,400,0,0,312,67.263,184,6,370,102.195,227,3333,0.078
baseline,B5,stop1,nearest-car,10407,400,0,0,234,66.257,186,2,280,102.453,235,3333,0.084
baseline,B5,stop1,nearest-car,10408,400,0,0,218,72.335,195,5,306,108.972,236,3333,0.085
baseline,B5,stop1,nearest-car,10409,400,0,0,204,74.25,184,2,277,109.285,228,3333,0.076
baseline,B5,stop1,nearest-car-eta,10400,400,0,0,163,28.293,85,5,201,65.72,141,3333,0.096
baseline,B5,stop1,nearest-car-eta,10402,400,0,0,173,32.58,103,4,259,66.52,140,3333,0.1
baseline,B5,stop1,nearest-car-eta,10401,400,0,0,191,32.155,99,2,228,69.323,138,3333,0.106
baseline,B5,stop1,nearest-car-eta,10403,400,0,0,199,36.605,113,4,261,73.093,158,3333,0.108
baseline,B5,stop1,nearest-car-eta,10404,400,0,0,198,35.693,111,2,242,70.448,160,3333,0.105
baseline,B5,stop1,nearest-car-eta,10406,400,0,0,187,34.398,105,5,297,74.047,149,3333,0.118
baseline,B5,stop1,nearest-car-eta,10405,400,0,0,169,33.693,100,7,202,72.373,143,3333,0.109
baseline,B5,stop1,nearest-car-eta,10407,400,0,0,180,33.197,99,3,233,69.218,148,3333,0.107
baseline,B5,stop1,nearest-car-eta,10409,400,0,0,190,31.075,84,4,211,66.12,140,3333,0.101
baseline,B5,stop1,nearest-car-eta,10408,400,0,0,198,33.932,101,3,232,70.495,151,3333,0.107
baseline,B5,stop1,round-robin,10400,400,0,0,203,85.877,171,11,275,122.877,221,3333,0.086
baseline,B5,stop1,round-robin,10401,400,0,0,205,86.39,168,11,257,123.108,215,3333,0.079
baseline,B5,stop1,round-robin,10402,400,0,0,209,84.805,165,5,282,118.453,209,3333,0.073
baseline,B5,stop1,round-robin,10403,400,0,0,208,85.14,173,7,267,121.47,218,3333,0.075
baseline,B5,stop1,round-robin,10404,400,0,0,192,87.1,172,6,267,121.547,215,3333,0.082
baseline,B5,stop1,round-robin,10406,400,0,1,193,87.305,168,8,260,126.627,222,3333,0.084
baseline,B5,stop1,round-robin,10405,400,0,0,208,82.72,171,10,265,121.195,217,3333,0.077
baseline,B5,stop1,round-robin,10407,400,0,0,200,79.355,173,8,255,115.165,213,3333,0.084
baseline,B5,stop1,round-robin,10408,400,0,0,202,83.108,170,6,282,119.317,213,3333,0.087
baseline,B5,stop1,round-robin,10409,400,0,0,195,84.698,174,2,277,119.565,220,3333,0.078
baseline,B5,stop1,zone-based,10400,400,0,0,209,77.343,168,9,276,115.388,217,3333,0.082
baseline,B5,stop1,zone-based,10401,400,0,0,364,78.055,173,5,394,115.672,220,3333,0.084
baseline,B5,stop1,zone-based,10402,400,0,0,192,72.72,158,7,260,107.335,202,3333,0.076
baseline,B5,stop1,zone-based,10403,400,0,0,192,75.075,164,2,280,112.24,208,3333,0.078
baseline,B5,stop1,zone-based,10405,400,0,0,419,77.513,169,7,500,117.04,229,3333,0.083
baseline,B5,stop1,zone-based,10404,400,0,0,185,68.7,165,6,265,104.243,209,3333,0.081
baseline,B5,stop1,zone-based,10406,400,0,0,707,80.457,175,9,716,121.015,235,3333,0.081
baseline,B5,stop1,zone-based,10407,400,0,0,200,74.41,171,6,274,111.332,211,3333,0.084
baseline,B5,stop1,zone-based,10408,400,0,0,376,75.06,165,5,453,112.41,222,3333,0.087
baseline,B5,stop1,zone-based,10409,400,0,0,382,75.825,169,3,386,111.5,215,3333,0.087
baseline,B5,stop1,express,10401,400,0,0,176,40.593,99,4,216,77.823,154,3333,0.121
baseline,B5,stop1,express,10400,400,0,0,123,34.167,92,9,218,71.728,150,3333,0.112
baseline,B5,stop1,express,10403,400,0,0,180,36.845,100,4,224,73.715,161,3333,0.121
baseline,B5,stop1,express,10402,400,0,0,168,36.688,95,4,220,70.877,145,3333,0.112
baseline,B5,stop1,express,10404,400,0,0,182,37.63,92,8,219,72.573,152,3333,0.116
baseline,B5,stop1,express,10405,400,0,0,170,41.722,100,4,218,80.86,157,3333,0.126
baseline,B6,plain,eta-cost,10500,400,0,0,80,13.047,37,1,93,33.407,69,4000,0.086
baseline,B5,stop1,express,10406,400,0,0,188,48.155,128,5,228,87.955,180,3333,0.126
baseline,B5,stop1,express,10407,400,0,0,176,35.865,91,6,205,72.03,147,3333,0.118
baseline,B6,plain,eta-cost,10501,400,0,0,48,12.023,34,2,92,31.983,63,4000,0.101
baseline,B5,stop1,express,10408,400,0,0,150,38.078,100,2,234,74.765,153,3333,0.119
baseline,B5,stop1,express,10409,400,0,0,176,41.263,104,2,217,76.468,162,3333,0.124
baseline,B6,plain,eta-cost,10502,400,0,0,52,11.307,33,1,92,32.648,64,4000,0.098
baseline,B6,plain,eta-cost,10504,400,0,0,56,12.265,35,1,93,32.758,67,4000,0.112
baseline,B6,plain,eta-cost,10505,400,0,0,58,11.553,32,2,89,31.405,61,4000,0.098
baseline,B6,plain,eta-cost,10503,400,0,0,51,10.537,31,2,88,30.97,64,4000,0.097
baseline,B6,plain,eta-cost,10506,400,0,0,60,12.46,34,4,98,32.055,65,4000,0.096
baseline,B6,plain,eta-cost,10507,400,0,0,50,10.82,28,2,91,30.3,59,4000,0.089
baseline,B6,plain,eta-cost,10508,400,0,0,61,12.15,34,2,93,33.17,70,4000,0.094
baseline,B6,plain,eta-cost-fair,10501,400,0,0,48,11.895,33,2,92,31.855,62,4000,0.096
baseline,B6,plain,eta-cost-fair,10500,400,0,0,80,13.295,37,2,93,33.655,69,4000,0.081
baseline,B6,plain,eta-cost,10509,400,0,0,53,11.71,32,2,96,32.718,66,4000,0.1
baseline,B6,plain,eta-cost-fair,10502,400,0,0,52,11.355,33,1,92,32.695,63,4000,0.097
baseline,B6,plain,eta-cost-fair,10506,400,0,0,60,12.637,33,4,98,32.233,64,4000,0.097
baseline,B6,plain,eta-cost-fair,10505,400,0,0,58,11.575,32,2,89,31.427,61,4000,0.101
baseline,B6,plain,eta-cost-fair,10504,400,0,0,56,12.275,34,1,93,32.767,67,4000,0.106
baseline,B6,plain,eta-cost-fair,10503,400,0,0,51,10.533,32,2,88,30.965,64,4000,0.091
baseline,B6,plain,eta-cost-fair,10507,400,0,0,50,10.66,27,2,91,30.14,59,4000,0.092
baseline,B6,plain,nearest-car,10500,400,0,0,116,30.17,99,3,171,50.53,121,4000,0.075
baseline,B6,plain,eta-cost-fair,10508,400,0,0,47,12.137,34,2,93,33.157,70,4000,0.09
baseline,B6,plain,nearest-car,10501,400,0,0,112,26.9,90,2,158,46.86,111,4000,0.076
baseline,B6,plain,nearest-car,10503,400,0,0,110,22.102,83,1,148,42.535,108,4000,0.078
baseline,B6,plain,eta-cost-fair,10509,400,0,0,55,12.095,36,2,97,33.102,68,4000,0.098
baseline,B6,plain,nearest-car,10505,400,0,0,203,24.207,90,1,234,44.06,107,4000,0.083
baseline,B6,plain,nearest-car,10502,400,0,0,110,25.985,97,1,154,47.325,125,4000,0.077
baseline,B6,plain,nearest-car,10506,400,0,0,114,22.418,85,2,150,42.013,108,4000,0.081
baseline,B6,plain,nearest-car,10504,400,0,0,134,23.945,88,1,147,44.438,110,4000,0.084
baseline,B6,plain,nearest-car,10507,400,0,0,134,25.657,100,2,163,45.138,114,4000,0.08
baseline,B6,plain,nearest-car,10508,400,0,0,107,29.753,91,3,151,50.773,120,4000,0.077
baseline,B6,plain,nearest-car-eta,10501,400,0,0,95,13.762,42,2,104,33.722,69,4000,0.086
baseline,B6,plain,nearest-car,10509,400,0,0,109,22.753,86,2,140,43.76,105,4000,0.089
baseline,B6,plain,nearest-car-eta,10500,400,0,0,96,14.543,43,2,134,34.903,76,4000,0.085
baseline,B6,plain,nearest-car-eta,10503,400,0,0,91,10.375,33,1,114,30.808,64,4000,0.068
baseline,B6,plain,nearest-car-eta,10502,400,0,0,100,12.873,40,1,104,34.212,71,4000,0.096
baseline,B6,plain,nearest-car-eta,10504,400,0,0,101,12.613,39,1,115,33.105,70,4000,0.103
baseline,B6,plain,nearest-car-eta,10507,400,0,0,103,12.627,36,2,133,32.108,65,4000,0.092
baseline,B6,plain,nearest-car-eta,10506,400,0,0,115,13.762,42,3,118,33.358,71,4000,0.091
baseline,B6,plain,nearest-car-eta,10505,400,0,0,100,12.74,41,2,106,32.593,67,4000,0.088
baseline,B6,plain,nearest-car-eta,10508,400,0,0,82,12.623,37,2,94,33.642,72,4000,0.083
baseline,B6,plain,round-robin,10500,400,0,0,108,40.153,89,3,150,60.513,114,4000,0.076
baseline,B6,plain,round-robin,10501,400,0,0,102,33.523,77,5,135,53.483,103,4000,0.081
baseline,B6,plain,round-robin,10502,400,0,0,111,32.625,88,2,157,53.965,114,4000,0.087
baseline,B6,plain,nearest-car-eta,10509,400,0,0,87,12.375,34,2,105,33.383,70,4000,0.077
baseline,B6,plain,round-robin,10503,400,0,0,100,32.735,80,1,128,53.167,103,4000,0.082
baseline,B6,plain,round-robin,10504,400,0,0,99,31.335,74,6,147,51.828,98,4000,0.088
baseline,B6,plain,round-robin,10507,400,0,0,104,33.54,78,2,147,53.02,99,4000,0.081
baseline,B6,plain,round-robin,10505,400,0,0,93,30.595,68,6,120,50.447,93,4000,0.08
baseline,B6,plain,round-robin,10508,400,0,0,113,35.583,84,2,144,56.602,107,4000,0.081
baseline,B6,plain,round-robin,10506,400,0,0,108,33.608,76,4,151,53.203,101,4000,0.085
baseline,B6,plain,zone-based,10500,400,0,0,168,31.14,86,1,211,51.5,116,4000,0.078
baseline,B6,plain,round-robin,10509,400,0,0,109,32.458,84,3,146,53.465,109,4000,0.09
baseline,B6,plain,zone-based,10502,400,0,0,239,33.108,99,1,248,54.447,123,4000,0.079
baseline,B6,plain,zone-based,10501,400,0,0,165,29.68,82,2,203,49.64,110,4000,0.077
baseline,B6,plain,zone-based,10503,400,0,0,138,27.73,81,1,148,48.163,110,4000,0.081
baseline,B6,plain,zone-based,10505,400,0,0,165,26.922,82,2,166,46.775,107,4000,0.085
baseline,B6,plain,zone-based,10507,400,0,0,145,28.225,82,1,177,47.705,102,4000,0.081
baseline,B6,plain,zone-based,10504,400,0,0,112,24.953,78,3,139,45.445,107,4000,0.09
baseline,B6,plain,zone-based,10506,400,0,0,214,26.615,81,3,259,46.21,104,4000,0.084
baseline,B6,plain,express,10500,400,0,0,102,19.545,56,3,118,39.905,85,4000,0.086
baseline,B6,plain,zone-based,10508,400,0,0,209,31.892,87,1,227,52.913,118,4000,0.081
baseline,B6,plain,zone-based,10509,400,0,0,163,31.255,91,2,188,52.263,121,4000,0.084
baseline,B6,plain,express,10501,400,0,0,83,16.238,46,2,112,36.197,71,4000,0.094
baseline,B6,plain,express,10502,400,0,0,102,16.812,50,2,140,38.153,84,4000,0.092
baseline,B6,plain,express,10503,400,0,0,100,15.227,40,1,114,35.66,72,4000,0.089
baseline,B6,plain,express,10507,400,0,0,85,15.615,41,2,99,35.095,68,4000,0.092
baseline,B6,plain,express,10504,400,0,0,99,16.51,48,2,115,37.002,76,4000,0.082
baseline,B6,plain,express,10505,400,0,0,96,15.775,44,3,113,35.627,71,4000,0.097
baseline,B6,plain,express,10508,400,0,0,77,16.62,47,1,132,37.64,80,4000,0.095
baseline,B6,plain,express,10506,400,0,0,102,15.78,42,2,115,35.375,73,4000,0.098
baseline,B6,plain,express,10509,400,0,0,108,15.668,44,3,116,36.675,76,4000,0.105
baseline,B6,stop1,eta-cost,10500,400,0,0,72,13.332,36,4,105,35.358,69,4000,0.102
baseline,B6,stop1,eta-cost,10501,400,0,0,60,12.615,35,3,107,34.11,67,4000,0.102
baseline,B6,stop1,eta-cost,10502,400,0,0,75,12.57,34,2,107,35.438,69,4000,0.117
baseline,B6,stop1,eta-cost,10503,400,0,0,63,11.457,33,2,112,33.422,70,4000,0.106
baseline,B6,stop1,eta-cost,10505,400,0,0,52,11.89,33,4,92,33.26,66,4000,0.101
baseline,B6,stop1,eta-cost,10506,400,0,0,63,12.45,35,3,108,33.523,69,4000,0.108
baseline,B6,stop1,eta-cost,10504,400,0,0,59,12.012,34,3,97,33.955,71,4000,0.094
baseline,B6,stop1,eta-cost,10507,400,0,0,87,12.655,32,3,108,33.678,68,4000,0.1
baseline,B6,stop1,eta-cost,10508,400,0,0,73,13.912,36,2,98,36.445,71,4000,0.098
baseline,B6,stop1,eta-cost-fair,10500,400,0,0,72,13.385,33,3,102,35.335,69,4000,0.101
baseline,B6,stop1,eta-cost,10509,400,0,0,57,12.713,34,2,101,35.218,75,4000,0.114
baseline,B6,stop1,eta-cost-fair,10501,400,0,0,60,13.02,36,3,107,34.508,67,4000,0.107
baseline,B6,stop1,eta-cost-fair,10502,400,0,0,67,13.39,37,2,107,36.347,70,4000,0.1
baseline,B6,stop1,eta-cost-fair,10503,400,0,0,50,11.568,33,4,96,33.508,68,4000,0.097
baseline,B6,stop1,eta-cost-fair,10504,400,0,0,59,12.295,33,3,99,34.248,68,4000,0.107
baseline,B6,stop1,eta-cost-fair,10507,400,0,0,87,12.898,32,3,108,33.913,68,4000,0.103
baseline,B6,stop1,nearest-car,10500,400,0,0,126,32.175,104,2,166,54.515,128,4000,0.072
baseline,B6,stop1,nearest-car,10501,400,0,0,122,28.023,93,3,146,49.665,120,4000,0.063
baseline,B6,stop1,eta-cost-fair,10506,400,0,0,64,12.8,34,5,105,33.822,66,4000,0.113
baseline,B6,stop1,eta-cost-fair,10505,400,0,0,56,12.492,33,3,92,33.785,66,4000,0.104
baseline,B6,stop1,eta-cost-fair,10509,400,0,0,67,13.943,41,2,103,36.443,77,4000,0.114
baseline,B6,stop1,eta-cost-fair,10508,400,0,0,73,13.822,36,2,98,36.337,71,4000,0.108
baseline,B6,stop1,nearest-car,10502,400,0,0,119,29.523,103,2,165,52.55,129,4000,0.073
baseline,B6,stop1,nearest-car,10503,400,0,0,115,26.282,92,2,149,48.352,119,4000,0.083
baseline,B6,stop1,nearest-car,10504,400,0,0,120,24.288,97,3,137,46.462,113,4000,0.084
baseline,B6,stop1,nearest-car,10506,400,0,0,121,24.53,92,3,179,45.775,109,4000,0.08
baseline,B6,stop1,nearest-car,10505,400,0,0,228,28.56,106,2,247,50.115,127,4000,0.083
baseline,B6,stop1,nearest-car,10508,400,0,0,175,30.747,100,2,181,53.633,128,4000,0.08
baseline,B6,stop1,nearest-car,10507,400,0,0,181,28.975,95,3,200,50.197,114,4000,0.079
baseline,B6,stop1,nearest-car-eta,10500,400,0,0,103,16.323,47,4,146,38.432,79,4000,0.098
baseline,B6,stop1,nearest-car,10509,400,0,0,136,31.587,101,3,163,54.175,130,4000,0.087
baseline,B6,stop1,nearest-car-eta,10502,400,0,0,115,14.043,42,2,119,37.04,78,4000,0.095
baseline,B6,stop1,nearest-car-eta,10501,400,0,0,106,14.81,46,4,110,36.385,72,4000,0.093
baseline,B6,stop1,nearest-car-eta,10503,400,0,0,87,12.945,38,3,99,35.06,72,4000,0.092
baseline,B6,stop1,nearest-car-eta,10505,400,0,0,106,14.59,46,4,116,35.97,75,4000,0.107
baseline,B6,stop1,nearest-car-eta,10504,400,0,0,111,13.887,41,3,127,35.943,75,4000,0.103
baseline,B6,stop1,nearest-car-eta,10506,400,0,0,99,14.518,43,3,131,35.73,78,4000,0.105
baseline,B6,stop1,nearest-car-eta,10507,400,0,0,108,12.828,35,3,141,33.905,69,4000,0.101
baseline,B6,stop1,round-robin,10500,400,0,0,115,42.847,97,6,161,64.757,124,4000,0.074
baseline,B6,stop1,round-robin,10501,400,0,0,107,36.97,79,6,147,58.36,106,4000,0.077
baseline,B6,stop1,nearest-car-eta,10508,400,0,0,91,13.562,40,3,98,36.263,75,4000,0.089
baseline,B6,stop1,round-robin,10503,400,0,0,110,35.322,88,3,143,57.18,112,4000,0.082
baseline,B6,stop1,round-robin,10502,400,0,0,114,36.303,94,3,161,59.105,124,4000,0.088
baseline,B6,stop1,nearest-car-eta,10509,400,0,0,186,14.572,36,3,215,37.167,78,4000,0.102
baseline,B6,stop1,round-robin,10506,400,0,0,112,34.877,82,5,152,55.87,110,4000,0.082
baseline,B6,stop1,round-robin,10504,400,0,0,108,34.09,81,3,160,55.972,105,4000,0.089
baseline,B6,stop1,round-robin,10508,400,0,0,117,38.083,91,4,144,60.557,117,4000,0.079
baseline,B6,stop1,round-robin,10507,400,0,0,113,37.078,84,5,151,57.983,112,4000,0.078
baseline,B6,stop1,round-robin,10505,400,0,0,99,32.99,73,7,126,54.255,100,4000,0.086
baseline,B6,stop1,round-robin,10509,400,0,0,110,35.678,89,4,147,58.053,115,4000,0.09
baseline,B6,stop1,zone-based,10500,400,0,0,183,37.12,100,2,223,59.435,130,4000,0.08
baseline,B6,stop1,zone-based,10502,400,0,0,270,33.165,98,2,280,56.465,129,4000,0.083
baseline,B6,stop1,zone-based,10501,400,0,0,111,31.375,87,3,158,53.205,116,4000,0.079
baseline,B6,stop1,zone-based,10503,400,0,0,146,28.442,85,4,153,50.648,113,4000,0.083
baseline,B6,stop1,zone-based,10504,400,0,0,173,28.297,85,2,189,50.532,113,4000,0.087
baseline,B6,stop1,zone-based,10507,400,0,0,391,31.905,83,2,421,53.333,111,4000,0.083
baseline,B6,stop1,zone-based,10508,400,0,0,204,34.062,93,2,220,57.068,125,4000,0.084
baseline,B6,stop1,zone-based,10505,400,0,0,175,31.26,89,4,177,52.807,118,4000,0.086
baseline,B6,stop1,zone-based,10506,400,0,0,270,29.3,86,5,314,50.67,116,4000,0.086
baseline,B6,stop1,zone-based,10509,400,0,0,184,34.388,99,3,214,57.125,126,4000,0.087
baseline,B6,stop1,express,10500,400,0,0,108,20.062,53,2,123,42.245,87,4000,0.099
baseline,B6,stop1,express,10501,400,0,0,94,18.555,51,3,126,40.215,84,4000,0.092
baseline,B6,stop1,express,10502,400,0,0,105,19.55,54,3,143,42.56,93,4000,0.106
baseline,B6,stop1,express,10503,400,0,0,103,17.198,45,4,121,39.273,86,4000,0.101
baseline,B6,stop1,express,10507,400,0,0,87,17.587,50,3,109,38.778,83,4000,0.104
baseline,B6,stop1,express,10505,400,0,0,101,17.69,47,4,124,39.13,81,4000,0.103
baseline,B6,stop1,express,10506,400,0,0,105,18.815,49,2,126,39.96,82,4000,0.11
baseline,B6,stop1,express,10508,400,0,0,93,19.715,55,3,140,42.365,86,4000,0.1
baseline,B6,stop1,express,10504,400,0,0,101,18.633,52,3,119,40.727,83,4000,0.108
baseline,B7,plain,eta-cost,10600,400,0,0,67,17.685,41,1,113,37.263,72,1000,0.063
baseline,B6,stop1,express,10509,400,0,0,111,19.098,53,4,120,41.68,91,4000,0.111
baseline,B7,plain,eta-cost,10602,400,0,0,113,17.878,45,2,129,37.373,73,1000,0.084
baseline,B7,plain,eta-cost,10601,400,0,0,66,17.747,44,1,112,37.345,73,1000,0.084
baseline,B7,plain,eta-cost,10603,400,0,0,67,20.352,50,1,102,40.145,78,1000,0.09
baseline,B7,plain,eta-cost,10605,400,0,0,71,19.04,45,2,102,39.273,74,1000,0.09
baseline,B7,plain,eta-cost,10606,400,0,0,90,19.878,47,3,113,39.875,78,1000,0.083
baseline,B7,plain,eta-cost,10609,400,0,0,93,18.128,42,1,95,36.905,73,1000,0.081
baseline,B7,plain,eta-cost,10608,400,0,0,82,20.615,51,1,114,40.892,79,1000,0.083
baseline,B7,plain,eta-cost,10607,400,0,0,91,19.14,48,1,124,39.053,73,1000,0.085
baseline,B7,plain,eta-cost-fair,10601,400,0,0,60,17.652,44,1,112,37.25,72,1000,0.081
baseline,B7,plain,eta-cost-fair,10600,400,0,0,101,17.485,43,2,106,37.062,76,1000,0.079
baseline,B7,plain,eta-cost-fair,10602,400,0,0,107,18.933,45,3,140,38.428,74,1000,0.084
baseline,B7,plain,nearest-car,10600,400,0,0,117,48.053,111,1,169,67.63,142,1000,0.035
baseline,B7,plain,eta-cost-fair,10603,400,0,0,85,17.21,40,2,105,37.002,71,1000,0.078
baseline,B7,plain,nearest-car,10601,400,0,0,116,46.083,111,1,172,65.68,136,1000,0.033
baseline,B7,plain,nearest-car,10602,400,0,0,115,50.288,110,2,166,69.782,140,1000,0.03
baseline,B7,plain,eta-cost-fair,10604,400,0,0,99,20.895,48,2,127,40.833,76,1000,0.09
baseline,B7,plain,eta-cost-fair,10605,400,0,0,85,21.573,53,2,105,41.805,81,1000,0.091
baseline,B7,plain,eta-cost-fair,10606,400,0,0,102,22.218,52,3,113,42.215,82,1000,0.092
baseline,B7,plain,nearest-car,10603,400,0,0,115,44.805,109,2,159,64.597,132,1000,0.024
baseline,B7,plain,eta-cost-fair,10607,400,0,0,102,18.532,42,2,120,38.445,73,1000,0.085
baseline,B7,plain,nearest-car,10604,400,0,0,117,44.682,109,1,169,64.62,139,1000,0.032
baseline,B7,plain,eta-cost-fair,10609,400,0,0,57,16.747,39,1,94,35.525,69,1000,0.08
baseline,B7,plain,eta-cost-fair,10608,400,0,0,90,21.96,62,1,139,42.237,85,1000,0.095
baseline,B7,plain,nearest-car,10605,400,0,0,117,42.938,109,2,169,63.17,135,1000,0.032
baseline,B7,plain,nearest-car,10608,400,0,0,117,43.595,109,1,165,63.873,137,1000,0.026
baseline,B7,plain,nearest-car,10606,400,0,0,116,49.72,107,3,158,69.718,134,1000,0.038
baseline,B7,plain,nearest-car,10607,400,0,0,116,46.16,109,1,170,66.073,135,1000,0.038
baseline,B7,plain,eta-cost,10604,400,0,0,76,20.935,48,1,112,40.873,80,1000,0.083
baseline,B7,plain,nearest-car,10609,400,0,0,116,44.315,107,1,156,63.093,140,1000,0.029
baseline,B7,plain,nearest-car-eta,10600,400,0,0,112,21.285,58,1,128,40.862,86,1000,0.066
baseline,B7,plain,nearest-car-eta,10601,400,0,0,112,25.392,69,1,136,44.99,96,1000,0.067
baseline,B7,plain,nearest-car-eta,10602,400,0,0,113,26.983,77,1,134,46.477,102,1000,0.073
baseline,B7,plain,nearest-car-eta,10603,400,0,0,116,22.907,54,1,130,42.7,82,1000,0.052
baseline,B7,plain,round-robin,10600,400,0,0,116,50.127,104,4,159,69.705,131,1000,0.029
baseline,B7,plain,nearest-car-eta,10606,400,0,0,107,21.552,57,1,131,41.55,93,1000,0.062
baseline,B7,plain,nearest-car-eta,10608,400,0,0,105,21.675,64,1,128,41.953,92,1000,0.068
baseline,B7,plain,nearest-car-eta,10607,400,0,0,110,23.323,65,3,144,43.235,85,1000,0.069
baseline,B7,plain,nearest-car-eta,10605,400,0,0,109,29.422,77,1,146,49.655,102,1000,0.081
baseline,B7,plain,nearest-car-eta,10609,400,0,0,113,24.242,66,3,131,43.02,90,1000,0.069
baseline,B7,plain,round-robin,10601,400,0,0,116,54.69,104,2,170,74.287,136,1000,0.031
baseline,B7,plain,round-robin,10603,400,0,0,117,54.057,104,2,155,73.85,132,1000,0.035
baseline,B7,plain,nearest-car-eta,10604,400,0,0,109,36.935,86,1,150,56.873,112,1000,0.082
baseline,B7,plain,round-robin,10602,400,0,0,115,55.352,104,1,164,74.847,134,1000,0.031
baseline,B7,plain,round-robin,10604,400,0,0,117,54.43,105,2,168,74.368,127,1000,0.031
baseline,B7,plain,round-robin,10605,400,0,0,115,52.208,102,1,170,72.44,127,1000,0.03
baseline,B7,plain,round-robin,10606,400,0,0,117,50.087,102,2,149,70.085,127,1000,0.034
baseline,B7,plain,round-robin,10607,400,0,0,115,52.575,103,4,155,72.487,131,1000,0.034
baseline,B7,plain,zone-based,10600,400,0,0,169,49.383,102,3,197,68.96,128,1000,0.033
baseline,B7,plain,zone-based,10601,400,0,0,116,48.657,105,2,167,68.255,123,1000,0.036
baseline,B7,plain,round-robin,10609,400,0,0,115,57.555,105,3,148,76.332,125,1000,0.033
baseline,B7,plain,round-robin,10608,400,0,0,116,56.263,106,4,160,76.54,135,1000,0.036
baseline,B7,plain,zone-based,10602,400,0,0,115,50.248,103,2,148,69.743,126,1000,0.032
baseline,B7,plain,zone-based,10603,400,0,0,115,50.123,99,1,156,69.915,126,1000,0.03
baseline,B7,plain,zone-based,10604,400,0,0,150,49.005,98,3,180,68.942,123,1000,0.035
baseline,B7,plain,zone-based,10607,400,0,0,113,49.297,100,2,168,69.21,126,1000,0.036
baseline,B7,plain,zone-based,10605,400,0,0,115,50.785,95,2,153,71.017,121,1000,0.029
baseline,B7,plain,zone-based,10606,400,0,0,116,46.328,99,4,154,66.325,125,1000,0.033
baseline,B7,plain,zone-based,10609,400,0,0,112,48.03,102,8,164,66.808,128,1000,0.029
baseline,B7,plain,zone-based,10608,400,0,0,115,52.498,97,3,161,72.775,127,1000,0.031
baseline,B7,plain,express,10600,400,0,0,112,23.075,57,3,117,42.653,88,1000,0.08
baseline,B7,plain,express,10602,400,0,0,105,25.152,67,4,153,44.648,95,1000,0.085
baseline,B7,plain,express,10601,400,0,0,107,26.637,73,2,150,46.235,96,1000,0.087
baseline,B7,plain,express,10604,400,0,0,115,22.747,51,2,131,42.685,83,1000,0.082
baseline,B7,plain,express,10603,400,0,0,105,25.98,70,2,136,45.773,94,1000,0.091
baseline,B7,plain,express,10605,400,0,0,110,23.345,56,2,123,43.578,84,1000,0.088
baseline,B7,plain,express,10607,400,0,0,98,21.72,54,1,118,41.633,84,1000,0.076
baseline,B7,plain,express,10606,400,0,0,104,27.52,66,2,119,47.517,95,1000,0.08
baseline,B7,plain,express,10609,400,0,0,108,25.865,74,2,147,44.642,100,1000,0.08
baseline,B7,plain,express,10608,400,0,0,110,29.062,74,1,153,49.34,101,1000,0.071
baseline,B7,stop1,eta-cost,10600,400,0,0,97,22.503,58,2,145,46.727,92,1000,0.129
baseline,B7,stop1,eta-cost,10602,400,0,0,127,24.825,56,3,184,48.758,97,1000,0.136
baseline,B7,stop1,eta-cost,10603,400,0,0,129,26.255,63,4,145,50.663,96,1000,0.148
baseline,B7,stop1,eta-cost,10601,400,0,0,142,27.565,62,3,154,51.525,96,1000,0.117
baseline,B7,stop1,eta-cost,10606,400,0,0,134,24.76,59,2,146,49,96,1000,0.129
baseline,B7,stop1,eta-cost,10609,400,0,0,133,28.723,66,5,155,51.852,110,1000,0.144
baseline,B7,stop1,eta-cost,10607,400,0,0,129,27.355,67,3,164,51.737,109,1000,0.141
baseline,B7,stop1,eta-cost,10608,400,0,0,131,28.108,65,3,177,52.483,100,1000,0.142
baseline,B7,stop1,eta-cost,10605,400,0,0,151,30.87,76,2,178,55.885,109,1000,0.154
baseline,B7,stop1,eta-cost,10604,400,0,0,158,27.345,64,3,172,52.14,95,1000,0.146
baseline,B7,stop1,eta-cost-fair,10602,400,0,0,150,29.185,64,4,165,53.163,101,1000,0.146
baseline,B7,stop1,eta-cost-fair,10600,400,0,0,134,30.105,71,3,157,53.947,108,1000,0.134
baseline,B7,stop1,nearest-car,10600,400,0,0,152,54.943,141,4,207,79.35,170,1000,0.039
baseline,B7,stop1,eta-cost-fair,10606,400,0,0,128,27.793,63,5,145,51.938,104,1000,0.132
baseline,B7,stop1,nearest-car,10601,400,0,0,155,56.455,140,2,209,81.08,176,1000,0.039
baseline,B7,stop1,eta-cost-fair,10604,400,0,0,91,29.203,62,3,137,53.922,100,1000,0.153
baseline,B7,stop1,eta-cost-fair,10608,400,0,0,84,26.66,62,5,129,50.855,94,1000,0.128
baseline,B7,stop1,eta-cost-fair,10601,400,0,0,130,25.805,62,2,150,49.69,97,1000,0.138
baseline,B7,stop1,eta-cost-fair,10609,400,0,0,109,24.062,52,4,129,47.267,88,1000,0.115
baseline,B7,stop1,nearest-car,10603,400,0,0,154,57.242,133,3,222,82.145,167,1000,0.031
baseline,B7,stop1,eta-cost-fair,10605,400,0,0,137,29.42,70,3,203,54.235,103,1000,0.157
baseline,B7,stop1,eta-cost-fair,10603,400,0,0,98,32.405,77,3,155,56.71,110,1000,0.159
baseline,B7,stop1,nearest-car,10602,400,0,0,161,58.538,141,4,203,82.765,173,1000,0.035
baseline,B7,stop1,nearest-car,10604,400,0,0,156,57.29,139,2,211,82.795,170,1000,0.036
baseline,B7,stop1,nearest-car,10605,400,0,0,148,55.523,138,2,206,80.662,170,1000,0.031
baseline,B7,stop1,nearest-car,10606,400,0,0,158,55.67,131,2,223,80.522,162,1000,0.037
baseline,B7,stop1,nearest-car,10607,400,0,0,153,59.477,136,4,200,84.34,166,1000,0.032
baseline,B7,stop1,nearest-car,10609,400,0,0,164,56.1,144,3,216,80.05,177,1000,0.031
baseline,B7,stop1,nearest-car,10608,400,0,0,151,50.825,129,2,207,75.987,168,1000,0.038
baseline,B7,stop1,eta-cost-fair,10607,400,0,0,134,24.61,57,3,153,48.992,91,1000,0.141
baseline,B7,stop1,nearest-car-eta,10602,400,0,0,141,41.203,102,4,181,65.915,134,1000,0.112
baseline,B7,stop1,nearest-car-eta,10601,400,0,0,128,41.255,105,2,172,65.823,135,1000,0.118
baseline,B7,stop1,nearest-car-eta,10600,400,0,0,143,47.123,111,3,169,71.892,133,1000,0.14
baseline,B7,stop1,round-robin,10600,400,0,0,144,66.8,126,11,197,90.948,155,1000,0.035
baseline,B7,stop1,nearest-car-eta,10606,400,0,0,131,31.593,84,3,173,56.312,117,1000,0.104
baseline,B7,stop1,nearest-car-eta,10605,400,0,0,142,36.45,103,2,197,62.165,126,1000,0.11
baseline,B7,stop1,nearest-car-eta,10607,400,0,0,130,42.428,102,3,165,67.653,137,1000,0.12
baseline,B7,stop1,nearest-car-eta,10608,400,0,0,154,34.855,99,7,205,60.208,125,1000,0.105
baseline,B7,stop1,nearest-car-eta,10603,400,0,0,138,46.102,111,3,165,71.707,140,1000,0.134
baseline,B7,stop1,round-robin,10601,400,0,0,139,64.595,123,2,192,88.593,156,1000,0.027
baseline,B7,stop1,round-robin,10602,400,0,0,147,66.972,128,5,202,90.772,162,1000,0.034
baseline,B7,stop1,round-robin,10603,400,0,0,146,63.44,128,3,203,87.963,159,1000,0.032
baseline,B7,stop1,nearest-car-eta,10609,400,0,0,140,29.407,90,4,187,52.995,121,1000,0.085
baseline,B7,stop1,round-robin,10607,400,0,0,138,64.688,123,5,189,88.85,159,1000,0.034
baseline,B7,stop1,round-robin,10605,400,0,0,138,66.677,124,10,196,91.442,153,1000,0.04
baseline,B7,stop1,round-robin,10604,400,0,0,149,66.355,130,3,207,91.198,160,1000,0.026
baseline,B7,stop1,round-robin,10606,400,0,0,137,64.097,119,4,183,88.108,151,1000,0.041
baseline,B7,stop1,nearest-car-eta,10604,400,0,0,139,55.805,121,2,200,81.692,152,1000,0.149
baseline,B7,stop1,zone-based,10601,400,0,0,164,59.075,122,5,217,84.472,156,1000,0.039
baseline,B7,stop1,zone-based,10600,400,0,0,386,59.763,120,2,400,85.683,156,1000,0.032
baseline,B7,stop1,zone-based,10603,400,0,0,138,59.453,123,3,177,85.455,153,1000,0.03
baseline,B7,stop1,round-robin,10608,400,0,0,148,68.105,126,4,200,92.407,164,1000,0.041
baseline,B7,stop1,zone-based,10602,400,0,0,137,59.04,119,3,196,84.603,160,1000,0.027
baseline,B7,stop1,zone-based,10604,400,0,0,243,64.672,127,5,285,91.065,171,1000,0.028
baseline,B7,stop1,zone-based,10605,400,0,0,143,64.593,126,7,192,91.267,160,1000,0.037
baseline,B7,stop1,zone-based,10608,400,0,0,137,59.405,121,5,189,85.608,151,1000,0.039
baseline,B7,stop1,zone-based,10606,400,0,0,141,61.398,117,4,186,87.22,151,1000,0.04
baseline,B7,stop1,zone-based,10607,400,0,0,216,59.623,120,2,263,85.757,151,1000,0.036
baseline,B7,stop1,zone-based,10609,400,0,0,137,61.097,120,4,196,85.615,160,1000,0.035
baseline,B7,stop1,round-robin,10609,400,0,0,140,64.862,128,3,186,88.07,154,1000,0.038
baseline,B7,stop1,express,10600,400,0,0,120,39.913,92,5,172,64.305,127,1000,0.151
baseline,B7,stop1,express,10601,400,0,0,124,40.267,98,2,166,64.695,127,1000,0.139
baseline,B7,stop1,express,10604,400,0,0,142,31.51,72,4,177,57.19,111,1000,0.131
baseline,B7,stop1,express,10602,400,0,0,145,39.93,98,3,185,64.218,131,1000,0.141
baseline,B7,stop1,express,10607,400,0,0,144,37.675,95,3,197,62.398,135,1000,0.165
baseline,B7,stop1,express,10608,400,0,0,122,39.275,94,3,174,63.9,122,1000,0.138
baseline,B7,stop1,express,10605,400,0,0,128,37.057,97,4,186,62.51,131,1000,0.147
baseline,B7,stop1,express,10606,400,0,0,121,39.972,96,3,177,64.43,128,1000,0.138
baseline,B7,stop1,express,10603,400,0,0,118,38.27,86,3,161,63.405,128,1000,0.172
morning-rush,B1,plain,eta-cost,20000,400,0,0,61,36.133,57,2,115,67.66,102,2000,0.068
morning-rush,B1,plain,eta-cost,20002,400,0,0,59,34.1,56,4,115,64.135,102,2000,0.096
morning-rush,B1,plain,eta-cost,20001,400,0,0,59,36.54,58,4,116,67.522,107,2000,0.089
baseline,B7,stop1,express,10609,400,0,0,128,32.023,77,3,168,55.653,115,1000,0.133
morning-rush,B1,plain,eta-cost,20005,400,0,0,59,33.572,56,4,114,64.108,103,2000,0.099
morning-rush,B1,plain,eta-cost,20004,400,0,0,59,35.065,56,12,110,63.972,99,2000,0.085
morning-rush,B1,plain,eta-cost,20007,400,0,0,59,34.84,57,6,114,62.693,99,2000,0.088
morning-rush,B1,plain,eta-cost,20006,400,0,0,59,35.538,56,3,114,64.478,99,2000,0.092
morning-rush,B1,plain,eta-cost,20003,400,0,0,64,38.462,58,3,114,69.498,106,2000,0.075
morning-rush,B1,plain,eta-cost,20008,400,0,0,66,36.165,57,2,118,64.22,101,2000,0.081
morning-rush,B1,plain,eta-cost-fair,20000,400,0,0,61,36.133,57,2,115,67.66,102,2000,0.09
morning-rush,B1,plain,eta-cost,20009,400,0,0,59,36.52,57,3,115,67.88,104,2000,0.089
morning-rush,B1,plain,eta-cost-fair,20001,400,0,0,59,36.54,58,4,116,67.522,107,2000,0.086
morning-rush,B1,plain,eta-cost-fair,20002,400,0,0,59,34.1,56,4,115,64.135,102,2000,0.085
morning-rush,B1,plain,eta-cost-fair,20003,400,0,0,64,38.462,58,3,114,69.498,106,2000,0.092
morning-rush,B1,plain,eta-cost-fair,20007,400,0,0,59,34.84,57,6,114,62.693,99,2000,0.086
morning-rush,B1,plain,eta-cost-fair,20006,400,0,0,59,35.538,56,3,114,64.478,99,2000,0.087
morning-rush,B1,plain,eta-cost-fair,20004,400,0,0,59,35.065,56,12,110,63.972,99,2000,0.09
morning-rush,B1,plain,eta-cost-fair,20008,400,0,0,66,36.165,57,2,118,64.22,101,2000,0.093
morning-rush,B1,plain,eta-cost-fair,20009,400,0,0,59,36.52,57,3,115,67.88,104,2000,0.085
morning-rush,B1,plain,eta-cost-fair,20005,400,0,0,59,33.572,56,4,114,64.108,103,2000,0.082
morning-rush,B1,plain,nearest-car,20000,400,0,0,782,392.445,704,15,835,423.973,747,2000,0.08
morning-rush,B1,plain,nearest-car,20001,400,0,0,808,353.058,640,4,812,384.04,686,2000,0.087
morning-rush,B1,plain,nearest-car,20002,400,0,0,623,315.192,536,7,680,345.228,573,2000,0.075
morning-rush,B1,plain,nearest-car,20004,400,0,0,686,196.465,592,1,719,225.373,612,2000,0.073
morning-rush,B1,plain,nearest-car,20003,400,0,0,941,371.272,811,3,962,402.308,839,2000,0.074
morning-rush,B1,plain,nearest-car,20005,400,0,0,457,196.11,386,5,499,226.645,416,2000,0.07
morning-rush,B1,plain,nearest-car,20007,400,0,0,765,268.46,663,6,807,296.312,689,2000,0.073
morning-rush,B1,plain,nearest-car,20008,400,0,0,741,223.845,639,1,790,251.9,663,2000,0.064
morning-rush,B1,plain,nearest-car,20009,400,0,0,681,297.035,600,3,739,328.395,640,2000,0.074
morning-rush,B1,plain,nearest-car,20006,400,0,0,858,327.938,694,20,896,356.877,733,2000,0.081
morning-rush,B1,plain,nearest-car-eta,20000,400,0,0,61,36.133,57,2,115,67.66,102,2000,0.078
morning-rush,B1,plain,nearest-car-eta,20001,400,0,0,59,36.083,58,4,116,67.065,107,2000,0.069
morning-rush,B1,plain,nearest-car-eta,20004,400,0,0,59,35.065,56,12,110,63.972,99,2000,0.07
morning-rush,B1,plain,nearest-car-eta,20007,400,0,0,59,34.303,57,2,114,62.155,101,2000,0.075
morning-rush,B1,plain,nearest-car-eta,20002,400,0,0,59,34.1,56,4,115,64.135,102,2000,0.074
morning-rush,B1,plain,nearest-car-eta,20006,400,0,0,59,35.22,56,3,114,64.16,100,2000,0.075
morning-rush,B1,plain,nearest-car-eta,20003,400,0,0,64,38.462,58,3,114,69.498,106,2000,0.073
morning-rush,B1,plain,nearest-car-eta,20005,400,0,0,59,33.612,56,4,114,64.147,103,2000,0.073
morning-rush,B1,plain,round-robin,20000,400,0,0,113,50.182,102,3,167,81.71,138,2000,0.051
morning-rush,B1,plain,nearest-car-eta,20009,400,0,0,59,36.773,57,3,115,68.132,104,2000,0.075
morning-rush,B1,plain,round-robin,20001,400,0,0,115,48.84,99,4,157,79.823,132,2000,0.053
morning-rush,B1,plain,nearest-car-eta,20008,400,0,0,70,36.115,57,2,118,64.17,101,2000,0.075
morning-rush,B1,plain,round-robin,20002,400,0,0,115,47.26,99,5,156,77.295,136,2000,0.057
morning-rush,B1,plain,round-robin,20003,400,0,0,117,50.922,103,3,171,81.957,141,2000,0.049
morning-rush,B1,plain,round-robin,20004,400,0,0,111,46.205,97,4,157,75.112,131,2000,0.048
morning-rush,B1,plain,round-robin,20006,400,0,0,116,47.13,100,4,168,76.07,138,2000,0.056
morning-rush,B1,plain,round-robin,20008,400,0,0,124,47.752,101,1,168,75.808,138,2000,0.063
morning-rush,B1,plain,round-robin,20007,400,0,0,114,44.235,95,2,154,72.088,129,2000,0.053
morning-rush,B1,plain,round-robin,20009,400,0,0,117,49.45,102,3,163,80.81,142,2000,0.047
morning-rush,B1,plain,round-robin,20005,400,0,0,117,46.392,99,6,161,76.927,132,2000,0.058
morning-rush,B1,plain,zone-based,20000,400,0,0,347,121.828,241,6,395,153.355,272,2000,0.051
morning-rush,B1,plain,zone-based,20001,400,0,0,316,104.445,227,5,373,135.428,258,2000,0.062
morning-rush,B1,plain,zone-based,20004,400,0,0,294,104.975,222,5,340,133.882,258,2000,0.058
morning-rush,B1,plain,zone-based,20003,400,0,1,430,172.66,332,7,478,203.695,372,2000,0.071
morning-rush,B1,plain,zone-based,20002,400,0,0,622,271.295,523,3,673,301.33,561,2000,0.074
morning-rush,B1,plain,zone-based,20008,400,0,0,844,295.31,728,5,877,323.365,750,2000,0.073
morning-rush,B1,plain,zone-based,20005,400,0,0,530,183.023,434,3,568,213.558,471,2000,0.072
morning-rush,B1,plain,zone-based,20006,400,0,0,250,106.7,222,6,292,135.64,251,2000,0.045
morning-rush,B1,plain,zone-based,20007,400,0,1,324,103.528,225,3,358,131.38,260,2000,0.061
morning-rush,B1,plain,zone-based,20009,400,0,4,566,228.235,509,31,591,259.595,544,2000,0.08
morning-rush,B1,plain,express,20001,400,0,0,237,61.318,199,3,291,92.3,247,2000,0.078
morning-rush,B1,plain,express,20002,400,0,0,189,39.102,123,1,236,69.138,170,2000,0.066
morning-rush,B1,plain,express,20003,400,0,0,360,78.463,276,3,404,109.498,331,2000,0.082
morning-rush,B1,plain,express,20004,400,0,0,153,31.992,99,3,210,60.9,149,2000,0.059
morning-rush,B1,plain,express,20006,400,0,0,155,35.528,110,3,210,64.468,157,2000,0.067
morning-rush,B1,plain,express,20005,400,0,0,198,44.727,137,4,250,75.263,185,2000,0.076
morning-rush,B1,plain,express,20000,400,0,0,402,88.257,334,4,460,119.785,386,2000,0.085
morning-rush,B1,plain,express,20007,400,0,0,188,34.7,105,2,241,62.553,151,2000,0.072
morning-rush,B1,plain,express,20008,400,0,0,185,32.413,103,1,232,60.468,148,2000,0.07
morning-rush,B1,plain,express,20009,400,0,0,248,56.977,183,3,301,88.338,235,2000,0.07
morning-rush,B1,stop1,eta-cost,20001,400,0,0,62,36.188,58,5,123,71.293,112,2000,0.111
morning-rush,B1,stop1,eta-cost,20000,400,0,0,77,37.547,59,5,131,73.165,115,2000,0.121
morning-rush,B1,stop1,eta-cost,20002,400,0,0,59,33.935,55,7,123,68.02,106,2000,0.106
morning-rush,B1,stop1,eta-cost,20004,400,0,0,59,34.602,57,2,116,67.44,106,2000,0.104
morning-rush,B1,stop1,eta-cost,20003,400,0,0,73,39.07,59,4,124,74.272,113,2000,0.119
morning-rush,B1,stop1,eta-cost,20005,400,0,0,59,32.05,56,9,121,66.64,109,2000,0.112
morning-rush,B1,stop1,eta-cost,20007,400,0,0,59,33.755,56,6,124,65.713,107,2000,0.102
morning-rush,B1,stop1,eta-cost,20006,400,0,0,59,35.36,56,7,120,68.38,106,2000,0.109
morning-rush,B1,stop1,eta-cost,20009,400,0,0,59,35.877,57,4,125,71.407,112,2000,0.109
morning-rush,B1,stop1,eta-cost,20008,400,0,0,88,38.21,63,3,133,70.267,112,2000,0.114
morning-rush,B1,stop1,eta-cost-fair,20001,400,0,0,62,35.987,57,5,123,71.08,112,2000,0.115
morning-rush,B1,stop1,eta-cost-fair,20002,400,0,0,59,33.85,55,7,123,67.95,106,2000,0.109
morning-rush,B1,stop1,eta-cost-fair,20000,400,0,0,77,37.208,59,5,131,72.823,115,2000,0.114
morning-rush,B1,stop1,eta-cost-fair,20004,400,0,0,63,33.76,56,10,117,66.653,104,2000,0.1
morning-rush,B1,stop1,eta-cost-fair,20007,400,0,0,59,33.62,56,6,124,65.573,106,2000,0.104
morning-rush,B1,stop1,eta-cost-fair,20003,400,0,0,73,38.742,59,4,124,73.957,113,2000,0.11
morning-rush,B1,stop1,eta-cost-fair,20005,400,0,0,59,31.863,56,9,121,66.44,109,2000,0.112
morning-rush,B1,stop1,eta-cost-fair,20008,400,0,0,88,36.92,62,3,134,68.907,111,2000,0.113
morning-rush,B1,stop1,eta-cost-fair,20006,400,0,0,59,33.477,56,7,120,66.385,105,2000,0.106
morning-rush,B1,stop1,eta-cost-fair,20009,400,0,0,59,35.883,57,4,125,71.41,112,2000,0.113
morning-rush,B1,stop1,nearest-car,20004,400,0,0,304,103.005,239,12,365,135.812,278,2000,0.061
morning-rush,B1,stop1,nearest-car,20000,400,0,0,638,275.127,579,12,684,310.795,607,2000,0.078
morning-rush,B1,stop1,nearest-car,20008,400,0,0,587,214.365,433,6,632,246.49,469,2000,0.068
morning-rush,B1,stop1,nearest-car,20005,400,0,0,742,299.03,644,11,801,333.652,672,2000,0.076
morning-rush,B1,stop1,nearest-car,20001,400,0,0,821,364.387,673,5,850,399.543,703,2000,0.083
morning-rush,B1,stop1,nearest-car,20007,400,0,0,771,225.762,551,4,821,257.745,592,2000,0.081
morning-rush,B1,stop1,nearest-car,20002,400,0,0,933,415.902,809,6,978,450.132,844,2000,0.086
morning-rush,B1,stop1,nearest-car,20003,400,0,0,1139,541.962,1034,4,1198,577.173,1064,2000,0.09
morning-rush,B1,stop1,nearest-car,20006,400,0,0,1163,406.132,985,5,1201,439.137,1038,2000,0.097
morning-rush,B1,stop1,nearest-car,20009,400,0,0,583,276.405,509,4,640,311.805,536,2000,0.075
morning-rush,B1,stop1,nearest-car-eta,20001,400,0,0,62,36.188,58,5,123,71.293,112,2000,0.085
morning-rush,B1,stop1,nearest-car-eta,20000,400,0,0,77,37.547,59,5,131,73.165,115,2000,0.084
morning-rush,B1,stop1,nearest-car-eta,20005,400,0,0,59,33.2,55,6,121,67.755,110,2000,0.09
morning-rush,B1,stop1,nearest-car-eta,20003,400,0,0,73,39.07,59,4,124,74.272,113,2000,0.089
morning-rush,B1,stop1,nearest-car-eta,20009,400,0,0,59,36.005,57,4,125,71.558,112,2000,0.09
morning-rush,B1,stop1,nearest-car-eta,20008,400,0,0,82,37.928,61,3,133,69.978,109,2000,0.087
morning-rush,B1,stop1,round-robin,20001,400,0,0,123,51.763,107,2,184,85.915,151,2000,0.056
morning-rush,B1,stop1,nearest-car-eta,20007,400,0,0,59,33.797,56,6,124,65.76,106,2000,0.09
morning-rush,B1,stop1,round-robin,20000,400,0,0,133,51.345,109,8,179,86.198,151,2000,0.058
morning-rush,B1,stop1,round-robin,20002,400,0,0,119,48.845,103,6,173,81.808,146,2000,0.056
morning-rush,B1,stop1,round-robin,20005,400,0,0,116,47.945,102,4,178,81.17,144,2000,0.066
morning-rush,B1,stop1,round-robin,20003,400,0,0,129,53.322,108,4,182,87.703,154,2000,0.054
morning-rush,B1,stop1,round-robin,20004,400,0,0,119,51.745,105,4,164,83.685,142,2000,0.055
morning-rush,B1,stop1,nearest-car-eta,20004,400,0,0,59,35.362,57,11,120,68.35,106,2000,0.087
morning-rush,B1,stop1,round-robin,20007,400,0,0,118,48.38,101,3,176,78.907,141,2000,0.057
morning-rush,B1,stop1,round-robin,20008,400,0,0,134,51.255,109,6,196,82.615,154,2000,0.055
morning-rush,B1,stop1,round-robin,20006,400,0,0,124,49.315,101,5,174,81.24,142,2000,0.055
morning-rush,B1,stop1,nearest-car-eta,20002,400,0,0,59,33.945,56,7,123,68.108,108,2000,0.084
morning-rush,B1,stop1,nearest-car-eta,20006,400,0,0,59,35.36,56,7,120,68.38,106,2000,0.079
morning-rush,B1,stop1,round-robin,20009,400,0,0,122,50.78,106,3,177,85.263,146,2000,0.057
morning-rush,B1,stop1,zone-based,20000,400,0,0,639,229.412,579,4,677,265.053,618,2000,0.074
morning-rush,B1,stop1,zone-based,20002,400,0,0,372,124.65,253,5,416,158.715,301,2000,0.059
morning-rush,B1,stop1,zone-based,20004,400,0,0,354,127.287,328,4,396,160.225,348,2000,0.059
morning-rush,B1,stop1,zone-based,20001,400,0,0,460,179.327,364,9,498,214.327,430,2000,0.073
morning-rush,B1,stop1,zone-based,20006,400,0,0,476,215.102,391,9,537,248.123,429,2000,0.068
morning-rush,B1,stop1,zone-based,20005,400,0,0,341,100.82,228,2,406,135.213,270,2000,0.068
morning-rush,B1,stop1,zone-based,20007,400,0,0,255,105.082,234,5,301,136.857,270,2000,0.064
morning-rush,B1,stop1,zone-based,20003,400,0,0,1043,436.257,919,11,1083,471.46,960,2000,0.096
morning-rush,B1,stop1,zone-based,20009,400,0,0,619,161.885,451,5,668,197.352,506,2000,0.071
morning-rush,B1,stop1,zone-based,20008,400,0,6,527,237.412,438,13,590,269.595,461,2000,0.066
morning-rush,B1,stop1,express,20002,400,0,0,212,43.215,144,2,269,76.448,202,2000,0.084
morning-rush,B1,stop1,express,20004,400,0,0,161,34.37,110,3,217,66.705,168,2000,0.079
morning-rush,B1,stop1,express,20005,400,0,0,247,54,166,2,289,87.767,223,2000,0.085
morning-rush,B1,stop1,express,20001,400,0,0,337,87.73,290,4,397,122.228,343,2000,0.106
morning-rush,B1,stop1,express,20003,400,0,0,489,103.233,394,4,546,137.8,448,2000,0.107
morning-rush,B2,plain,eta-cost,20100,200,0,0,67,30.835,55,6,110,62.075,102,2000,0.037
morning-rush,B1,stop1,express,20006,400,0,0,201,41.845,143,7,259,74.123,199,2000,0.08
morning-rush,B1,stop1,express,20000,400,0,0,521,112.905,450,2,578,147.85,503,2000,0.11
morning-rush,B1,stop1,express,20007,400,0,0,241,37.675,129,2,305,68.832,179,2000,0.089
morning-rush,B2,plain,eta-cost,20101,200,0,0,68,31.22,62,13,124,60.81,108,2000,0.038
morning-rush,B1,stop1,express,20008,400,0,0,220,33.945,112,3,280,65.565,165,2000,0.08
morning-rush,B2,plain,eta-cost,20103,200,0,0,86,33.805,59,4,115,61.755,100,2000,0.034
morning-rush,B2,plain,eta-cost,20102,200,0,0,65,29.605,56,6,107,60.195,95,2000,0.037
morning-rush,B2,plain,eta-cost,20104,200,0,0,84,30.725,59,9,139,61.745,102,2000,0.037
morning-rush,B2,plain,eta-cost,20105,200,0,0,109,39.02,81,14,149,70.48,112,2000,0.034
morning-rush,B2,plain,eta-cost,20107,200,0,0,101,31.97,58,8,123,61.75,102,2000,0.037
morning-rush,B2,plain,eta-cost,20108,200,0,0,67,30.67,56,5,118,60.685,100,2000,0.036
morning-rush,B1,stop1,express,20009,400,0,0,308,68,234,4,374,102.885,291,2000,0.096
morning-rush,B2,plain,eta-cost-fair,20100,200,0,0,67,30.835,55,6,110,62.075,102,2000,0.038
morning-rush,B2,plain,eta-cost,20109,200,0,0,65,30.485,59,4,116,59.145,100,2000,0.038
morning-rush,B2,plain,eta-cost-fair,20101,200,0,0,68,31.22,62,13,124,60.81,108,2000,0.04
morning-rush,B2,plain,eta-cost-fair,20103,200,0,0,86,33.805,59,4,115,61.755,100,2000,0.036
morning-rush,B2,plain,eta-cost-fair,20102,200,0,0,65,29.605,56,6,107,60.195,95,2000,0.033
morning-rush,B2,plain,eta-cost-fair,20105,200,0,0,109,39.02,81,14,149,70.48,112,2000,0.038
morning-rush,B2,plain,eta-cost-fair,20104,200,0,0,84,30.725,59,9,139,61.745,102,2000,0.037
morning-rush,B2,plain,eta-cost-fair,20106,200,0,0,78,32.99,61,3,129,62.73,107,2000,0.037
morning-rush,B2,plain,eta-cost-fair,20107,200,0,0,101,31.97,58,8,123,61.75,102,2000,0.036
morning-rush,B2,plain,eta-cost-fair,20109,200,0,0,65,30.485,59,4,116,59.145,100,2000,0.039
morning-rush,B2,plain,nearest-car,20100,200,0,0,226,69.07,171,4,285,100.31,209,2000,0.028
morning-rush,B2,plain,nearest-car,20101,200,0,0,315,77.06,204,10,348,106.65,241,2000,0.033
morning-rush,B2,plain,eta-cost-fair,20108,200,0,0,67,30.67,56,5,118,60.685,100,2000,0.035
morning-rush,B2,plain,nearest-car,20104,200,0,0,217,58.395,139,8,251,89.415,174,2000,0.031
morning-rush,B2,plain,eta-cost,20106,200,0,0,78,32.99,61,3,129,62.73,107,2000,0.039
morning-rush,B2,plain,nearest-car,20102,200,0,0,648,256.21,566,18,687,286.8,599,2000,0.047
morning-rush,B2,plain,nearest-car,20107,200,0,0,462,153.66,363,8,504,183.44,402,2000,0.034
morning-rush,B2,plain,nearest-car,20106,200,0,0,416,164.08,395,3,461,193.82,428,2000,0.034
morning-rush,B2,plain,nearest-car,20105,200,0,0,838,406.9,738,17,875,438.36,759,2000,0.045
morning-rush,B2,plain,nearest-car,20103,200,0,0,858,410.81,807,27,895,438.76,830,2000,0.046
morning-rush,B2,plain,nearest-car-eta,20104,200,0,0,84,30.725,59,9,139,61.745,102,2000,0.037
morning-rush,B2,plain,nearest-car-eta,20100,200,0,0,67,30.835,55,6,110,62.075,102,2000,0.038
morning-rush,B2,plain,nearest-car,20108,200,0,0,386,206.665,333,17,443,236.68,354,2000,0.03
morning-rush,B2,plain,nearest-car,20109,200,0,0,555,217.915,540,9,598,246.575,558,2000,0.028
morning-rush,B2,plain,nearest-car-eta,20103,200,0,0,86,33.805,59,4,115,61.755,100,2000,0.032
morning-rush,B2,plain,nearest-car-eta,20105,200,0,0,109,39.02,81,14,149,70.48,112,2000,0.032
morning-rush,B2,plain,nearest-car-eta,20101,200,0,0,68,31.22,62,13,124,60.81,108,2000,0.032
morning-rush,B2,plain,nearest-car-eta,20102,200,0,0,65,29.605,56,6,107,60.195,95,2000,0.031
morning-rush,B2,plain,nearest-car-eta,20106,200,0,0,78,32.99,61,3,129,62.73,107,2000,0.027
morning-rush,B2,plain,nearest-car-eta,20108,200,0,0,67,30.67,56,5,118,60.685,100,2000,0.034
morning-rush,B2,plain,nearest-car-eta,20107,200,0,0,101,31.97,58,8,123,61.75,102,2000,0.038
morning-rush,B2,plain,round-robin,20100,200,0,0,135,50.18,100,2,166,81.42,140,2000,0.032
morning-rush,B2,plain,nearest-car-eta,20109,200,0,0,65,30.485,59,4,116,59.145,100,2000,0.03
morning-rush,B2,plain,round-robin,20103,200,0,0,116,47.835,101,2,169,75.785,139,2000,0.028
morning-rush,B2,plain,round-robin,20104,200,0,0,125,48.15,99,6,167,79.17,141,2000,0.032
morning-rush,B2,plain,round-robin,20101,200,0,0,113,47.525,103,11,170,77.115,138,2000,0.031
morning-rush,B2,plain,round-robin,20102,200,0,0,112,45.65,96,5,152,76.24,130,2000,0.032
morning-rush,B2,plain,round-robin,20105,200,0,0,138,53.175,107,6,174,84.635,141,2000,0.031
morning-rush,B2,plain,round-robin,20108,200,0,0,113,46.515,96,5,157,76.53,136,2000,0.027
morning-rush,B2,plain,round-robin,20106,200,0,0,128,49.415,104,3,175,79.155,136,2000,0.026
morning-rush,B2,plain,round-robin,20109,200,0,0,115,49.23,101,7,158,77.89,142,2000,0.026
morning-rush,B2,plain,round-robin,20107,200,0,0,140,48.46,103,7,194,78.24,143,2000,0.03
morning-rush,B2,plain,zone-based,20100,200,0,5,230,105.005,191,15,275,136.245,229,2000,0.029
morning-rush,B2,plain,zone-based,20102,200,0,1,233,105.53,196,7,278,136.12,232,2000,0.03
morning-rush,B2,plain,zone-based,20101,200,0,1,226,104.49,206,13,280,134.08,239,2000,0.031
morning-rush,B2,plain,zone-based,20103,200,0,1,251,104.26,222,9,277,132.21,245,2000,0.035
morning-rush,B2,plain,zone-based,20105,200,0,0,290,109.295,208,13,319,140.755,247,2000,0.031
morning-rush,B2,plain,zone-based,20106,200,0,0,227,112.45,213,9,283,142.19,249,2000,0.033
morning-rush,B2,plain,zone-based,20104,200,0,1,232,96.755,202,11,290,127.775,237,2000,0.035
morning-rush,B2,plain,zone-based,20109,200,0,0,308,124.985,240,5,343,153.645,282,2000,0.033
morning-rush,B2,plain,zone-based,20107,200,0,1,217,101.13,190,21,248,130.91,223,2000,0.03
morning-rush,B2,plain,zone-based,20108,200,0,1,257,108.39,198,12,269,138.405,233,2000,0.03
morning-rush,B2,plain,express,20101,200,0,0,111,39.2,92,9,164,68.79,142,2000,0.032
morning-rush,B2,plain,express,20103,200,0,0,117,40.23,86,13,171,68.18,134,2000,0.031
morning-rush,B2,plain,express,20107,200,0,0,107,40.295,87,5,162,70.075,140,2000,0.032
morning-rush,B2,plain,express,20100,200,0,0,111,39.4,91,5,168,70.64,137,2000,0.038
morning-rush,B2,plain,express,20102,200,0,0,114,39.155,89,5,167,69.745,145,2000,0.036
morning-rush,B2,plain,express,20104,200,0,0,116,43.39,95,10,171,74.41,145,2000,0.033
morning-rush,B2,plain,express,20106,200,0,0,111,42.33,87,3,164,72.07,140,2000,0.036
morning-rush,B2,plain,express,20109,200,0,0,108,35.985,83,3,162,64.645,134,2000,0.034
morning-rush,B2,plain,express,20105,200,0,0,104,43.655,90,1,161,75.115,138,2000,0.031
morning-rush,B2,plain,express,20108,200,0,0,107,36.235,89,2,160,66.25,137,2000,0.034
morning-rush,B2,stop1,eta-cost,20100,200,0,0,73,30.965,58,7,115,65.61,108,2000,0.043
morning-rush,B2,stop1,eta-cost,20101,200,0,0,111,33.835,69,4,174,66.85,119,2000,0.041
morning-rush,B2,stop1,eta-cost,20104,200,0,0,85,31.28,59,8,134,65.875,106,2000,0.042
morning-rush,B2,stop1,eta-cost,20105,200,0,0,130,40.825,94,18,175,75.945,134,2000,0.049
morning-rush,B2,stop1,eta-cost,20103,200,0,0,97,37.315,72,5,134,68.875,116,2000,0.041
morning-rush,B2,stop1,eta-cost,20106,200,0,0,89,35.785,74,4,145,69.19,119,2000,0.045
morning-rush,B2,stop1,eta-cost,20102,200,0,0,79,31.315,64,7,118,65.395,108,2000,0.041
morning-rush,B2,stop1,eta-cost,20108,200,0,0,72,30.19,56,6,131,63.785,108,2000,0.047
morning-rush,B2,stop1,eta-cost,20109,200,0,0,90,34.47,69,9,140,66.755,110,2000,0.044
morning-rush,B2,stop1,eta-cost,20107,200,0,0,76,30.19,62,5,123,63.525,107,2000,0.042
morning-rush,B2,stop1,eta-cost-fair,20100,200,0,0,73,30.965,58,7,115,65.61,108,2000,0.042
morning-rush,B2,stop1,eta-cost-fair,20101,200,0,0,78,31.205,59,4,141,64.215,114,2000,0.041
morning-rush,B2,stop1,eta-cost-fair,20102,200,0,0,79,31.315,64,7,118,65.395,108,2000,0.042
morning-rush,B2,stop1,eta-cost-fair,20103,200,0,0,89,36.91,70,8,134,68.405,113,2000,0.046
morning-rush,B2,stop1,eta-cost-fair,20104,200,0,0,83,30.79,59,6,132,65.32,106,2000,0.041
morning-rush,B2,stop1,eta-cost-fair,20107,200,0,0,76,30.19,62,5,123,63.525,107,2000,0.043
morning-rush,B2,stop1,eta-cost-fair,20106,200,0,0,89,35.785,74,4,145,69.19,119,2000,0.041
morning-rush,B2,stop1,eta-cost-fair,20105,200,0,0,130,40.825,94,18,175,75.945,134,2000,0.05
morning-rush,B2,stop1,eta-cost-fair,20108,200,0,0,72,30.19,56,6,131,63.785,108,2000,0.037
morning-rush,B2,stop1,eta-cost-fair,20109,200,0,0,90,34.47,69,9,140,66.755,110,2000,0.042
morning-rush,B2,stop1,nearest-car,20100,200,0,0,241,75.85,186,11,280,110.68,221,2000,0.031
morning-rush,B2,stop1,nearest-car,20101,200,0,0,633,229.435,558,4,664,263.01,598,2000,0.04
morning-rush,B2,stop1,nearest-car,20102,200,0,0,404,103.64,337,2,449,137.89,372,2000,0.034
morning-rush,B2,stop1,nearest-car,20105,200,0,0,356,124.025,324,8,395,159.415,359,2000,0.035
morning-rush,B2,stop1,nearest-car,20103,200,0,0,933,393.33,836,28,969,425.305,875,2000,0.035
morning-rush,B2,stop1,nearest-car,20107,200,0,0,312,77.845,211,2,352,111.15,255,2000,0.03
morning-rush,B2,stop1,nearest-car,20104,200,0,0,240,72.105,163,8,295,106.795,209,2000,0.036
morning-rush,B2,stop1,nearest-car,20106,200,0,0,783,318.025,718,4,822,351.655,746,2000,0.041
morning-rush,B2,stop1,nearest-car,20109,200,0,0,412,102.75,329,6,463,135.085,351,2000,0.032
morning-rush,B2,stop1,nearest-car-eta,20100,200,0,0,73,30.965,58,7,115,65.61,108,2000,0.04
morning-rush,B2,stop1,nearest-car,20108,200,0,0,690,368.37,615,16,753,402.35,654,2000,0.043
morning-rush,B2,stop1,nearest-car-eta,20101,200,0,0,114,36.41,81,4,160,69.445,123,2000,0.042
morning-rush,B2,stop1,nearest-car-eta,20102,200,0,0,79,31.315,64,7,118,65.395,108,2000,0.04
morning-rush,B2,stop1,nearest-car-eta,20103,200,0,0,97,37.315,72,5,134,68.875,116,2000,0.037
morning-rush,B2,stop1,nearest-car-eta,20106,200,0,0,89,35.785,74,4,145,69.19,119,2000,0.042
morning-rush,B2,stop1,nearest-car-eta,20105,200,0,0,130,40.825,94,18,175,75.945,134,2000,0.034
morning-rush,B2,stop1,nearest-car-eta,20104,200,0,0,85,31.28,59,8,134,65.875,106,2000,0.039
morning-rush,B2,stop1,nearest-car-eta,20107,200,0,0,76,29.195,59,5,123,62.5,107,2000,0.033
morning-rush,B2,stop1,nearest-car-eta,20109,200,0,0,90,34.47,69,9,140,66.755,110,2000,0.028
morning-rush,B2,stop1,nearest-car-eta,20108,200,0,0,72,30.19,56,6,131,63.785,108,2000,0.039
morning-rush,B2,stop1,round-robin,20102,200,0,0,122,53.23,109,8,185,87.09,145,2000,0.027
morning-rush,B2,stop1,round-robin,20101,200,0,0,127,54,115,3,185,86.66,153,2000,0.033
morning-rush,B2,stop1,round-robin,20100,200,0,0,117,51.185,105,7,169,85.5,142,2000,0.029
morning-rush,B2,stop1,round-robin,20103,200,0,0,128,54.37,114,3,184,85.64,152,2000,0.031
morning-rush,B2,stop1,round-robin,20106,200,0,0,135,54.455,110,4,189,87.55,150,2000,0.026
morning-rush,B2,stop1,round-robin,20104,200,0,0,123,52.02,110,8,181,86.455,153,2000,0.034
morning-rush,B2,stop1,round-robin,20105,200,0,0,160,60.77,119,6,208,95.445,160,2000,0.032
morning-rush,B2,stop1,round-robin,20107,200,0,0,134,54.26,105,10,180,86.965,145,2000,0.041
morning-rush,B2,stop1,round-robin,20109,200,0,0,124,52.86,108,4,173,84.82,144,2000,0.028
morning-rush,B2,stop1,round-robin,20108,200,0,0,116,48.205,99,10,169,81.21,138,2000,0.029
morning-rush,B2,stop1,zone-based,20100,200,0,0,302,117.38,224,11,311,152.41,265,2000,0.033
morning-rush,B2,stop1,zone-based,20103,200,0,0,263,109.355,241,10,322,141.235,273,2000,0.029
morning-rush,B2,stop1,zone-based,20102,200,0,0,268,108.745,235,4,331,143.23,263,2000,0.04
morning-rush,B2,stop1,zone-based,20101,200,0,0,327,117.31,238,7,362,150.745,284,2000,0.03
morning-rush,B2,stop1,zone-based,20104,200,0,0,256,114.92,230,5,316,149.675,269,2000,0.034
morning-rush,B2,stop1,zone-based,20105,200,0,0,296,112.2,219,10,326,147.7,262,2000,0.034
morning-rush,B2,stop1,zone-based,20107,200,0,1,246,107.675,212,21,310,141.29,248,2000,0.034
morning-rush,B2,stop1,zone-based,20106,200,0,0,364,136.575,265,11,407,170.205,311,2000,0.035
morning-rush,B2,stop1,zone-based,20109,200,0,0,237,107.07,219,12,300,139.605,247,2000,0.031
morning-rush,B2,stop1,express,20100,200,0,0,117,42.46,102,4,173,76.42,152,2000,0.035
morning-rush,B2,stop1,zone-based,20108,200,0,0,216,107.335,202,14,271,141.265,233,2000,0.034
morning-rush,B2,stop1,express,20101,200,0,0,121,39.875,98,3,179,72.31,144,2000,0.037
morning-rush,B2,stop1,express,20102,200,0,0,122,42.995,93,6,180,76.52,146,2000,0.033
morning-rush,B2,stop1,express,20105,200,0,0,116,41.985,91,9,177,76.39,145,2000,0.042
morning-rush,B2,stop1,express,20104,200,0,0,124,43.705,108,3,179,77.555,159,2000,0.041
morning-rush,B2,stop1,express,20106,200,0,0,118,43.485,99,4,169,76.42,143,2000,0.03
morning-rush,B2,stop1,express,20103,200,0,0,121,42.075,90,5,180,73.045,133,2000,0.038
morning-rush,B2,stop1,express,20107,200,0,0,111,39.185,95,3,164,71.635,153,2000,0.035
morning-rush,B2,stop1,express,20108,200,0,0,116,41.25,98,3,176,73.99,151,2000,0.038
morning-rush,B2,stop1,express,20109,200,0,0,138,40.61,93,2,200,72.295,144,2000,0.04
morning-rush,B3,plain,eta-cost,20200,800,0,0,61,42.966,57,3,116,72.926,107,2000,0.266
morning-rush,B3,plain,eta-cost,20202,800,0,0,59,42.736,57,7,118,72.795,105,2000,0.267
morning-rush,B3,plain,eta-cost,20203,800,0,0,59,42.671,57,2,117,72.486,104,2000,0.258
morning-rush,B3,plain,eta-cost,20201,800,0,0,59,42.734,57,1,117,72.501,104,2000,0.254
morning-rush,B3,plain,eta-cost,20205,800,0,0,59,41.752,57,2,117,71.045,104,2000,0.259
morning-rush,B3,plain,eta-cost,20209,800,0,0,59,42.264,56,16,117,72.153,103,2000,0.259
morning-rush,B3,plain,eta-cost,20206,800,0,0,59,42.828,57,5,116,73.091,106,2000,0.26
morning-rush,B3,plain,eta-cost,20207,800,0,0,64,44.483,58,5,118,74.575,107,2000,0.262
morning-rush,B3,plain,eta-cost,20204,800,0,0,59,41.736,57,2,115,71.739,105,2000,0.251
morning-rush,B3,plain,eta-cost,20208,800,0,0,59,41.469,56,5,115,71.593,104,2000,0.246
morning-rush,B3,plain,eta-cost-fair,20200,800,0,0,61,42.966,57,3,116,72.926,107,2000,0.252
morning-rush,B3,plain,eta-cost-fair,20202,800,0,0,59,42.736,57,7,118,72.795,105,2000,0.259
morning-rush,B3,plain,eta-cost-fair,20201,800,0,0,59,42.734,57,1,117,72.501,104,2000,0.262
morning-rush,B3,plain,eta-cost-fair,20207,800,0,0,64,44.483,58,5,118,74.575,107,2000,0.26
morning-rush,B3,plain,eta-cost-fair,20204,800,0,0,59,41.736,57,2,115,71.739,105,2000,0.254
morning-rush,B3,plain,eta-cost-fair,20206,800,0,0,59,42.828,57,5,116,73.091,106,2000,0.253
morning-rush,B3,plain,eta-cost-fair,20203,800,0,0,59,42.671,57,2,117,72.486,104,2000,0.26
morning-rush,B3,plain,eta-cost-fair,20208,800,0,0,59,41.469,56,5,115,71.593,104,2000,0.264
morning-rush,B3,plain,nearest-car,20200,800,0,0,1029,337.767,879,9,1073,367.728,925,2000,0.15
morning-rush,B3,plain,eta-cost-fair,20205,800,0,0,59,41.752,57,2,117,71.045,104,2000,0.262
morning-rush,B3,plain,eta-cost-fair,20209,800,0,0,59,42.264,56,16,117,72.153,103,2000,0.25
morning-rush,B3,plain,nearest-car,20201,800,0,0,1066,331.462,882,1,1106,361.23,914,2000,0.151
morning-rush,B3,plain,nearest-car,20202,800,0,0,1019,350.976,921,6,1057,381.035,951,2000,0.162
morning-rush,B3,plain,nearest-car,20204,800,0,0,1074,356.379,879,2,1127,386.381,916,2000,0.17
morning-rush,B3,plain,nearest-car,20205,800,0,0,1220,447.126,1084,2,1272,476.419,1122,2000,0.178
morning-rush,B3,plain,nearest-car,20203,800,0,0,1842,790.72,1576,2,1860,820.535,1597,2000,0.227
morning-rush,B3,plain,nearest-car,20208,800,0,0,968,360.96,864,5,1023,391.084,896,2000,0.164
morning-rush,B3,plain,nearest-car,20209,800,0,0,1545,406.69,1253,13,1566,436.579,1285,2000,0.189
morning-rush,B3,plain,nearest-car,20206,800,0,0,1775,604.896,1560,5,1816,635.16,1583,2000,0.213
morning-rush,B3,plain,nearest-car,20207,800,0,0,1890,756.6,1610,5,1925,786.692,1637,2000,0.245
morning-rush,B3,plain,nearest-car-eta,20200,800,0,0,61,42.286,57,3,116,72.246,106,2000,0.195
morning-rush,B3,plain,nearest-car-eta,20201,800,0,0,59,42.76,57,1,117,72.528,104,2000,0.194
morning-rush,B3,plain,nearest-car-eta,20203,800,0,0,59,41.234,57,2,116,71.049,105,2000,0.19
morning-rush,B3,plain,nearest-car-eta,20202,800,0,0,59,42.112,57,7,118,72.171,105,2000,0.197
morning-rush,B3,plain,nearest-car-eta,20204,800,0,0,59,41.326,57,2,115,71.329,105,2000,0.188
morning-rush,B3,plain,round-robin,20200,800,0,0,122,49.056,102,7,179,79.016,142,2000,0.104
morning-rush,B3,plain,nearest-car-eta,20206,800,0,0,59,42.487,57,5,116,72.751,106,2000,0.198
morning-rush,B3,plain,nearest-car-eta,20205,800,0,0,59,41.163,57,2,117,70.455,103,2000,0.193
morning-rush,B3,plain,round-robin,20201,800,0,0,117,49.672,100,1,174,79.44,137,2000,0.1
morning-rush,B3,plain,nearest-car-eta,20207,800,0,0,64,43.733,57,5,116,73.825,107,2000,0.19
morning-rush,B3,plain,round-robin,20203,800,0,0,116,49.356,101,2,160,79.171,141,2000,0.096
morning-rush,B3,plain,nearest-car-eta,20208,800,0,0,59,40.439,56,5,115,70.562,103,2000,0.197
morning-rush,B3,plain,round-robin,20202,800,0,0,117,48.075,101,5,170,78.134,140,2000,0.1
morning-rush,B3,plain,nearest-car-eta,20209,800,0,0,59,41.337,56,16,114,71.226,103,2000,0.199
morning-rush,B3,plain,round-robin,20204,800,0,0,114,47.685,98,2,172,77.688,136,2000,0.113
morning-rush,B3,plain,round-robin,20205,800,0,0,114,47.645,100,1,166,76.938,136,2000,0.111
morning-rush,B3,plain,round-robin,20206,800,0,0,117,48.524,101,1,170,78.787,138,2000,0.102
morning-rush,B3,plain,round-robin,20207,800,0,0,117,49.879,103,4,171,79.971,144,2000,0.1
morning-rush,B3,plain,round-robin,20208,800,0,0,117,49.562,99,5,170,79.686,136,2000,0.103
morning-rush,B3,plain,round-robin,20209,800,0,0,117,48.671,99,7,172,78.56,135,2000,0.108
morning-rush,B3,plain,zone-based,20201,800,0,0,548,199.565,481,2,594,229.333,507,2000,0.13
morning-rush,B3,plain,zone-based,20200,800,0,0,691,214.985,527,2,724,244.945,558,2000,0.14
morning-rush,B3,plain,zone-based,20202,800,0,0,1061,316.13,850,6,1107,346.189,891,2000,0.161
morning-rush,B3,plain,zone-based,20203,800,0,0,1152,405.196,1053,5,1208,435.011,1083,2000,0.176
morning-rush,B3,plain,zone-based,20207,800,0,0,571,181.009,443,4,618,211.101,480,2000,0.137
morning-rush,B3,plain,zone-based,20208,800,0,0,568,165.679,354,3,611,195.803,395,2000,0.133
morning-rush,B3,plain,zone-based,20204,800,0,0,947,354.731,768,3,971,384.734,797,2000,0.161
morning-rush,B3,plain,zone-based,20205,800,0,0,924,318.635,740,4,978,347.928,771,2000,0.163
morning-rush,B3,plain,zone-based,20209,800,0,0,1117,411.749,967,6,1138,441.637,1016,2000,0.173
morning-rush,B3,plain,zone-based,20206,800,0,0,1511,415.858,1387,4,1553,446.121,1410,2000,0.192
morning-rush,B3,plain,express,20201,800,0,0,123,32.12,78,1,167,61.888,129,2000,0.164
morning-rush,B3,plain,express,20200,800,0,0,237,47.326,177,6,291,77.286,226,2000,0.182
morning-rush,B3,plain,express,20202,800,0,0,125,32.846,77,1,178,62.905,129,2000,0.17
morning-rush,B3,plain,express,20204,800,0,0,133,30.793,73,2,179,60.795,123,2000,0.168
morning-rush,B3,plain,express,20205,800,0,0,156,37.76,114,2,212,67.052,163,2000,0.171
morning-rush,B3,plain,express,20207,800,0,0,162,35.172,96,3,218,65.265,145,2000,0.171
morning-rush,B3,plain,express,20206,800,0,0,290,67.096,229,4,342,97.36,279,2000,0.196
morning-rush,B3,plain,express,20208,800,0,0,90,28.82,61,3,139,58.944,111,2000,0.172
morning-rush,B3,plain,express,20209,800,0,0,125,32.091,84,1,182,61.98,128,2000,0.166
morning-rush,B3,plain,express,20203,800,0,0,159,36.04,99,2,214,65.855,148,2000,0.166
morning-rush,B3,stop1,eta-cost,20200,800,0,0,72,42.116,57,5,139,76.24,112,2000,0.363
morning-rush,B3,stop1,eta-cost,20201,800,0,0,59,41.839,56,2,124,75.821,111,2000,0.354
morning-rush,B3,stop1,eta-cost,20202,800,0,0,60,41.531,57,8,123,75.685,112,2000,0.343
morning-rush,B3,stop1,eta-cost,20203,800,0,0,59,41.274,57,3,125,75.164,110,2000,0.341
morning-rush,B3,stop1,eta-cost,20206,800,0,0,59,41.399,57,3,122,75.808,110,2000,0.35
morning-rush,B3,stop1,eta-cost,20205,800,0,0,59,40.459,56,3,122,73.884,109,2000,0.336
morning-rush,B3,stop1,eta-cost,20204,800,0,0,59,39.532,57,3,125,73.612,109,2000,0.33
morning-rush,B3,stop1,eta-cost,20208,800,0,0,59,40.16,56,6,124,74.436,110,2000,0.343
morning-rush,B3,stop1,eta-cost,20207,800,0,0,73,42.196,58,6,128,76.487,113,2000,0.355
morning-rush,B3,stop1,eta-cost,20209,800,0,0,59,39.821,55,8,121,73.865,109,2000,0.34
morning-rush,B3,stop1,eta-cost-fair,20200,800,0,0,60,40.215,57,5,123,74.23,110,2000,0.338
morning-rush,B3,stop1,eta-cost-fair,20202,800,0,0,60,40.691,57,8,123,74.841,111,2000,0.331
morning-rush,B3,stop1,eta-cost-fair,20201,800,0,0,59,40.239,56,2,122,74.192,109,2000,0.348
morning-rush,B3,stop1,eta-cost-fair,20203,800,0,0,59,39.735,56,3,120,73.573,108,2000,0.353
morning-rush,B3,stop1,eta-cost-fair,20204,800,0,0,59,37.946,56,3,123,71.912,108,2000,0.324
morning-rush,B3,stop1,eta-cost-fair,20206,800,0,0,60,40.32,56,2,122,74.69,110,2000,0.358
morning-rush,B3,stop1,eta-cost-fair,20208,800,0,0,59,39.054,56,6,124,73.286,109,2000,0.334
morning-rush,B3,stop1,eta-cost-fair,20207,800,0,0,66,40.877,57,6,125,75.115,112,2000,0.333
morning-rush,B3,stop1,eta-cost-fair,20209,800,0,0,59,37.604,55,9,122,71.597,107,2000,0.331
morning-rush,B3,stop1,eta-cost-fair,20205,800,0,0,59,39.069,56,3,123,72.395,108,2000,0.334
morning-rush,B3,stop1,nearest-car,20202,800,0,0,1876,546.474,1644,4,1934,580.649,1669,2000,0.218
morning-rush,B3,stop1,nearest-car,20201,800,0,0,2190,760.521,1964,2,2253,794.48,1977,2000,0.246
morning-rush,B3,stop1,nearest-car,20200,800,0,0,2672,900.087,2417,10,2701,934.227,2466,2000,0.283
morning-rush,B3,stop1,nearest-car,20203,800,0,0,1119,442.865,931,2,1178,476.826,972,2000,0.173
morning-rush,B3,stop1,nearest-car,20206,800,0,0,1868,887.864,1718,6,1918,922.284,1755,2000,0.266
morning-rush,B3,stop1,nearest-car,20204,800,0,0,2586,780.815,2261,3,2627,814.977,2293,2000,0.26
morning-rush,B3,stop1,nearest-car,20208,800,0,0,2048,690.341,1891,6,2085,724.665,1927,2000,0.24
morning-rush,B3,stop1,nearest-car,20205,800,0,0,2739,683.284,2293,3,2797,716.741,2348,2000,0.235
morning-rush,B3,stop1,nearest-car,20209,800,0,0,1400,474.938,1218,8,1461,508.999,1261,2000,0.189
morning-rush,B3,stop1,nearest-car,20207,800,0,0,2384,930.27,2080,6,2418,964.589,2128,2000,0.279
morning-rush,B3,stop1,nearest-car-eta,20200,800,0,0,69,43.306,57,5,131,77.453,113,2000,0.251
morning-rush,B3,stop1,nearest-car-eta,20201,800,0,0,59,41.456,57,2,124,75.433,110,2000,0.247
morning-rush,B3,stop1,nearest-car-eta,20203,800,0,0,59,42.314,57,3,125,76.256,112,2000,0.249
morning-rush,B3,stop1,nearest-car-eta,20202,800,0,0,59,42.271,57,8,123,76.469,113,2000,0.251
morning-rush,B3,stop1,nearest-car-eta,20204,800,0,0,59,42.03,57,3,123,76.218,111,2000,0.232
morning-rush,B3,stop1,round-robin,20200,800,0,0,126,51.97,107,5,172,85.034,151,2000,0.102
morning-rush,B3,stop1,nearest-car-eta,20205,800,0,0,59,41.115,57,3,122,74.58,111,2000,0.251
morning-rush,B3,stop1,round-robin,20201,800,0,0,122,52.663,107,2,182,85.578,150,2000,0.112
morning-rush,B3,stop1,round-robin,20203,800,0,0,121,50.931,106,3,180,83.801,145,2000,0.113
morning-rush,B3,stop1,nearest-car-eta,20206,800,0,0,59,42.239,57,6,122,76.677,111,2000,0.248
morning-rush,B3,stop1,round-robin,20202,800,0,0,121,51.394,106,4,178,84.436,146,2000,0.106
morning-rush,B3,stop1,nearest-car-eta,20207,800,0,0,73,44.026,58,6,128,78.37,114,2000,0.249
morning-rush,B3,stop1,round-robin,20204,800,0,0,122,50.307,103,3,177,83.181,147,2000,0.104
morning-rush,B3,stop1,nearest-car-eta,20208,800,0,0,59,41.362,56,6,123,75.715,111,2000,0.243
morning-rush,B3,stop1,nearest-car-eta,20209,800,0,0,59,41.26,56,18,121,75.371,110,2000,0.258
morning-rush,B3,stop1,round-robin,20206,800,0,0,120,51.242,106,4,185,84.56,150,2000,0.106
morning-rush,B3,stop1,round-robin,20205,800,0,0,122,50.085,104,2,177,82.377,146,2000,0.106
morning-rush,B3,stop1,round-robin,20207,800,0,0,120,51.336,109,3,182,84.455,149,2000,0.107
morning-rush,B3,stop1,round-robin,20208,800,0,0,120,50.998,105,2,180,84.047,144,2000,0.111
morning-rush,B3,stop1,round-robin,20209,800,0,0,121,50.71,104,4,176,83.56,144,2000,0.103
morning-rush,B3,stop1,zone-based,20202,800,0,0,1289,336.291,1074,11,1333,370.499,1113,2000,0.17
morning-rush,B3,stop1,zone-based,20203,800,0,0,1263,461.892,942,3,1287,495.85,989,2000,0.198
morning-rush,B3,stop1,zone-based,20200,800,0,1,1886,551.369,1551,3,1937,585.48,1597,2000,0.226
morning-rush,B3,stop1,zone-based,20205,800,0,0,1146,351.481,1003,6,1205,384.882,1032,2000,0.174
morning-rush,B3,stop1,zone-based,20204,800,0,0,1791,455.716,1467,6,1836,489.918,1509,2000,0.199
morning-rush,B3,stop1,zone-based,20201,800,0,0,2418,663.472,2110,5,2467,697.464,2148,2000,0.258
morning-rush,B3,stop1,zone-based,20207,800,0,0,1293,469.166,1057,12,1324,503.493,1107,2000,0.189
morning-rush,B3,stop1,zone-based,20209,800,0,0,1297,420.462,1157,12,1358,454.614,1186,2000,0.183
morning-rush,B3,stop1,zone-based,20208,800,0,0,1128,482.96,920,20,1156,517.25,939,2000,0.196
morning-rush,B3,stop1,zone-based,20206,800,0,0,1888,527.822,1675,5,1923,562.294,1712,2000,0.219
morning-rush,B3,stop1,express,20202,800,0,0,159,40.54,117,3,222,74.457,170,2000,0.216
morning-rush,B3,stop1,express,20200,800,0,0,257,50.778,202,2,315,84.581,258,2000,0.229
morning-rush,B3,stop1,express,20201,800,0,0,163,41.019,119,2,217,74.704,174,2000,0.216
morning-rush,B3,stop1,express,20204,800,0,0,184,34.071,104,2,234,67.725,156,2000,0.217
morning-rush,B4,plain,eta-cost,20300,400,0,0,29,17.59,28,1,57,33.295,52,1000,0.063
morning-rush,B4,plain,eta-cost,20301,400,0,0,29,16.927,28,6,55,31.735,49,1000,0.062
morning-rush,B3,stop1,express,20205,800,0,0,245,48.576,174,2,310,81.659,232,2000,0.222
morning-rush,B4,plain,eta-cost,20302,400,0,0,29,16.637,28,1,56,31.46,49,1000,0.062
morning-rush,B3,stop1,express,20207,800,0,0,205,39.539,130,5,266,73.586,185,2000,0.22
morning-rush,B3,stop1,express,20208,800,0,0,120,30.636,74,4,181,64.575,127,2000,0.209
morning-rush,B3,stop1,express,20209,800,0,0,167,39.725,114,2,213,73.491,168,2000,0.215
morning-rush,B4,plain,eta-cost,20303,400,0,0,31,17.125,29,2,56,31.95,51,1000,0.062
morning-rush,B4,plain,eta-cost,20304,400,0,0,29,18.242,28,1,58,32.95,51,1000,0.064
morning-rush,B4,plain,eta-cost,20305,400,0,0,29,18.15,28,4,56,33.438,51,1000,0.059
morning-rush,B3,stop1,express,20206,800,0,0,349,82.234,295,4,409,116.261,344,2000,0.268
morning-rush,B4,plain,eta-cost,20306,400,0,0,29,17.66,27,6,55,32.72,49,1000,0.062
morning-rush,B4,plain,eta-cost,20307,400,0,0,30,17.58,28,5,55,32.443,50,1000,0.062
morning-rush,B4,plain,eta-cost-fair,20302,400,0,0,29,16.637,28,1,56,31.46,49,1000,0.057
morning-rush,B4,plain,eta-cost,20308,400,0,0,42,18.925,29,1,57,33.858,52,1000,0.069
morning-rush,B4,plain,eta-cost,20309,400,0,0,29,16.483,28,2,57,31.095,50,1000,0.063
morning-rush,B3,stop1,express,20203,800,0,0,256,50.814,183,3,315,84.45,233,2000,0.223
morning-rush,B4,plain,eta-cost-fair,20300,400,0,0,29,17.59,28,1,57,33.295,52,1000,0.063
morning-rush,B4,plain,eta-cost-fair,20301,400,0,0,29,16.927,28,6,55,31.735,49,1000,0.063
morning-rush,B4,plain,eta-cost-fair,20304,400,0,0,29,18.242,28,1,58,32.95,51,1000,0.061
morning-rush,B4,plain,eta-cost-fair,20307,400,0,0,30,17.58,28,5,55,32.443,50,1000,0.066
morning-rush,B4,plain,eta-cost-fair,20303,400,0,0,31,17.125,29,2,56,31.95,51,1000,0.063
morning-rush,B4,plain,nearest-car,20301,400,0,0,225,78.067,191,3,242,92.875,205,1000,0.035
morning-rush,B4,plain,eta-cost-fair,20305,400,0,0,29,18.15,28,4,56,33.438,51,1000,0.068
morning-rush,B4,plain,eta-cost-fair,20308,400,0,0,42,18.925,29,1,57,33.858,52,1000,0.064
morning-rush,B4,plain,nearest-car,20300,400,0,0,401,182.678,352,3,417,198.382,365,1000,0.048
morning-rush,B4,plain,eta-cost-fair,20306,400,0,0,29,17.66,27,6,55,32.72,49,1000,0.055
morning-rush,B4,plain,nearest-car,20302,400,0,0,305,133.24,264,1,332,148.062,280,1000,0.041
morning-rush,B4,plain,nearest-car,20304,400,0,0,388,164.887,326,4,406,179.595,345,1000,0.043
morning-rush,B4,plain,eta-cost-fair,20309,400,0,0,29,16.483,28,2,57,31.095,50,1000,0.059
morning-rush,B4,plain,nearest-car,20303,400,0,0,418,184.088,363,2,433,198.912,378,1000,0.041
morning-rush,B4,plain,nearest-car,20305,400,0,0,226,79.94,172,2,244,95.228,192,1000,0.038
morning-rush,B4,plain,nearest-car,20306,400,0,0,306,119.02,242,3,333,134.08,260,1000,0.03
morning-rush,B4,plain,nearest-car,20307,400,0,0,415,189.227,355,6,429,204.09,369,1000,0.045
morning-rush,B4,plain,nearest-car-eta,20302,400,0,0,29,16.645,28,1,56,31.468,49,1000,0.039
morning-rush,B4,plain,nearest-car,20309,400,0,0,176,66.338,152,1,191,80.95,168,1000,0.038
morning-rush,B4,plain,nearest-car-eta,20301,400,0,0,29,16.49,28,6,56,31.297,49,1000,0.049
morning-rush,B4,plain,nearest-car-eta,20303,400,0,0,31,16.71,28,2,58,31.535,50,1000,0.05
morning-rush,B4,plain,nearest-car-eta,20300,400,0,0,29,16.992,28,3,58,32.697,51,1000,0.049
morning-rush,B4,plain,nearest-car,20308,400,0,0,425,169.477,378,1,443,184.41,396,1000,0.042
morning-rush,B4,plain,nearest-car-eta,20304,400,0,0,29,17.77,28,1,58,32.477,51,1000,0.048
morning-rush,B4,plain,nearest-car-eta,20305,400,0,0,29,18.15,28,4,56,33.438,51,1000,0.054
morning-rush,B4,plain,nearest-car-eta,20308,400,0,0,42,17.52,28,1,57,32.453,52,1000,0.052
morning-rush,B4,plain,nearest-car-eta,20306,400,0,0,29,16.527,27,4,55,31.587,49,1000,0.048
morning-rush,B4,plain,round-robin,20302,400,0,0,55,21.997,46,1,80,36.82,66,1000,0.031
morning-rush,B4,plain,round-robin,20300,400,0,0,57,23.448,50,4,84,39.153,68,1000,0.029
morning-rush,B4,plain,round-robin,20303,400,0,0,57,23.66,49,1,79,38.485,68,1000,0.03
morning-rush,B4,plain,nearest-car-eta,20307,400,0,0,31,17.36,28,6,60,32.222,51,1000,0.049
morning-rush,B4,plain,round-robin,20301,400,0,0,57,24.517,50,4,85,39.325,66,1000,0.027
morning-rush,B4,plain,nearest-car-eta,20309,400,0,0,29,15.922,28,2,57,30.535,50,1000,0.038
morning-rush,B4,plain,round-robin,20305,400,0,0,57,24.295,49,2,83,39.583,69,1000,0.028
morning-rush,B4,plain,round-robin,20307,400,0,0,62,24.8,51,3,88,39.663,69,1000,0.027
morning-rush,B4,plain,round-robin,20304,400,0,0,57,23.188,49,2,83,37.895,65,1000,0.028
morning-rush,B4,plain,round-robin,20306,400,0,0,57,23.738,48,2,80,38.797,67,1000,0.03
morning-rush,B4,plain,round-robin,20308,400,0,0,67,25.535,52,1,82,40.468,73,1000,0.027
morning-rush,B4,plain,round-robin,20309,400,0,0,57,23.098,49,2,86,37.71,67,1000,0.033
morning-rush,B4,plain,zone-based,20302,400,0,0,230,73.547,168,5,254,88.37,184,1000,0.034
morning-rush,B4,plain,zone-based,20301,400,0,0,206,81.237,166,3,227,96.045,188,1000,0.038
morning-rush,B4,plain,zone-based,20304,400,0,0,209,80.028,169,2,231,94.735,185,1000,0.032
morning-rush,B4,plain,zone-based,20300,400,0,0,174,67.257,161,5,194,82.963,182,1000,0.031
morning-rush,B4,plain,zone-based,20303,400,0,0,210,70.573,172,2,231,85.397,191,1000,0.025
morning-rush,B4,plain,zone-based,20307,400,0,0,222,70.427,162,4,251,85.29,178,1000,0.031
morning-rush,B4,plain,zone-based,20305,400,0,0,304,94.597,264,4,326,109.885,276,1000,0.04
morning-rush,B4,plain,zone-based,20306,400,0,0,271,78.135,209,4,298,93.195,226,1000,0.033
morning-rush,B4,plain,zone-based,20309,400,0,0,213,59.77,139,2,241,74.382,161,1000,0.037
morning-rush,B4,plain,zone-based,20308,400,0,0,232,79.782,180,2,250,94.715,193,1000,0.035
morning-rush,B4,plain,express,20300,400,0,0,137,25.427,90,1,164,41.133,116,1000,0.05
morning-rush,B4,plain,express,20304,400,0,0,127,24.203,84,3,151,38.91,110,1000,0.046
morning-rush,B4,plain,express,20301,400,0,0,100,20.13,61,2,128,34.938,87,1000,0.045
morning-rush,B4,plain,express,20302,400,0,0,66,17.48,50,1,90,32.303,75,1000,0.047
morning-rush,B4,plain,express,20306,400,0,0,106,20.95,70,2,132,36.01,95,1000,0.043
morning-rush,B4,plain,express,20305,400,0,0,136,29.89,103,1,159,45.178,127,1000,0.049
morning-rush,B4,plain,express,20303,400,0,0,106,21.777,72,1,126,36.602,94,1000,0.049
morning-rush,B4,plain,express,20307,400,0,0,124,28.172,98,3,145,43.035,123,1000,0.047
morning-rush,B4,plain,express,20309,400,0,0,89,15.845,49,2,113,30.457,72,1000,0.045
morning-rush,B4,plain,express,20308,400,0,0,190,33.91,136,1,216,48.843,164,1000,0.048
morning-rush,B4,stop1,eta-cost,20301,400,0,0,33,17.63,28,6,64,36.285,57,1000,0.089
morning-rush,B4,stop1,eta-cost,20302,400,0,0,29,16.503,28,2,65,35.047,55,1000,0.081
morning-rush,B4,stop1,eta-cost,20300,400,0,0,35,17.375,29,4,66,37,56,1000,0.084
morning-rush,B4,stop1,eta-cost,20304,400,0,0,32,17.407,28,2,66,35.883,57,1000,0.085
morning-rush,B4,stop1,eta-cost,20306,400,0,0,37,17.015,28,2,66,35.833,56,1000,0.08
morning-rush,B4,stop1,eta-cost,20303,400,0,0,44,17.55,31,3,71,36.18,58,1000,0.09
morning-rush,B4,stop1,eta-cost,20305,400,0,0,30,17.22,28,3,64,36.335,56,1000,0.07
morning-rush,B4,stop1,eta-cost,20307,400,0,0,40,17.79,29,5,77,36.65,58,1000,0.092
morning-rush,B4,stop1,eta-cost,20309,400,0,0,29,15.188,28,2,63,33.657,56,1000,0.088
morning-rush,B4,stop1,eta-cost,20308,400,0,0,48,18.477,31,2,69,37.263,59,1000,0.095
morning-rush,B4,stop1,eta-cost-fair,20300,400,0,0,35,16.372,29,4,64,35.928,56,1000,0.067
morning-rush,B4,stop1,eta-cost-fair,20306,400,0,0,31,15.498,27,5,66,34.415,54,1000,0.082
morning-rush,B4,stop1,eta-cost-fair,20301,400,0,0,35,16.168,28,3,63,34.718,57,1000,0.086
morning-rush,B4,stop1,eta-cost-fair,20302,400,0,0,29,15.925,28,2,65,34.485,54,1000,0.084
morning-rush,B4,stop1,eta-cost-fair,20303,400,0,0,32,16.273,28,3,64,34.99,56,1000,0.085
morning-rush,B4,stop1,eta-cost-fair,20304,400,0,0,34,17.035,28,5,66,35.48,55,1000,0.085
morning-rush,B4,stop1,eta-cost-fair,20305,400,0,0,30,16.01,28,3,64,35.13,56,1000,0.088
morning-rush,B4,stop1,eta-cost-fair,20309,400,0,0,29,15,28,2,63,33.157,56,1000,0.077
morning-rush,B4,stop1,eta-cost-fair,20308,400,0,0,49,17.125,29,2,66,36.013,58,1000,0.083
morning-rush,B4,stop1,eta-cost-fair,20307,400,0,0,44,17.445,29,4,75,36.195,58,1000,0.094
morning-rush,B4,stop1,nearest-car,20301,400,0,0,492,199.56,447,4,520,218.257,460,1000,0.047
morning-rush,B4,stop1,nearest-car,20300,400,0,0,684,212.648,577,4,706,232.232,590,1000,0.038
morning-rush,B4,stop1,nearest-car,20303,400,0,0,411,159.852,358,3,437,178.605,378,1000,0.046
morning-rush,B4,stop1,nearest-car,20302,400,0,0,531,227.855,448,2,546,246.688,465,1000,0.043
morning-rush,B4,stop1,nearest-car,20305,400,0,0,476,223.562,449,5,511,242.713,468,1000,0.047
morning-rush,B4,stop1,nearest-car,20307,400,0,0,602,288.983,535,7,626,307.86,556,1000,0.051
morning-rush,B4,stop1,nearest-car,20308,400,0,0,609,235.357,525,2,631,254.257,545,1000,0.052
morning-rush,B4,stop1,nearest-car,20309,400,0,0,416,201.865,363,4,436,220.458,387,1000,0.048
morning-rush,B4,stop1,nearest-car-eta,20302,400,0,0,34,17.27,28,2,64,36.01,57,1000,0.062
morning-rush,B4,stop1,nearest-car,20306,400,0,0,516,225.748,458,5,529,244.748,465,1000,0.05
morning-rush,B4,stop1,nearest-car-eta,20300,400,0,0,34,17.5,28,4,67,37.222,58,1000,0.059
morning-rush,B4,stop1,nearest-car-eta,20301,400,0,0,38,18.547,28,7,66,37.347,59,1000,0.064
morning-rush,B4,stop1,nearest-car,20304,400,0,0,827,289.743,770,7,859,308.365,786,1000,0.059
morning-rush,B4,stop1,nearest-car-eta,20303,400,0,0,44,17.465,30,3,66,36.197,57,1000,0.063
morning-rush,B4,stop1,nearest-car-eta,20304,400,0,0,36,18.605,28,2,68,37.285,57,1000,0.066
morning-rush,B4,stop1,round-robin,20300,400,0,0,63,26.62,56,2,96,45.528,79,1000,0.03
morning-rush,B4,stop1,nearest-car-eta,20305,400,0,0,29,17.695,28,5,65,36.992,55,1000,0.066
morning-rush,B4,stop1,round-robin,20301,400,0,0,63,25.808,54,4,88,43.815,76,1000,0.027
morning-rush,B4,stop1,nearest-car-eta,20306,400,0,0,37,17.363,28,3,64,36.26,57,1000,0.063
morning-rush,B4,stop1,nearest-car-eta,20307,400,0,0,39,18.91,29,7,72,37.792,58,1000,0.064
morning-rush,B4,stop1,round-robin,20303,400,0,0,67,25.762,54,3,93,43.65,79,1000,0.027
morning-rush,B4,stop1,nearest-car-eta,20308,400,0,0,49,19.475,31,2,69,38.417,60,1000,0.064
morning-rush,B4,stop1,round-robin,20304,400,0,0,62,26.017,55,2,95,43.965,79,1000,0.031
morning-rush,B4,stop1,round-robin,20307,400,0,0,75,28.005,56,2,92,46.182,82,1000,0.03
morning-rush,B4,stop1,round-robin,20305,400,0,0,63,26.495,54,5,92,44.9,80,1000,0.03
morning-rush,B4,stop1,round-robin,20308,400,0,0,81,27.122,56,2,98,45.315,78,1000,0.027
morning-rush,B4,stop1,round-robin,20306,400,0,0,67,26.355,54,4,93,44.417,78,1000,0.028
morning-rush,B4,stop1,round-robin,20302,400,0,0,62,26.823,54,2,91,44.532,78,1000,0.033
morning-rush,B4,stop1,round-robin,20309,400,0,0,62,26.078,53,5,96,43.505,74,1000,0.032
morning-rush,B4,stop1,nearest-car-eta,20309,400,0,0,29,16.027,28,2,66,34.587,56,1000,0.062
morning-rush,B4,stop1,zone-based,20300,400,0,0,260,109.442,204,5,285,129.09,229,1000,0.037
morning-rush,B4,stop1,zone-based,20302,400,0,0,193,75.64,154,7,222,94.407,172,1000,0.028
morning-rush,B4,stop1,zone-based,20305,400,0,0,550,211.655,477,4,584,230.993,498,1000,0.048
morning-rush,B4,stop1,zone-based,20301,400,0,0,510,154.037,465,2,544,172.81,475,1000,0.047
morning-rush,B4,stop1,zone-based,20303,400,0,0,317,101.047,287,3,348,119.785,295,1000,0.035
morning-rush,B4,stop1,zone-based,20306,400,0,0,307,108.53,239,7,337,127.555,256,1000,0.041
morning-rush,B4,stop1,zone-based,20308,400,0,0,400,128.315,293,5,425,147.273,319,1000,0.039
morning-rush,B4,stop1,zone-based,20304,400,0,0,513,165.895,453,3,530,184.475,472,1000,0.046
morning-rush,B4,stop1,zone-based,20307,400,0,0,369,113.192,316,3,400,132.095,342,1000,0.043
morning-rush,B4,stop1,express,20300,400,0,0,186,35.542,146,2,220,54.362,175,1000,0.064
morning-rush,B4,stop1,express,20301,400,0,0,138,31.988,108,3,171,49.938,136,1000,0.059
morning-rush,B4,stop1,zone-based,20309,400,0,0,410,136.162,352,4,437,154.607,365,1000,0.044
morning-rush,B4,stop1,express,20303,400,0,0,176,33.312,125,2,208,51.312,155,1000,0.064
morning-rush,B4,stop1,express,20302,400,0,0,96,19.148,59,2,124,37.112,89,1000,0.056
morning-rush,B4,stop1,express,20306,400,0,0,155,25.538,97,3,185,43.568,125,1000,0.063
morning-rush,B4,stop1,express,20304,400,0,0,190,32.73,136,2,215,50.502,169,1000,0.061
morning-rush,B4,stop1,express,20309,400,0,0,89,16.878,53,2,117,34.528,82,1000,0.057
morning-rush,B4,stop1,express,20307,400,0,0,189,40.593,150,2,217,58.797,177,1000,0.068
morning-rush,B4,stop1,express,20308,400,0,0,288,52.035,229,2,314,70.188,260,1000,0.071
morning-rush,B4,stop1,express,20305,400,0,0,247,46.36,188,2,272,64.797,216,1000,0.069
morning-rush,B5,plain,eta-cost,20401,400,0,0,99,57.258,93,3,194,107.547,165,3333,0.127
morning-rush,B5,plain,eta-cost,20400,400,0,0,101,58.42,93,7,187,109.127,165,3333,0.125
morning-rush,B5,plain,eta-cost,20403,400,0,0,99,57.705,95,13,191,107.737,170,3333,0.127
morning-rush,B5,plain,eta-cost,20402,400,0,0,118,57.267,95,5,191,107.793,170,3333,0.13
morning-rush,B5,plain,eta-cost,20404,400,0,0,102,61.797,96,14,196,112.325,178,3333,0.127
morning-rush,B5,plain,eta-cost,20405,400,0,0,111,61.508,94,8,195,109.983,169,3333,0.124
morning-rush,B5,plain,eta-cost,20406,400,0,0,109,57.7,93,15,189,105.108,167,3333,0.124
morning-rush,B5,plain,eta-cost,20407,400,0,0,136,60.625,96,4,200,109.963,173,3333,0.122
morning-rush,B5,plain,eta-cost,20408,400,0,0,102,59.545,95,8,193,110.028,168,3333,0.124
morning-rush,B5,plain,eta-cost,20409,400,0,0,99,56.02,94,2,194,105.353,171,3333,0.122
morning-rush,B5,plain,eta-cost-fair,20400,400,0,0,101,58.42,93,7,187,109.127,165,3333,0.125
morning-rush,B5,plain,eta-cost-fair,20402,400,0,0,118,57.267,95,5,191,107.793,170,3333,0.122
morning-rush,B5,plain,eta-cost-fair,20401,400,0,0,99,57.258,93,3,194,107.547,165,3333,0.124
morning-rush,B5,plain,eta-cost-fair,20403,400,0,0,99,57.705,95,13,191,107.737,170,3333,0.117
morning-rush,B5,plain,eta-cost-fair,20404,400,0,0,102,61.797,96,14,196,112.325,178,3333,0.13
morning-rush,B5,plain,eta-cost-fair,20405,400,0,0,111,61.508,94,8,195,109.983,169,3333,0.121
morning-rush,B5,plain,eta-cost-fair,20406,400,0,0,109,57.7,93,15,189,105.108,167,3333,0.123
morning-rush,B5,plain,eta-cost-fair,20408,400,0,0,102,59.545,95,8,193,110.028,168,3333,0.121
morning-rush,B5,plain,eta-cost-fair,20407,400,0,0,136,60.625,96,4,200,109.963,173,3333,0.121
morning-rush,B5,plain,eta-cost-fair,20409,400,0,0,99,56.02,94,2,194,105.353,171,3333,0.126
morning-rush,B5,plain,nearest-car,20402,400,0,0,684,249.62,520,9,703,300.145,575,3333,0.102
morning-rush,B5,plain,nearest-car,20400,400,0,0,1470,659.888,1303,9,1540,710.595,1353,3333,0.14
morning-rush,B5,plain,nearest-car,20401,400,0,0,920,340.493,737,3,984,390.783,779,3333,0.112
morning-rush,B5,plain,nearest-car,20405,400,0,0,1221,357.845,1063,13,1294,406.32,1095,3333,0.12
morning-rush,B5,plain,nearest-car,20404,400,0,0,1158,452.495,979,5,1163,503.022,1025,3333,0.119
morning-rush,B5,plain,nearest-car,20406,400,0,0,1146,374.605,938,15,1209,422.012,1009,3333,0.118
morning-rush,B5,plain,nearest-car,20403,400,0,0,1297,435.705,1090,15,1393,485.738,1131,3333,0.132
morning-rush,B5,plain,nearest-car,20407,400,0,0,1143,439.97,1012,6,1224,489.308,1053,3333,0.117
morning-rush,B5,plain,nearest-car,20408,400,0,0,1175,436.41,990,7,1257,486.892,1041,3333,0.13
morning-rush,B5,plain,nearest-car,20409,400,0,0,1062,328.03,929,1,1135,377.363,983,3333,0.111
morning-rush,B5,plain,nearest-car-eta,20401,400,0,0,99,56.175,92,3,194,106.465,165,3333,0.116
morning-rush,B5,plain,nearest-car-eta,20402,400,0,0,118,57.267,95,5,191,107.793,170,3333,0.112
morning-rush,B5,plain,nearest-car-eta,20405,400,0,0,111,61.508,94,8,195,109.983,169,3333,0.118
morning-rush,B5,plain,nearest-car-eta,20404,400,0,0,102,61.797,96,14,196,112.325,178,3333,0.108
morning-rush,B5,plain,nearest-car-eta,20406,400,0,0,109,57.7,93,15,189,105.108,167,3333,0.098
morning-rush,B5,plain,nearest-car-eta,20400,400,0,0,99,57.5,93,5,187,108.207,165,3333,0.111
morning-rush,B5,plain,nearest-car-eta,20407,400,0,0,136,60.42,96,9,200,109.757,173,3333,0.102
morning-rush,B5,plain,nearest-car-eta,20408,400,0,0,102,59.545,95,8,193,110.028,168,3333,0.1
morning-rush,B5,plain,nearest-car-eta,20403,400,0,0,99,57.705,95,13,191,107.737,170,3333,0.118
morning-rush,B5,plain,nearest-car-eta,20409,400,0,0,99,56.02,94,2,194,105.353,171,3333,0.108
morning-rush,B5,plain,round-robin,20400,400,0,0,191,81.085,164,13,271,131.792,227,3333,0.092
morning-rush,B5,plain,round-robin,20401,400,0,0,193,78.043,168,3,278,128.333,228,3333,0.096
morning-rush,B5,plain,round-robin,20404,400,0,0,189,82.015,170,12,275,132.542,233,3333,0.099
morning-rush,B5,plain,round-robin,20402,400,0,0,195,77.225,173,6,266,127.75,231,3333,0.09
morning-rush,B5,plain,round-robin,20403,400,0,0,191,81.373,168,15,274,131.405,229,3333,0.091
morning-rush,B5,plain,round-robin,20407,400,0,0,196,82.478,167,6,288,131.815,224,3333,0.084
morning-rush,B5,plain,round-robin,20405,400,0,0,200,78.725,167,8,291,127.2,225,3333,0.097
morning-rush,B5,plain,round-robin,20406,400,0,0,185,74.715,160,5,267,122.123,221,3333,0.098
morning-rush,B5,plain,round-robin,20408,400,0,0,202,83.61,173,9,294,134.093,228,3333,0.093
morning-rush,B5,plain,round-robin,20409,400,0,0,195,81.713,171,2,278,131.045,231,3333,0.094
morning-rush,B5,plain,zone-based,20400,400,0,0,757,308.158,703,8,831,358.865,766,3333,0.121
morning-rush,B5,plain,zone-based,20403,400,0,0,492,170.718,362,13,588,220.75,415,3333,0.104
morning-rush,B5,plain,zone-based,20402,400,0,0,1015,248.61,840,10,1097,299.135,878,3333,0.089
morning-rush,B5,plain,zone-based,20404,400,0,2,428,192.845,364,16,490,243.373,416,3333,0.11
morning-rush,B5,plain,zone-based,20401,400,0,3,1099,424.955,918,13,1166,475.245,963,3333,0.134
morning-rush,B5,plain,zone-based,20407,400,0,1,568,263.567,524,8,641,312.905,556,3333,0.101
morning-rush,B5,plain,zone-based,20406,400,0,0,565,227.07,507,23,656,274.478,544,3333,0.104
morning-rush,B5,plain,zone-based,20405,400,0,0,886,278.803,714,8,929,327.277,761,3333,0.119
morning-rush,B5,plain,zone-based,20408,400,0,0,665,238.52,538,9,710,289.002,571,3333,0.106
morning-rush,B5,plain,zone-based,20409,400,0,0,384,149.322,328,2,474,198.655,385,3333,0.096
morning-rush,B5,plain,express,20401,400,0,0,356,69.7,229,3,425,119.99,310,3333,0.112
morning-rush,B5,plain,express,20400,400,0,0,410,78.19,243,3,499,128.898,329,3333,0.112
morning-rush,B5,plain,express,20402,400,0,0,544,108.593,418,5,621,159.118,500,3333,0.116
morning-rush,B5,plain,express,20404,400,0,0,453,88.993,289,4,537,139.52,376,3333,0.107
morning-rush,B5,plain,express,20403,400,0,0,303,62.523,187,3,372,112.555,276,3333,0.114
morning-rush,B5,plain,express,20405,400,0,0,219,54.215,167,6,296,102.69,249,3333,0.108
morning-rush,B5,plain,express,20407,400,0,0,518,118.015,447,4,611,167.352,520,3333,0.111
morning-rush,B5,plain,express,20406,400,0,0,318,57.315,172,6,411,104.722,255,3333,0.111
morning-rush,B5,plain,express,20408,400,0,0,247,60.54,186,6,344,111.022,273,3333,0.112
morning-rush,B5,plain,express,20409,400,0,0,341,62.835,197,2,424,112.168,286,3333,0.107
morning-rush,B5,stop1,eta-cost,20400,400,0,0,101,58.748,94,8,200,113.718,175,3333,0.147
morning-rush,B5,stop1,eta-cost,20402,400,0,0,111,57.95,95,6,204,112.65,178,3333,0.146
morning-rush,B5,stop1,eta-cost,20401,400,0,0,99,57.125,93,4,202,111.59,172,3333,0.151
morning-rush,B5,stop1,eta-cost,20403,400,0,0,99,59.392,96,14,199,113.683,179,3333,0.147
morning-rush,B5,stop1,eta-cost,20404,400,0,0,111,62.502,95,16,200,117.215,184,3333,0.146
morning-rush,B5,stop1,eta-cost,20406,400,0,0,115,55.865,93,5,205,107.317,171,3333,0.147
morning-rush,B5,stop1,eta-cost,20405,400,0,0,116,61.513,95,9,203,114.188,176,3333,0.146
morning-rush,B5,stop1,eta-cost,20407,400,0,0,143,61.14,96,5,216,114.7,181,3333,0.146
morning-rush,B5,stop1,eta-cost,20408,400,0,0,115,59.595,94,10,194,114.188,174,3333,0.139
morning-rush,B5,stop1,eta-cost,20409,400,0,0,99,56.197,94,3,200,109.72,176,3333,0.146
morning-rush,B5,stop1,eta-cost-fair,20400,400,0,0,101,58.667,93,8,200,113.642,175,3333,0.149
morning-rush,B5,stop1,eta-cost-fair,20401,400,0,0,99,57.125,93,4,202,111.59,172,3333,0.152
morning-rush,B5,stop1,eta-cost-fair,20402,400,0,0,111,57.953,95,6,205,112.653,178,3333,0.148
morning-rush,B5,stop1,eta-cost-fair,20403,400,0,0,99,58.615,96,14,195,112.812,181,3333,0.153
morning-rush,B5,stop1,eta-cost-fair,20404,400,0,0,111,62.502,95,16,200,117.215,184,3333,0.149
morning-rush,B5,stop1,eta-cost-fair,20405,400,0,0,116,61.515,95,9,203,114.183,176,3333,0.141
morning-rush,B5,stop1,eta-cost-fair,20407,400,0,0,143,61.14,96,5,216,114.7,181,3333,0.15
morning-rush,B5,stop1,eta-cost-fair,20406,400,0,0,115,55.943,93,8,203,107.353,170,3333,0.14
morning-rush,B5,stop1,eta-cost-fair,20409,400,0,0,99,56.197,94,3,200,109.72,176,3333,0.143
morning-rush,B5,stop1,eta-cost-fair,20408,400,0,0,115,59.595,94,10,194,114.188,174,3333,0.149
morning-rush,B5,stop1,nearest-car,20400,400,0,0,1880,778.39,1729,13,1967,833.38,1775,3333,0.136
morning-rush,B5,stop1,nearest-car,20403,400,0,0,872,346.41,755,19,962,400.605,813,3333,0.12
morning-rush,B5,stop1,nearest-car,20402,400,0,0,1316,531.115,1049,10,1398,585.827,1106,3333,0.135
morning-rush,B5,stop1,nearest-car,20404,400,0,0,747,235.38,564,4,827,290.02,615,3333,0.113
morning-rush,B5,stop1,nearest-car,20401,400,0,0,1123,527.197,969,4,1204,581.68,1047,3333,0.135
morning-rush,B5,stop1,nearest-car,20407,400,0,0,828,313.163,659,8,919,366.555,729,3333,0.113
morning-rush,B5,stop1,nearest-car,20406,400,0,0,1130,311.02,970,12,1231,362.475,1026,3333,0.107
morning-rush,B5,stop1,nearest-car,20408,400,0,0,1033,348.373,944,8,1115,402.967,1010,3333,0.131
morning-rush,B5,stop1,nearest-car,20405,400,0,0,1312,509.923,1124,4,1411,562.648,1187,3333,0.136
morning-rush,B5,stop1,nearest-car,20409,400,0,0,1251,534.817,1101,3,1315,588.335,1145,3333,0.127
morning-rush,B5,stop1,nearest-car-eta,20400,400,0,0,99,57.248,93,6,196,112.225,172,3333,0.125
morning-rush,B5,stop1,nearest-car-eta,20403,400,0,0,99,58.04,96,14,203,112.32,177,3333,0.13
morning-rush,B5,stop1,nearest-car-eta,20401,400,0,0,99,57.125,93,4,202,111.6,172,3333,0.128
morning-rush,B5,stop1,nearest-car-eta,20404,400,0,0,111,62.502,95,16,200,117.215,184,3333,0.113
morning-rush,B5,stop1,nearest-car-eta,20406,400,0,0,124,57.123,93,8,202,108.562,176,3333,0.137
morning-rush,B5,stop1,nearest-car-eta,20405,400,0,0,116,61.837,95,9,203,114.55,177,3333,0.123
morning-rush,B5,stop1,nearest-car-eta,20402,400,0,0,111,58.913,95,6,203,113.615,178,3333,0.127
morning-rush,B5,stop1,nearest-car-eta,20408,400,0,0,115,59.595,94,10,194,114.188,174,3333,0.126
morning-rush,B5,stop1,round-robin,20400,400,0,0,206,84.95,172,8,291,138.792,240,3333,0.09
morning-rush,B5,stop1,nearest-car-eta,20407,400,0,0,143,61.14,96,5,216,114.7,181,3333,0.121
morning-rush,B5,stop1,nearest-car-eta,20409,400,0,0,99,56.197,94,3,200,109.72,176,3333,0.125
morning-rush,B5,stop1,round-robin,20401,400,0,0,196,82.085,165,4,276,135.29,235,3333,0.103
morning-rush,B5,stop1,round-robin,20403,400,0,0,200,79.275,172,14,288,132.16,235,3333,0.092
morning-rush,B5,stop1,round-robin,20404,400,0,0,216,87.55,178,9,287,141.25,249,3333,0.098
morning-rush,B5,stop1,round-robin,20407,400,0,0,200,85.355,173,6,287,137.917,234,3333,0.092
morning-rush,B5,stop1,round-robin,20402,400,0,0,200,80.948,170,6,286,134.477,245,3333,0.087
morning-rush,B5,stop1,round-robin,20408,400,0,0,196,82.185,172,4,298,135.745,232,3333,0.098
morning-rush,B5,stop1,round-robin,20405,400,0,0,197,86.362,177,12,279,137.805,238,3333,0.094
morning-rush,B5,stop1,round-robin,20406,400,0,0,199,78.895,166,6,278,129.157,230,3333,0.098
morning-rush,B5,stop1,round-robin,20409,400,0,0,198,82.552,169,3,283,134.762,237,3333,0.107
morning-rush,B5,stop1,zone-based,20403,400,0,0,543,184.265,378,11,584,238.322,437,3333,0.102
morning-rush,B5,stop1,zone-based,20402,400,0,0,699,233.655,524,11,792,288.355,579,3333,0.115
morning-rush,B5,stop1,zone-based,20401,400,0,4,1331,523.515,1271,24,1423,578.092,1313,3333,0.112
morning-rush,B5,stop1,zone-based,20404,400,0,0,721,261.842,559,3,764,316.45,608,3333,0.117
morning-rush,B5,stop1,zone-based,20407,400,0,0,602,230.425,554,8,688,283.995,588,3333,0.105
morning-rush,B5,stop1,zone-based,20406,400,0,0,951,336.863,789,6,1028,388.4,845,3333,0.113
morning-rush,B5,stop1,zone-based,20405,400,0,0,1149,438.05,976,6,1240,490.845,1021,3333,0.126
morning-rush,B5,stop1,zone-based,20408,400,0,1,782,320.002,622,12,870,374.67,703,3333,0.112
morning-rush,B5,stop1,zone-based,20409,400,0,0,612,291.125,565,13,694,344.705,632,3333,0.105
morning-rush,B5,stop1,zone-based,20400,400,0,0,478,197.613,395,16,573,252.56,455,3333,0.099
morning-rush,B5,stop1,express,20401,400,0,0,364,71.885,247,4,456,125.608,330,3333,0.114
morning-rush,B5,stop1,express,20400,400,0,0,515,98.108,324,4,589,152.442,410,3333,0.133
morning-rush,B5,stop1,express,20405,400,0,0,269,59.508,175,2,366,111.668,264,3333,0.129
morning-rush,B5,stop1,express,20403,400,0,0,355,71.543,230,4,440,124.985,318,3333,0.111
morning-rush,B5,stop1,express,20402,400,0,0,624,119.978,491,3,711,173.83,575,3333,0.146
morning-rush,B5,stop1,express,20406,400,0,0,257,56.59,177,7,348,107.442,262,3333,0.123
morning-rush,B5,stop1,express,20407,400,0,0,646,140.243,545,4,745,193.183,623,3333,0.142
morning-rush,B5,stop1,express,20404,400,0,0,545,114.2,395,5,645,168.357,491,3333,0.147
morning-rush,B5,stop1,express,20408,400,0,0,263,62.517,190,7,343,116.635,279,3333,0.123
morning-rush,B5,stop1,express,20409,400,0,0,436,74.603,265,3,528,127.34,348,3333,0.127
morning-rush,B6,plain,eta-cost,20501,400,0,0,59,34.562,56,7,115,63.318,101,4000,0.097
morning-rush,B6,plain,eta-cost,20503,400,0,0,72,37,57,5,124,66.955,102,4000,0.125
morning-rush,B6,plain,eta-cost,20500,400,0,0,59,36.42,57,8,117,67.422,104,4000,0.128
morning-rush,B6,plain,eta-cost,20502,400,0,0,76,34.71,56,5,116,65.995,103,4000,0.101
morning-rush,B6,plain,eta-cost,20504,400,0,0,87,35.71,58,8,115,66.165,104,4000,0.115
morning-rush,B6,plain,eta-cost,20506,400,0,0,73,35.38,57,10,131,66.112,105,4000,0.117
morning-rush,B6,plain,eta-cost,20508,400,0,0,67,37.188,58,11,114,68.257,106,4000,0.122
morning-rush,B6,plain,eta-cost,20505,400,0,0,66,36.36,57,5,112,67.35,105,4000,0.131
morning-rush,B6,plain,eta-cost,20507,400,0,0,73,35.58,56,2,126,65.43,104,4000,0.119
morning-rush,B6,plain,eta-cost,20509,400,0,0,59,35.013,58,2,116,64.797,104,4000,0.112
morning-rush,B6,plain,eta-cost-fair,20502,400,0,0,76,34.71,56,5,116,65.995,103,4000,0.121
morning-rush,B6,plain,eta-cost-fair,20500,400,0,0,59,36.42,57,8,117,67.422,104,4000,0.126
morning-rush,B6,plain,eta-cost-fair,20501,400,0,0,59,34.562,56,7,115,63.318,101,4000,0.108
morning-rush,B6,plain,eta-cost-fair,20505,400,0,0,66,36.36,57,5,112,67.35,105,4000,0.128
morning-rush,B6,plain,eta-cost-fair,20503,400,0,0,72,37,57,5,124,66.955,102,4000,0.13
morning-rush,B6,plain,eta-cost-fair,20506,400,0,0,73,35.38,57,10,131,66.112,105,4000,0.097
morning-rush,B6,plain,eta-cost-fair,20504,400,0,0,87,35.71,58,8,115,66.165,104,4000,0.129
morning-rush,B6,plain,eta-cost-fair,20509,400,0,0,59,35.013,58,2,116,64.797,104,4000,0.093
morning-rush,B6,plain,eta-cost-fair,20507,400,0,0,73,35.58,56,2,126,65.43,104,4000,0.12
morning-rush,B6,plain,eta-cost-fair,20508,400,0,0,67,37.188,58,11,114,68.257,106,4000,0.126
morning-rush,B6,plain,nearest-car,20501,400,0,0,418,115.765,306,2,468,144.52,343,4000,0.105
morning-rush,B6,plain,nearest-car,20502,400,0,0,1012,332.327,910,6,1040,363.613,947,4000,0.122
morning-rush,B6,plain,nearest-car,20500,400,0,0,817,332.595,644,8,868,363.598,673,4000,0.123
morning-rush,B6,plain,nearest-car,20505,400,0,0,820,267.875,630,5,840,298.865,660,4000,0.118
morning-rush,B6,plain,nearest-car,20503,400,0,0,957,512.763,879,18,984,542.717,911,4000,0.128
morning-rush,B6,plain,nearest-car,20506,400,0,0,1005,473.887,867,5,1063,504.62,888,4000,0.135
morning-rush,B6,plain,nearest-car,20507,400,0,0,1125,411.918,998,2,1157,441.767,1029,4000,0.129
morning-rush,B6,plain,nearest-car,20509,400,0,0,1057,352.613,953,4,1098,382.397,978,4000,0.117
morning-rush,B6,plain,nearest-car,20508,400,0,0,1325,529.933,1177,5,1343,561.003,1201,4000,0.147
morning-rush,B6,plain,nearest-car-eta,20500,400,0,0,59,36.42,57,8,117,67.422,104,4000,0.107
morning-rush,B6,plain,nearest-car-eta,20502,400,0,0,76,34.57,56,5,116,65.855,103,4000,0.111
morning-rush,B6,plain,nearest-car-eta,20501,400,0,0,59,34.562,56,7,115,63.318,101,4000,0.111
morning-rush,B6,plain,nearest-car-eta,20503,400,0,0,72,37,57,5,124,66.955,102,4000,0.105
morning-rush,B6,plain,nearest-car-eta,20505,400,0,0,66,36.36,57,5,112,67.35,105,4000,0.107
morning-rush,B6,plain,nearest-car-eta,20504,400,0,0,87,35.955,58,8,115,66.41,105,4000,0.109
morning-rush,B6,plain,nearest-car-eta,20506,400,0,0,73,35.42,57,10,131,66.153,105,4000,0.106
morning-rush,B6,plain,nearest-car-eta,20507,400,0,0,73,35.58,56,2,126,65.43,104,4000,0.107
morning-rush,B6,plain,nearest-car,20504,400,0,0,4407,1829.967,4179,25,4426,1860.422,4213,4000,0.268
morning-rush,B6,plain,nearest-car-eta,20508,400,0,0,67,36.892,58,11,114,67.963,106,4000,0.116
morning-rush,B6,plain,nearest-car-eta,20509,400,0,0,59,35.013,58,2,116,64.797,104,4000,0.111
morning-rush,B6,plain,round-robin,20500,400,0,0,113,41.6,93,7,162,72.603,129,4000,0.098
morning-rush,B6,plain,round-robin,20501,400,0,0,115,39.165,90,2,152,67.92,122,4000,0.093
morning-rush,B6,plain,round-robin,20502,400,0,0,126,42.92,96,3,176,74.205,133,4000,0.093
morning-rush,B6,plain,round-robin,20503,400,0,0,115,41.758,95,3,165,71.713,131,4000,0.098
morning-rush,B6,plain,round-robin,20504,400,0,0,112,41.875,94,3,153,72.33,127,4000,0.099
morning-rush,B6,plain,round-robin,20506,400,0,0,114,42.605,91,5,167,73.338,127,4000,0.102
morning-rush,B6,plain,round-robin,20505,400,0,0,129,43.735,97,5,162,74.725,133,4000,0.098
morning-rush,B6,plain,round-robin,20507,400,0,0,113,41.653,93,2,165,71.502,126,4000,0.095
morning-rush,B6,plain,round-robin,20508,400,0,0,132,43.77,96,7,161,74.84,132,4000,0.098
morning-rush,B6,plain,zone-based,20500,400,0,0,320,97.358,194,6,369,128.36,232,4000,0.103
morning-rush,B6,plain,zone-based,20501,400,0,1,398,138.778,300,8,454,167.532,327,4000,0.106
morning-rush,B6,plain,zone-based,20502,400,0,0,421,139.79,336,7,455,171.075,369,4000,0.103
morning-rush,B6,plain,zone-based,20504,400,0,0,385,126.757,306,7,429,157.213,336,4000,0.11
morning-rush,B6,plain,zone-based,20506,400,0,0,482,145.08,345,12,511,175.812,373,4000,0.107
morning-rush,B6,plain,zone-based,20503,400,0,0,460,158.898,371,11,474,188.852,396,4000,0.105
morning-rush,B6,plain,zone-based,20507,400,0,0,353,121.9,272,2,364,151.75,305,4000,0.101
morning-rush,B6,plain,zone-based,20505,400,0,1,553,130.593,440,5,604,161.583,463,4000,0.105
morning-rush,B6,plain,zone-based,20508,400,0,0,296,97.545,221,6,354,128.615,254,4000,0.106
morning-rush,B6,plain,round-robin,20509,400,0,0,142,40.555,95,2,181,70.34,132,4000,0.1
morning-rush,B6,plain,zone-based,20509,400,0,0,484,171.635,417,2,538,201.42,458,4000,0.108
morning-rush,B6,plain,express,20500,400,0,0,271,49.407,166,1,324,80.41,218,4000,0.1
morning-rush,B6,plain,express,20501,400,0,0,249,43.557,150,2,307,72.312,197,4000,0.109
morning-rush,B6,plain,express,20504,400,0,0,286,49.665,177,4,338,80.12,229,4000,0.105
morning-rush,B6,plain,express,20503,400,0,0,397,74.885,273,2,449,104.84,323,4000,0.125
morning-rush,B6,plain,express,20506,400,0,0,275,48.56,167,5,318,79.293,217,4000,0.113
morning-rush,B6,plain,express,20502,400,0,0,523,92.33,403,3,563,123.615,455,4000,0.13
morning-rush,B6,plain,express,20508,400,0,0,429,90.323,320,3,469,121.392,368,4000,0.127
morning-rush,B6,plain,express,20505,400,0,0,415,91.808,327,3,462,122.797,374,4000,0.116
morning-rush,B6,plain,express,20507,400,0,0,374,63.1,255,2,426,92.95,295,4000,0.118
morning-rush,B6,stop1,eta-cost,20500,400,0,0,59,36.398,57,9,120,69.785,108,4000,0.137
morning-rush,B6,stop1,eta-cost,20501,400,0,0,59,34.53,56,5,122,65.66,106,4000,0.131
morning-rush,B6,stop1,eta-cost,20502,400,0,0,81,35.51,58,6,127,69.153,107,4000,0.139
morning-rush,B6,stop1,eta-cost,20503,400,0,0,77,35.675,57,6,133,67.978,105,4000,0.131
morning-rush,B6,stop1,eta-cost,20505,400,0,0,79,35.727,58,6,120,69.145,109,4000,0.139
morning-rush,B6,stop1,eta-cost,20504,400,0,0,100,36.523,58,9,122,69.358,109,4000,0.141
morning-rush,B6,plain,express,20509,400,0,0,444,95.755,332,3,485,125.54,383,4000,0.117
morning-rush,B6,stop1,eta-cost,20506,400,0,0,77,35.55,57,11,139,68.625,109,4000,0.127
morning-rush,B6,stop1,eta-cost,20507,400,0,0,77,35.545,57,3,133,67.76,107,4000,0.135
morning-rush,B6,stop1,eta-cost,20508,400,0,0,67,35.133,58,6,119,68.517,106,4000,0.144
morning-rush,B6,stop1,eta-cost,20509,400,0,0,62,35.737,58,5,120,67.9,110,4000,0.14
morning-rush,B6,stop1,eta-cost-fair,20502,400,0,0,81,35.88,58,6,128,69.54,107,4000,0.128
morning-rush,B6,stop1,eta-cost-fair,20500,400,0,0,59,36.203,57,9,120,69.585,108,4000,0.14
morning-rush,B6,stop1,eta-cost-fair,20501,400,0,0,59,34.755,56,4,122,65.868,104,4000,0.133
morning-rush,B6,stop1,eta-cost-fair,20503,400,0,0,82,34.883,57,6,138,67.18,105,4000,0.134
morning-rush,B6,stop1,eta-cost-fair,20504,400,0,0,100,36.523,58,9,122,69.358,109,4000,0.137
morning-rush,B6,stop1,eta-cost-fair,20506,400,0,0,77,35.212,57,8,139,68.275,109,4000,0.123
morning-rush,B6,stop1,eta-cost-fair,20505,400,0,0,79,35.727,58,6,120,69.145,109,4000,0.126
morning-rush,B6,stop1,eta-cost-fair,20508,400,0,0,67,35.18,58,7,119,68.56,108,4000,0.135
morning-rush,B6,stop1,eta-cost-fair,20507,400,0,0,77,35.752,57,3,133,67.968,107,4000,0.136
morning-rush,B6,stop1,nearest-car,20501,400,0,0,746,199.96,485,7,766,231.102,529,4000,0.109
morning-rush,B6,stop1,eta-cost-fair,20509,400,0,0,62,34.797,58,5,119,66.92,109,4000,0.128
morning-rush,B6,stop1,nearest-car,20500,400,0,0,1178,468.895,1003,9,1205,502.283,1051,4000,0.151
morning-rush,B6,stop1,nearest-car,20502,400,0,0,1243,478.15,1111,7,1281,511.83,1148,4000,0.135
morning-rush,B6,stop1,nearest-car,20504,400,0,0,1054,414.202,872,12,1082,447.07,892,4000,0.134
morning-rush,B6,stop1,nearest-car,20503,400,0,0,1318,633.06,1150,13,1347,665.39,1189,4000,0.153
morning-rush,B6,stop1,nearest-car,20505,400,0,0,1242,564.835,1047,6,1266,598.217,1091,4000,0.136
morning-rush,B6,stop1,nearest-car,20506,400,0,0,1246,525.065,1073,6,1269,558.207,1111,4000,0.133
morning-rush,B6,stop1,nearest-car,20507,400,0,0,1471,575.428,1340,3,1513,607.668,1382,4000,0.157
morning-rush,B6,stop1,nearest-car,20509,400,0,0,773,291.84,677,6,835,323.973,699,4000,0.128
morning-rush,B6,stop1,nearest-car-eta,20500,400,0,0,59,35.977,57,9,121,69.35,105,4000,0.122
morning-rush,B6,stop1,nearest-car-eta,20501,400,0,0,59,34.355,56,10,119,65.485,103,4000,0.111
morning-rush,B6,stop1,nearest-car-eta,20502,400,0,0,82,36.24,58,6,130,69.885,109,4000,0.113
morning-rush,B6,stop1,nearest-car,20508,400,0,0,2159,1043.845,2052,12,2195,1077.297,2088,4000,0.19
morning-rush,B6,stop1,nearest-car-eta,20504,400,0,0,100,36.523,58,9,122,69.358,109,4000,0.117
morning-rush,B6,stop1,nearest-car-eta,20503,400,0,0,77,35.695,57,6,133,67.995,106,4000,0.118
morning-rush,B6,stop1,nearest-car-eta,20505,400,0,0,79,35.727,58,6,120,69.145,109,4000,0.114
morning-rush,B6,stop1,nearest-car-eta,20506,400,0,0,77,35.6,57,11,139,68.683,109,4000,0.116
morning-rush,B6,stop1,nearest-car-eta,20509,400,0,0,62,35.737,58,5,120,67.9,110,4000,0.111
morning-rush,B6,stop1,nearest-car-eta,20508,400,0,0,72,36.825,58,7,122,70.257,108,4000,0.126
morning-rush,B6,stop1,round-robin,20500,400,0,0,118,41.49,95,9,167,74.103,129,4000,0.114
morning-rush,B6,stop1,round-robin,20501,400,0,0,114,39.76,92,6,163,70.175,125,4000,0.095
morning-rush,B6,stop1,round-robin,20502,400,0,0,112,43.968,98,4,159,77.005,139,4000,0.099
morning-rush,B6,stop1,round-robin,20503,400,0,0,114,44.195,99,4,169,75.85,131,4000,0.108
morning-rush,B6,stop1,round-robin,20504,400,0,0,120,43.13,97,7,160,75.267,132,4000,0.101
morning-rush,B6,stop1,round-robin,20505,400,0,0,140,45.758,102,2,169,78.483,143,4000,0.095
morning-rush,B6,stop1,nearest-car-eta,20507,400,0,0,66,35.54,57,3,121,67.748,109,4000,0.113
morning-rush,B6,stop1,round-robin,20506,400,0,0,117,44.38,95,6,167,76.88,131,4000,0.102
morning-rush,B6,stop1,round-robin,20507,400,0,0,119,43.833,100,3,169,75.395,134,4000,0.081
morning-rush,B6,stop1,round-robin,20508,400,0,0,142,44.913,103,5,170,77.725,133,4000,0.103
morning-rush,B6,stop1,round-robin,20509,400,0,0,125,43.623,97,5,165,75.172,140,4000,0.102
morning-rush,B6,stop1,zone-based,20500,400,0,0,345,125.233,279,5,395,158.56,314,4000,0.111
morning-rush,B6,stop1,zone-based,20501,400,0,0,346,116.82,277,4,394,147.928,296,4000,0.105
morning-rush,B6,stop1,zone-based,20502,400,0,0,355,138.53,272,7,392,172.205,309,4000,0.103
morning-rush,B6,stop1,zone-based,20503,400,0,0,442,143.49,347,11,487,175.795,389,4000,0.109
morning-rush,B6,stop1,zone-based,20504,400,0,1,842,250.75,612,14,870,283.592,656,4000,0.116
morning-rush,B6,stop1,zone-based,20505,400,0,0,697,247.268,555,5,715,280.61,594,4000,0.114
morning-rush,B6,stop1,zone-based,20507,400,0,0,620,184.22,509,3,643,216.407,544,4000,0.112
morning-rush,B6,stop1,zone-based,20508,400,0,0,720,195.33,474,19,741,228.745,493,4000,0.119
morning-rush,B6,stop1,zone-based,20509,400,0,0,1046,370.743,931,6,1078,402.955,959,4000,0.125
morning-rush,B6,stop1,express,20501,400,0,0,269,48.818,176,3,329,79.605,227,4000,0.114
morning-rush,B6,stop1,express,20500,400,0,0,353,52.39,212,4,405,85.44,270,4000,0.119
morning-rush,B6,stop1,express,20502,400,0,0,606,102.037,479,4,647,135.458,524,4000,0.134
morning-rush,B6,stop1,zone-based,20506,400,0,0,427,131.11,320,8,487,164.22,347,4000,0.11
morning-rush,B6,stop1,express,20503,400,0,0,448,91.328,356,4,492,123.433,406,4000,0.13
morning-rush,B6,stop1,express,20504,400,0,0,286,54.23,186,4,344,86.725,243,4000,0.119
morning-rush,B6,stop1,express,20506,400,0,0,329,56.99,200,5,376,89.817,252,4000,0.115
morning-rush,B6,stop1,express,20505,400,0,0,575,120.192,442,2,625,153.282,498,4000,0.143
morning-rush,B7,plain,eta-cost,20600,400,0,0,59,37.102,57,8,116,67.627,105,1000,0.1
morning-rush,B6,stop1,express,20507,400,0,0,419,71.963,296,3,474,103.918,347,4000,0.118
morning-rush,B6,stop1,express,20509,400,0,0,508,121.1,436,4,550,152.998,485,4000,0.129
morning-rush,B6,stop1,express,20508,400,0,0,556,114.94,438,6,597,148.12,490,4000,0.143
morning-rush,B7,plain,eta-cost,20602,400,0,0,66,37.39,58,5,121,68.272,103,1000,0.116
morning-rush,B7,plain,eta-cost,20601,400,0,0,59,36.093,56,3,114,66.245,102,1000,0.095
morning-rush,B7,plain,eta-cost,20603,400,0,0,59,35.79,57,7,116,65.095,102,1000,0.096
morning-rush,B7,plain,eta-cost,20604,400,0,0,59,35.508,57,8,117,66.672,104,1000,0.103
morning-rush,B7,plain,eta-cost,20609,400,0,0,59,35.285,56,4,114,65.308,104,1000,0.101
morning-rush,B7,plain,eta-cost,20605,400,0,0,72,37.093,58,19,131,67.853,103,1000,0.108
morning-rush,B7,plain,eta-cost-fair,20600,400,0,0,59,37.102,57,8,116,67.627,105,1000,0.1
morning-rush,B7,plain,eta-cost,20606,400,0,0,64,34.75,56,4,116,64.29,101,1000,0.09
morning-rush,B7,plain,eta-cost-fair,20601,400,0,0,59,36.093,56,3,114,66.245,102,1000,0.095
morning-rush,B7,plain,eta-cost,20607,400,0,0,59,36.54,57,10,112,66.672,100,1000,0.094
morning-rush,B7,plain,eta-cost,20608,400,0,0,59,35.56,56,7,116,66.87,103,1000,0.092
morning-rush,B7,plain,eta-cost-fair,20602,400,0,0,66,37.39,58,5,121,68.272,103,1000,0.11
morning-rush,B7,plain,eta-cost-fair,20603,400,0,0,59,35.79,57,7,116,65.095,102,1000,0.1
morning-rush,B7,plain,nearest-car,20601,400,0,0,576,197.808,535,3,610,227.96,543,1000,0.05
morning-rush,B7,plain,eta-cost-fair,20604,400,0,0,59,35.508,57,8,117,66.672,104,1000,0.099
morning-rush,B7,plain,nearest-car,20600,400,0,0,591,238.045,485,8,645,268.57,518,1000,0.06
morning-rush,B7,plain,eta-cost-fair,20605,400,0,0,72,37.093,58,19,131,67.853,103,1000,0.102
morning-rush,B7,plain,eta-cost-fair,20606,400,0,0,64,34.75,56,4,116,64.29,101,1000,0.088
morning-rush,B7,plain,eta-cost-fair,20607,400,0,0,59,36.54,57,10,112,66.672,100,1000,0.095
morning-rush,B7,plain,eta-cost-fair,20608,400,0,0,59,35.56,56,7,116,66.87,103,1000,0.098
morning-rush,B7,plain,nearest-car,20605,400,0,0,317,103.33,223,7,374,134.09,262,1000,0.037
morning-rush,B7,plain,eta-cost-fair,20609,400,0,0,59,35.285,56,4,114,65.308,104,1000,0.106
morning-rush,B7,plain,nearest-car,20603,400,0,0,309,92.325,212,7,349,121.63,251,1000,0.041
morning-rush,B7,plain,nearest-car,20602,400,0,0,670,268.885,563,5,727,299.767,602,1000,0.058
morning-rush,B7,plain,nearest-car,20604,400,0,0,474,230.968,447,14,521,262.132,475,1000,0.054
morning-rush,B7,plain,nearest-car,20609,400,0,0,433,136.25,346,7,480,166.273,394,1000,0.049
morning-rush,B7,plain,nearest-car,20606,400,0,0,442,176.775,356,4,488,206.315,395,1000,0.056
morning-rush,B7,plain,nearest-car,20608,400,0,0,536,199.765,449,15,586,231.075,480,1000,0.054
morning-rush,B7,plain,nearest-car,20607,400,0,0,442,188.683,428,14,495,218.815,451,1000,0.055
morning-rush,B7,plain,nearest-car-eta,20602,400,0,0,61,36.135,57,5,116,67.017,101,1000,0.079
morning-rush,B7,plain,nearest-car-eta,20606,400,0,0,64,34.75,56,4,116,64.29,101,1000,0.072
morning-rush,B7,plain,round-robin,20600,400,0,0,118,54.062,107,2,171,84.588,147,1000,0.036
morning-rush,B7,plain,nearest-car-eta,20601,400,0,0,59,35.3,56,3,114,65.453,101,1000,0.078
morning-rush,B7,plain,nearest-car-eta,20600,400,0,0,59,35.95,57,7,116,66.475,106,1000,0.073
morning-rush,B7,plain,round-robin,20601,400,0,0,115,53.532,102,3,166,83.685,144,1000,0.031
morning-rush,B7,plain,nearest-car-eta,20603,400,0,0,59,35.79,57,7,116,65.095,102,1000,0.074
morning-rush,B7,plain,nearest-car-eta,20604,400,0,0,59,35.508,57,8,117,66.672,104,1000,0.075
morning-rush,B7,plain,nearest-car-eta,20605,400,0,0,72,36.553,58,19,131,67.312,102,1000,0.077
morning-rush,B7,plain,round-robin,20602,400,0,0,125,54.825,107,2,170,85.707,142,1000,0.035
morning-rush,B7,plain,nearest-car-eta,20607,400,0,0,59,36.54,57,10,112,66.672,100,1000,0.074
morning-rush,B7,plain,nearest-car-eta,20608,400,0,0,59,35.56,56,7,116,66.87,103,1000,0.077
morning-rush,B7,plain,round-robin,20605,400,0,0,113,52.858,104,1,168,83.618,145,1000,0.035
morning-rush,B7,plain,round-robin,20603,400,0,0,117,53.322,105,4,169,82.627,142,1000,0.04
morning-rush,B7,plain,round-robin,20604,400,0,0,115,52.77,104,5,167,83.935,145,1000,0.035
morning-rush,B7,plain,nearest-car-eta,20609,400,0,0,59,35.285,56,4,114,65.308,104,1000,0.077
morning-rush,B7,plain,round-robin,20606,400,0,0,115,52.837,104,4,169,82.377,143,1000,0.037
morning-rush,B7,plain,round-robin,20609,400,0,0,116,54.285,105,2,166,84.308,143,1000,0.033
morning-rush,B7,plain,round-robin,20608,400,0,0,117,52.267,107,3,170,83.578,146,1000,0.04
morning-rush,B7,plain,round-robin,20607,400,0,0,115,53.072,104,10,162,83.205,141,1000,0.044
morning-rush,B7,plain,zone-based,20600,400,0,0,487,163.305,445,7,526,193.83,457,1000,0.046
morning-rush,B7,plain,zone-based,20601,400,0,1,467,218.71,432,8,515,248.863,451,1000,0.052
morning-rush,B7,plain,zone-based,20605,400,0,0,247,118.763,222,14,302,149.523,261,1000,0.046
morning-rush,B7,plain,zone-based,20602,400,0,0,577,187.743,534,6,632,218.625,541,1000,0.05
morning-rush,B7,plain,zone-based,20604,400,0,2,459,232.292,427,9,498,263.457,462,1000,0.053
morning-rush,B7,plain,zone-based,20603,400,0,0,447,142,363,5,489,171.305,400,1000,0.038
morning-rush,B7,plain,zone-based,20606,400,0,0,420,133.455,333,1,440,162.995,362,1000,0.045
morning-rush,B7,plain,zone-based,20607,400,0,1,562,201.97,523,6,610,232.102,553,1000,0.057
morning-rush,B7,plain,zone-based,20608,400,0,0,308,120.328,226,3,362,151.637,267,1000,0.04
morning-rush,B7,plain,zone-based,20609,400,0,0,392,141.37,307,4,438,171.393,339,1000,0.047
morning-rush,B7,plain,express,20603,400,0,0,139,34.615,104,6,185,63.92,156,1000,0.067
morning-rush,B7,plain,express,20600,400,0,0,214,57.365,186,1,270,87.89,236,1000,0.079
morning-rush,B7,plain,express,20602,400,0,0,262,46.695,154,5,317,77.578,205,1000,0.07
morning-rush,B7,plain,express,20604,400,0,0,162,40.26,126,1,215,71.425,177,1000,0.066
morning-rush,B7,plain,express,20601,400,0,0,280,57.465,203,3,328,87.618,250,1000,0.063
morning-rush,B7,plain,express,20605,400,0,0,188,41.995,127,2,244,72.755,179,1000,0.068
morning-rush,B7,plain,express,20606,400,0,0,140,32.895,103,3,196,62.435,152,1000,0.063
morning-rush,B7,plain,express,20607,400,0,0,144,34.453,108,3,195,64.585,154,1000,0.056
morning-rush,B7,plain,express,20608,400,0,0,179,42.09,128,2,227,73.4,179,1000,0.061
morning-rush,B7,plain,express,20609,400,0,0,229,48.265,157,4,281,78.287,205,1000,0.068
morning-rush,B7,stop1,eta-cost,20600,400,0,0,71,37.642,58,9,135,75.403,119,1000,0.155
morning-rush,B7,stop1,eta-cost,20601,400,0,0,59,34.133,56,4,129,71,111,1000,0.141
morning-rush,B7,stop1,eta-cost,20603,400,0,0,60,34.465,57,8,130,71.078,110,1000,0.139
morning-rush,B7,stop1,eta-cost,20604,400,0,0,59,35.117,56,9,128,73.41,115,1000,0.15
morning-rush,B7,stop1,eta-cost,20606,400,0,0,59,30.195,56,5,130,66.6,111,1000,0.139
morning-rush,B7,stop1,eta-cost,20607,400,0,0,61,36.333,57,5,128,73.45,118,1000,0.147
morning-rush,B7,stop1,eta-cost,20602,400,0,0,84,37.693,65,6,141,76.05,120,1000,0.149
morning-rush,B7,stop1,eta-cost,20608,400,0,0,59,35.19,56,4,128,73.475,114,1000,0.14
morning-rush,B7,stop1,eta-cost,20605,400,0,0,90,38.097,58,11,156,76.21,119,1000,0.168
morning-rush,B7,stop1,eta-cost,20609,400,0,0,61,35.125,56,5,128,72.17,116,1000,0.146
morning-rush,B7,stop1,eta-cost-fair,20600,400,0,0,71,37.453,58,9,132,75.188,119,1000,0.157
morning-rush,B7,stop1,eta-cost-fair,20601,400,0,0,59,35.13,55,4,123,72.088,110,1000,0.147
morning-rush,B7,stop1,eta-cost-fair,20603,400,0,0,59,33.778,56,8,126,69.985,114,1000,0.144
morning-rush,B7,stop1,eta-cost-fair,20607,400,0,0,59,34.123,56,11,126,70.96,112,1000,0.141
morning-rush,B7,stop1,nearest-car,20600,400,0,0,555,171.73,522,9,623,209.345,561,1000,0.048
morning-rush,B7,stop1,eta-cost-fair,20606,400,0,0,79,29.78,57,5,133,66.2,109,1000,0.148
morning-rush,B7,stop1,eta-cost-fair,20602,400,0,0,84,37.417,65,6,141,75.787,120,1000,0.147
morning-rush,B7,stop1,eta-cost-fair,20608,400,0,0,59,33.987,56,6,128,72.362,115,1000,0.139
morning-rush,B7,stop1,eta-cost-fair,20604,400,0,0,59,33.82,55,9,130,72.355,115,1000,0.147
morning-rush,B7,stop1,eta-cost-fair,20605,400,0,0,90,36.462,58,13,155,74.405,118,1000,0.163
morning-rush,B7,stop1,nearest-car,20602,400,0,0,272,125.34,253,3,339,163.36,306,1000,0.046
morning-rush,B7,stop1,eta-cost-fair,20609,400,0,0,62,31.282,55,5,123,68.095,111,1000,0.147
morning-rush,B7,stop1,nearest-car,20601,400,0,0,733,300.228,615,4,781,337.382,647,1000,0.059
morning-rush,B7,stop1,nearest-car,20603,400,0,0,697,201.238,597,8,708,237.59,626,1000,0.05
morning-rush,B7,stop1,nearest-car,20605,400,0,0,534,154.28,404,9,584,192.222,449,1000,0.049
morning-rush,B7,stop1,nearest-car,20607,400,0,0,739,265.68,625,11,783,303.113,674,1000,0.067
morning-rush,B7,stop1,nearest-car,20604,400,0,0,746,311.252,624,4,801,349.575,653,1000,0.07
morning-rush,B7,stop1,nearest-car,20608,400,0,0,606,268.397,508,5,667,306.93,548,1000,0.06
morning-rush,B7,stop1,nearest-car,20609,400,0,0,637,283.27,613,6,687,320.587,644,1000,0.066
morning-rush,B7,stop1,nearest-car-eta,20601,400,0,0,59,34.87,56,4,129,72.082,113,1000,0.1
morning-rush,B7,stop1,nearest-car-eta,20600,400,0,0,67,37.873,58,9,135,75.76,118,1000,0.106
morning-rush,B7,stop1,nearest-car-eta,20603,400,0,0,60,35.92,57,8,130,72.72,115,1000,0.104
morning-rush,B7,stop1,nearest-car,20606,400,0,0,382,102.27,276,5,436,138.613,312,1000,0.045
morning-rush,B7,stop1,nearest-car-eta,20607,400,0,0,63,36.602,58,13,127,73.903,113,1000,0.1
morning-rush,B7,stop1,nearest-car-eta,20604,400,0,0,59,35.175,56,8,130,73.498,117,1000,0.1
morning-rush,B7,stop1,nearest-car-eta,20602,400,0,0,82,39.788,63,6,146,78.21,119,1000,0.097
morning-rush,B7,stop1,nearest-car-eta,20605,400,0,0,86,38.258,58,23,158,76.35,116,1000,0.108
morning-rush,B7,stop1,nearest-car-eta,20608,400,0,0,59,34.977,56,9,129,73.382,116,1000,0.094
morning-rush,B7,stop1,nearest-car-eta,20606,400,0,0,59,34.13,57,5,131,70.903,114,1000,0.096
morning-rush,B7,stop1,round-robin,20600,400,0,0,129,60.065,119,3,196,96.632,168,1000,0.037
morning-rush,B7,stop1,round-robin,20603,400,0,0,125,57.977,116,8,188,93.095,160,1000,0.037
morning-rush,B7,stop1,round-robin,20602,400,0,0,140,60.042,118,4,202,96.82,172,1000,0.035
morning-rush,B7,stop1,round-robin,20601,400,0,0,129,57.555,113,4,197,93.645,156,1000,0.04
morning-rush,B7,stop1,round-robin,20604,400,0,0,126,57.195,113,9,186,94.005,161,1000,0.037
morning-rush,B7,stop1,round-robin,20605,400,0,0,130,60.595,116,5,192,97.41,166,1000,0.032
morning-rush,B7,stop1,round-robin,20606,400,0,0,127,56.258,114,3,195,91.585,161,1000,0.04
morning-rush,B7,stop1,round-robin,20607,400,0,0,127,57.797,111,9,190,93.343,155,1000,0.038
morning-rush,B7,stop1,round-robin,20609,400,0,0,128,57.835,118,3,188,93.835,165,1000,0.034
morning-rush,B7,stop1,round-robin,20608,400,0,0,130,57,113,9,189,93.995,164,1000,0.043
morning-rush,B7,stop1,nearest-car-eta,20609,400,0,0,61,35.295,56,5,130,72.495,116,1000,0.1
morning-rush,B7,stop1,zone-based,20602,400,0,0,654,175.577,525,6,696,213.773,559,1000,0.057
morning-rush,B7,stop1,zone-based,20605,400,0,0,269,138.262,254,23,322,176.393,298,1000,0.048
morning-rush,B7,stop1,zone-based,20601,400,0,0,586,162.275,472,7,642,199.518,518,1000,0.053
morning-rush,B7,stop1,zone-based,20603,400,0,0,398,149.99,360,10,465,186.45,398,1000,0.05
morning-rush,B7,stop1,zone-based,20600,400,0,2,769,295.363,636,17,820,333.385,668,1000,0.071
morning-rush,B7,stop1,zone-based,20604,400,0,0,494,154.965,381,6,555,193.315,426,1000,0.051
morning-rush,B7,stop1,zone-based,20608,400,0,0,381,172.19,362,11,439,210.815,396,1000,0.057
morning-rush,B7,stop1,zone-based,20606,400,0,0,351,135.972,258,4,401,172.69,310,1000,0.049
morning-rush,B7,stop1,zone-based,20607,400,0,0,284,124.985,262,9,344,162.09,299,1000,0.05
morning-rush,B7,stop1,zone-based,20609,400,0,0,617,213.43,582,2,680,250.167,607,1000,0.054
morning-rush,B7,stop1,express,20603,400,0,0,217,44.705,160,4,283,79.487,217,1000,0.094
morning-rush,B7,stop1,express,20602,400,0,0,309,57.995,214,3,377,94.61,271,1000,0.1
morning-rush,B7,stop1,express,20607,400,0,0,199,38.417,124,4,246,73.767,176,1000,0.08
morning-rush,B7,stop1,express,20606,400,0,0,193,37.127,117,8,253,72.067,176,1000,0.092
morning-rush,B7,stop1,express,20600,400,0,0,310,72.84,260,2,376,108.84,326,1000,0.087
morning-rush,B7,stop1,express,20604,400,0,0,233,55.585,185,2,289,92.472,234,1000,0.095
morning-rush,B7,stop1,express,20601,400,0,0,391,78.243,305,2,443,113.855,356,1000,0.11
morning-rush,B7,stop1,express,20608,400,0,0,222,50.64,161,3,283,87.255,219,1000,0.096
morning-rush,B7,stop1,express,20605,400,0,0,291,58.407,205,4,352,94.52,258,1000,0.095
morning-rush,B7,stop1,express,20609,400,0,0,324,66.683,241,4,384,102.28,298,1000,0.103
evening-rush,B1,plain,eta-cost,30002,400,0,0,79,23.218,59,1,137,54.955,114,2000,0.089
evening-rush,B1,plain,eta-cost,30007,400,0,0,101,22.562,59,2,157,52.555,114,2000,0.084
evening-rush,B1,plain,eta-cost,30003,400,0,0,94,21.538,58,2,146,51.068,112,2000,0.08
evening-rush,B1,plain,eta-cost,30001,400,0,0,108,22.65,59,2,164,51.672,114,2000,0.084
evening-rush,B1,plain,eta-cost,30000,400,0,0,97,23.81,60,2,143,54.465,110,2000,0.08
evening-rush,B1,plain,eta-cost,30004,400,0,0,88,22.235,59,2,145,51.845,114,2000,0.082
evening-rush,B1,plain,eta-cost,30005,400,0,0,75,21.63,58,2,131,51.023,111,2000,0.079
evening-rush,B1,plain,eta-cost,30006,400,0,0,82,23.32,59,2,133,52.87,112,2000,0.083
evening-rush,B1,plain,eta-cost,30008,400,0,0,104,23.57,59,2,157,54.928,112,2000,0.086
evening-rush,B1,plain,eta-cost,30009,400,0,0,93,24.735,58,2,149,55.425,112,2000,0.087
evening-rush,B1,plain,eta-cost-fair,30001,400,0,0,90,21.688,59,2,133,50.71,112,2000,0.088
evening-rush,B1,plain,eta-cost-fair,30003,400,0,0,97,21.267,58,2,136,50.797,110,2000,0.077
evening-rush,B1,plain,eta-cost-fair,30000,400,0,0,90,24.585,62,2,145,55.24,113,2000,0.083
evening-rush,B1,plain,eta-cost-fair,30007,400,0,0,101,22.883,58,2,157,52.875,114,2000,0.085
evening-rush,B1,plain,eta-cost-fair,30002,400,0,0,91,23.043,59,1,147,54.78,114,2000,0.08
evening-rush,B1,plain,eta-cost-fair,30004,400,0,0,89,23.527,60,2,142,53.138,112,2000,0.082
evening-rush,B1,plain,eta-cost-fair,30005,400,0,0,75,21.54,57,2,131,50.932,110,2000,0.079
evening-rush,B1,plain,eta-cost-fair,30006,400,0,0,91,23.12,60,2,141,52.67,112,2000,0.089
evening-rush,B1,plain,nearest-car,30000,400,0,0,1159,190.127,885,2,1185,220.782,902,2000,0.063
evening-rush,B1,plain,eta-cost-fair,30008,400,0,0,92,23.42,59,2,135,54.778,111,2000,0.084
evening-rush,B1,plain,eta-cost-fair,30009,400,0,0,97,22.92,58,2,136,53.61,112,2000,0.083
evening-rush,B1,plain,nearest-car,30001,400,0,0,1826,301.757,1463,1,1844,330.78,1490,2000,0.077
evening-rush,B1,plain,nearest-car,30007,400,0,0,960,89.588,302,1,968,119.58,324,2000,0.063
evening-rush,B1,plain,nearest-car,30002,400,0,0,1620,248.058,1303,2,1647,279.795,1306,2000,0.079
evening-rush,B1,plain,nearest-car,30004,400,0,0,1233,174.495,857,2,1238,204.105,882,2000,0.072
evening-rush,B1,plain,nearest-car,30005,400,0,0,2092,355.017,1726,1,2109,384.41,1752,2000,0.082
evening-rush,B1,plain,nearest-car,30003,400,0,0,1837,298.192,1571,1,1857,327.723,1597,2000,0.072
evening-rush,B1,plain,nearest-car,30008,400,0,0,1340,185.495,947,2,1356,216.852,977,2000,0.072
evening-rush,B1,plain,nearest-car,30009,400,0,0,1707,207.257,1180,2,1723,237.947,1198,2000,0.079
evening-rush,B1,plain,nearest-car,30006,400,0,0,1988,375.935,1720,2,2012,405.485,1751,2000,0.068
evening-rush,B1,plain,nearest-car-eta,30005,400,0,0,227,27.67,76,1,236,57.062,112,2000,0.081
evening-rush,B1,plain,nearest-car-eta,30000,400,0,0,225,30.135,84,2,231,60.79,118,2000,0.068
evening-rush,B1,plain,nearest-car-eta,30007,400,0,0,175,28.88,81,2,184,58.873,116,2000,0.078
evening-rush,B1,plain,nearest-car-eta,30001,400,0,0,308,30.733,92,1,333,59.755,118,2000,0.073
evening-rush,B1,plain,nearest-car-eta,30006,400,0,0,327,34.288,89,4,329,63.837,126,2000,0.079
evening-rush,B1,plain,nearest-car-eta,30002,400,0,0,280,31.335,82,1,324,63.072,116,2000,0.063
evening-rush,B1,plain,round-robin,30000,400,0,0,109,47.008,97,4,158,77.662,135,2000,0.055
evening-rush,B1,plain,nearest-car-eta,30004,400,0,0,254,30.62,93,2,264,60.23,115,2000,0.08
evening-rush,B1,plain,nearest-car-eta,30008,400,0,0,186,30.668,87,2,194,62.025,114,2000,0.08
evening-rush,B1,plain,round-robin,30001,400,0,0,136,48.285,97,2,168,77.308,136,2000,0.051
evening-rush,B1,plain,round-robin,30002,400,0,0,157,49.837,103,4,178,81.575,142,2000,0.06
evening-rush,B1,plain,round-robin,30003,400,0,0,111,48.345,94,2,166,77.875,134,2000,0.049
evening-rush,B1,plain,round-robin,30004,400,0,0,113,45.23,102,4,168,74.84,140,2000,0.059
evening-rush,B1,plain,round-robin,30006,400,0,0,112,46.233,98,6,165,75.782,140,2000,0.056
evening-rush,B1,plain,round-robin,30005,400,0,0,114,49.11,102,2,171,78.502,140,2000,0.05
evening-rush,B1,plain,round-robin,30007,400,0,0,211,48.062,99,4,221,78.055,142,2000,0.048
evening-rush,B1,plain,round-robin,30008,400,0,0,132,47.185,101,6,166,78.543,140,2000,0.059
evening-rush,B1,plain,round-robin,30009,400,0,0,110,48.197,96,6,160,78.888,135,2000,0.057
evening-rush,B1,plain,zone-based,30000,400,0,0,191,35.042,99,2,239,65.698,153,2000,0.048
evening-rush,B1,plain,nearest-car-eta,30003,400,0,0,138,32.023,87,1,156,61.553,112,2000,0.071
evening-rush,B1,plain,zone-based,30001,400,0,0,117,31.067,91,2,176,60.09,144,2000,0.048
evening-rush,B1,plain,nearest-car-eta,30009,400,0,0,218,36.715,85,2,222,67.405,122,2000,0.077
evening-rush,B1,plain,zone-based,30002,400,0,0,416,43.188,113,2,462,74.925,165,2000,0.055
evening-rush,B1,plain,zone-based,30003,400,0,0,227,32.245,83,1,274,61.775,134,2000,0.053
evening-rush,B1,plain,zone-based,30004,400,0,0,229,33.258,94,2,275,62.867,149,2000,0.055
evening-rush,B1,plain,zone-based,30006,400,0,0,173,33.008,98,3,218,62.557,146,2000,0.052
evening-rush,B1,plain,zone-based,30005,400,0,0,183,31.288,98,1,230,60.68,145,2000,0.054
evening-rush,B1,plain,zone-based,30007,400,0,0,227,31.747,86,3,278,61.74,137,2000,0.056
evening-rush,B1,plain,zone-based,30008,400,0,0,171,37.042,99,1,218,68.4,149,2000,0.053
evening-rush,B1,plain,zone-based,30009,400,0,0,308,34.572,93,2,353,65.263,148,2000,0.052
evening-rush,B1,plain,express,30005,400,0,0,632,42.855,147,2,673,72.248,190,2000,0.072
evening-rush,B1,plain,express,30001,400,0,0,645,38.615,108,2,685,67.638,165,2000,0.078
evening-rush,B1,plain,express,30000,400,0,0,995,52.958,161,2,1035,83.612,206,2000,0.077
evening-rush,B1,plain,express,30003,400,0,0,800,38.693,105,1,840,68.222,154,2000,0.071
evening-rush,B1,plain,express,30004,400,0,0,790,40.83,109,2,830,70.44,162,2000,0.072
evening-rush,B1,plain,express,30006,400,0,0,504,38.95,142,2,544,68.5,186,2000,0.072
evening-rush,B1,plain,express,30002,400,0,0,1295,108.425,793,1,1337,140.162,838,2000,0.107
evening-rush,B1,plain,express,30007,400,0,0,893,54.642,230,2,935,84.635,271,2000,0.085
evening-rush,B1,plain,express,30008,400,0,0,519,41.335,128,2,560,72.692,172,2000,0.082
evening-rush,B1,plain,express,30009,400,0,0,925,67.802,345,1,965,98.493,390,2000,0.084
evening-rush,B1,stop1,eta-cost,30003,400,0,0,100,22.457,61,2,158,54.697,117,2000,0.093
evening-rush,B1,stop1,eta-cost,30000,400,0,0,100,25.808,66,3,154,59.462,122,2000,0.099
evening-rush,B1,stop1,eta-cost,30005,400,0,0,108,24.21,61,3,154,56.4,118,2000,0.099
evening-rush,B1,stop1,eta-cost,30001,400,0,0,91,22.065,59,2,147,53.76,115,2000,0.098
evening-rush,B1,stop1,eta-cost,30002,400,0,0,112,28.095,70,3,173,62.708,124,2000,0.1
evening-rush,B1,stop1,eta-cost,30004,400,0,0,102,23.43,62,3,158,55.708,121,2000,0.086
evening-rush,B1,stop1,eta-cost,30006,400,0,0,104,23.485,59,4,160,55.66,118,2000,0.093
evening-rush,B1,stop1,eta-cost,30007,400,0,0,87,23.552,61,2,150,56.335,119,2000,0.091
evening-rush,B1,stop1,eta-cost,30008,400,0,0,83,23.872,61,4,135,57.925,117,2000,0.084
evening-rush,B1,stop1,eta-cost,30009,400,0,0,113,26.363,62,3,176,59.695,119,2000,0.102
evening-rush,B1,stop1,eta-cost-fair,30000,400,0,0,91,24.86,63,3,152,58.513,120,2000,0.088
evening-rush,B1,stop1,eta-cost-fair,30001,400,0,0,92,23.142,59,3,132,54.76,115,2000,0.092
evening-rush,B1,stop1,eta-cost-fair,30004,400,0,0,110,23.378,62,3,157,55.555,120,2000,0.098
evening-rush,B1,stop1,eta-cost-fair,30003,400,0,0,103,22.735,59,2,146,54.99,116,2000,0.087
evening-rush,B1,stop1,eta-cost-fair,30002,400,0,0,102,30.335,72,3,159,64.828,124,2000,0.102
evening-rush,B1,stop1,eta-cost-fair,30005,400,0,0,107,26.665,69,3,151,58.73,123,2000,0.1
evening-rush,B1,stop1,eta-cost-fair,30006,400,0,0,97,23.692,62,3,148,55.792,118,2000,0.098
evening-rush,B1,stop1,eta-cost-fair,30007,400,0,0,89,23.72,63,3,137,56.352,121,2000,0.094
evening-rush,B1,stop1,eta-cost-fair,30008,400,0,0,102,25.26,62,3,161,59.288,119,2000,0.096
evening-rush,B1,stop1,nearest-car,30000,400,0,0,1579,278.062,1156,3,1592,312.228,1181,2000,0.084
evening-rush,B1,stop1,eta-cost-fair,30009,400,0,0,102,26.03,63,2,157,59.265,117,2000,0.098
evening-rush,B1,stop1,nearest-car,30001,400,0,0,900,134.977,687,3,911,167.407,698,2000,0.053
evening-rush,B1,stop1,nearest-car,30003,400,0,0,1628,227.692,1171,2,1636,260.725,1192,2000,0.071
evening-rush,B1,stop1,nearest-car,30002,400,0,0,1434,176.225,963,2,1446,211.387,978,2000,0.067
evening-rush,B1,stop1,nearest-car,30004,400,0,0,1592,216.468,1201,3,1612,249.53,1210,2000,0.078
evening-rush,B1,stop1,nearest-car,30005,400,0,0,1557,195.555,1045,3,1572,228.287,1072,2000,0.066
evening-rush,B1,stop1,nearest-car,30007,400,0,0,880,111.495,519,3,885,144.963,526,2000,0.062
evening-rush,B1,stop1,nearest-car,30009,400,0,0,941,112.11,570,3,945,146.31,603,2000,0.068
evening-rush,B1,stop1,nearest-car,30006,400,0,0,1715,222.398,1209,3,1737,255.278,1222,2000,0.071
evening-rush,B1,stop1,nearest-car,30008,400,0,0,1175,125.87,605,3,1184,160.722,626,2000,0.06
evening-rush,B1,stop1,nearest-car-eta,30003,400,0,0,287,31.773,90,2,304,64.41,119,2000,0.081
evening-rush,B1,stop1,nearest-car-eta,30001,400,0,0,273,33.513,102,2,292,65.463,122,2000,0.083
evening-rush,B1,stop1,nearest-car-eta,30002,400,0,0,212,34.953,87,2,229,69.677,130,2000,0.083
evening-rush,B1,stop1,nearest-car-eta,30000,400,0,0,371,36.377,105,2,392,70.368,130,2000,0.084
evening-rush,B1,stop1,nearest-car-eta,30004,400,0,0,225,29.203,87,3,233,61.763,122,2000,0.081
evening-rush,B1,stop1,nearest-car-eta,30005,400,0,0,267,35.685,96,3,279,68.138,124,2000,0.083
evening-rush,B1,stop1,round-robin,30000,400,0,0,163,50.462,105,3,189,84.5,147,2000,0.053
evening-rush,B1,stop1,nearest-car-eta,30006,400,0,0,441,31.312,84,3,446,63.852,126,2000,0.085
evening-rush,B1,stop1,round-robin,30001,400,0,0,174,50.105,103,2,190,82.26,145,2000,0.054
evening-rush,B1,stop1,nearest-car-eta,30007,400,0,0,211,33.023,84,3,219,66.065,125,2000,0.08
evening-rush,B1,stop1,round-robin,30002,400,0,0,240,57.023,111,10,251,91.94,158,2000,0.061
evening-rush,B1,stop1,round-robin,30004,400,0,0,147,51.095,103,5,166,83.797,148,2000,0.05
evening-rush,B1,stop1,nearest-car-eta,30009,400,0,0,252,35.083,91,3,261,68.722,122,2000,0.091
evening-rush,B1,stop1,round-robin,30003,400,0,0,135,48.858,100,2,161,81.535,143,2000,0.053
evening-rush,B1,stop1,nearest-car-eta,30008,400,0,0,229,35.547,100,3,242,69.983,124,2000,0.085
evening-rush,B1,stop1,round-robin,30005,400,0,0,122,52.193,106,3,166,84.782,145,2000,0.054
evening-rush,B1,stop1,round-robin,30006,400,0,0,204,49.73,103,5,219,82.373,149,2000,0.066
evening-rush,B1,stop1,round-robin,30009,400,0,0,120,50.93,101,7,175,84.832,147,2000,0.059
evening-rush,B1,stop1,round-robin,30008,400,0,0,176,52.307,107,6,181,86.793,149,2000,0.052
evening-rush,B1,stop1,round-robin,30007,400,0,0,224,52.163,107,7,231,85.293,155,2000,0.051
evening-rush,B1,stop1,zone-based,30000,400,0,0,294,39.135,108,3,325,72.43,161,2000,0.051
evening-rush,B1,stop1,zone-based,30004,400,0,0,203,35.157,98,3,252,67.097,151,2000,0.051
evening-rush,B1,stop1,zone-based,30003,400,0,0,214,37.068,94,5,262,69.04,152,2000,0.055
evening-rush,B1,stop1,zone-based,30005,400,0,0,231,35.2,110,3,273,66.953,157,2000,0.043
evening-rush,B1,stop1,zone-based,30002,400,0,0,444,48.932,132,2,492,83.19,184,2000,0.06
evening-rush,B1,stop1,zone-based,30001,400,0,0,160,33.215,90,2,208,64.535,144,2000,0.059
evening-rush,B1,stop1,zone-based,30007,400,0,0,233,34.818,98,3,279,67.222,155,2000,0.06
evening-rush,B1,stop1,zone-based,30008,400,0,0,348,38.167,110,3,381,71.995,154,2000,0.057
evening-rush,B1,stop1,zone-based,30006,400,0,0,183,34.578,104,4,232,66.475,153,2000,0.057
evening-rush,B1,stop1,zone-based,30009,400,0,0,372,40.12,101,3,418,73.19,162,2000,0.053
evening-rush,B1,stop1,express,30001,400,0,0,554,43.032,123,3,595,74.575,186,2000,0.086
evening-rush,B1,stop1,express,30000,400,0,0,993,68.65,345,3,1034,102.16,390,2000,0.1
evening-rush,B1,stop1,express,30004,400,0,0,797,56.605,191,3,839,88.757,236,2000,0.092
evening-rush,B1,stop1,express,30003,400,0,0,839,55.617,238,3,881,87.627,285,2000,0.092
evening-rush,B1,stop1,express,30005,400,0,0,802,54.795,251,3,848,86.555,297,2000,0.09
evening-rush,B2,plain,eta-cost,30100,200,0,0,112,32.12,80,2,152,61.985,123,2000,0.038
evening-rush,B2,plain,eta-cost,30102,200,0,0,98,33.455,76,2,151,62.655,119,2000,0.038
evening-rush,B2,plain,eta-cost,30101,200,0,0,117,31.475,68,2,157,59.85,116,2000,0.041
evening-rush,B1,stop1,express,30006,400,0,0,510,42.392,156,3,551,74.435,200,2000,0.082
evening-rush,B1,stop1,express,30002,400,0,0,1492,136.673,952,2,1533,170.782,997,2000,0.124
evening-rush,B2,plain,eta-cost,30104,200,0,0,100,31.54,75,2,156,62.02,123,2000,0.041
evening-rush,B2,plain,eta-cost,30103,200,0,0,99,36.395,81,2,154,67.085,127,2000,0.04
evening-rush,B1,stop1,express,30008,400,0,0,725,54.712,215,3,766,88.623,260,2000,0.091
evening-rush,B1,stop1,express,30007,400,0,0,1048,78.228,423,2,1089,110.638,468,2000,0.102
evening-rush,B2,plain,eta-cost,30106,200,0,0,86,30.1,73,3,132,60.53,114,2000,0.038
evening-rush,B2,plain,eta-cost,30105,200,0,1,109,36.51,81,2,150,68.18,129,2000,0.041
evening-rush,B1,stop1,express,30009,400,0,0,987,74.062,430,3,1032,107.032,475,2000,0.099
evening-rush,B2,plain,eta-cost,30107,200,0,0,115,32.83,78,2,172,63.075,121,2000,0.042
evening-rush,B2,plain,eta-cost,30108,200,0,0,111,27.615,67,2,167,55.56,116,2000,0.031
evening-rush,B2,plain,eta-cost-fair,30100,200,0,0,112,32.185,80,2,152,62.05,123,2000,0.04
evening-rush,B2,plain,eta-cost,30109,200,0,0,106,31.635,72,2,162,62.01,117,2000,0.038
evening-rush,B2,plain,eta-cost-fair,30101,200,0,0,101,31.4,67,2,157,59.775,116,2000,0.037
evening-rush,B2,plain,eta-cost-fair,30104,200,0,0,102,30.415,68,2,161,60.895,118,2000,0.04
evening-rush,B2,plain,eta-cost-fair,30102,200,0,0,98,33.29,73,2,151,62.49,119,2000,0.045
evening-rush,B2,plain,eta-cost-fair,30103,200,0,0,99,35.765,80,2,146,66.455,124,2000,0.043
evening-rush,B2,plain,eta-cost-fair,30105,200,0,0,114,35.835,82,2,160,67.505,132,2000,0.041
evening-rush,B2,plain,nearest-car,30101,200,0,1,838,84.83,321,2,853,113.205,342,2000,0.028
evening-rush,B2,plain,eta-cost-fair,30106,200,0,0,100,32.83,82,3,153,63.26,125,2000,0.031
evening-rush,B2,plain,nearest-car,30100,200,0,0,553,73.225,251,2,557,103.09,269,2000,0.027
evening-rush,B2,plain,nearest-car,30102,200,0,0,829,64.785,222,2,839,93.985,229,2000,0.034
evening-rush,B2,plain,eta-cost-fair,30108,200,0,0,111,30.19,72,2,167,58.135,118,2000,0.038
evening-rush,B2,plain,eta-cost-fair,30107,200,0,0,109,35.4,81,2,160,65.645,123,2000,0.036
evening-rush,B2,plain,eta-cost-fair,30109,200,0,0,90,30.555,65,2,133,60.93,114,2000,0.044
evening-rush,B2,plain,nearest-car,30103,200,0,0,357,49.43,128,2,375,80.12,152,2000,0.032
evening-rush,B2,plain,nearest-car,30104,200,0,0,542,58.465,189,2,550,88.945,202,2000,0.025
evening-rush,B2,plain,nearest-car,30105,200,0,0,685,85.83,371,2,707,117.5,401,2000,0.032
evening-rush,B2,plain,nearest-car,30108,200,0,1,508,53.145,186,2,517,81.09,195,2000,0.03
evening-rush,B2,plain,nearest-car-eta,30100,200,0,0,185,34.865,86,2,187,64.73,118,2000,0.037
evening-rush,B2,plain,nearest-car,30106,200,0,1,612,77.445,377,4,618,107.875,412,2000,0.033
evening-rush,B2,plain,nearest-car,30109,200,0,0,308,54.615,117,2,322,84.99,158,2000,0.037
evening-rush,B2,plain,nearest-car,30107,200,0,0,529,67.78,193,2,543,98.025,210,2000,0.028
evening-rush,B2,plain,nearest-car-eta,30102,200,0,0,183,34.625,86,2,207,63.825,120,2000,0.034
evening-rush,B2,plain,nearest-car-eta,30101,200,0,0,147,33.735,76,1,157,62.11,116,2000,0.029
evening-rush,B2,plain,nearest-car-eta,30104,200,0,0,245,37.85,94,2,250,68.33,127,2000,0.035
evening-rush,B2,plain,nearest-car-eta,30105,200,0,0,292,40.48,90,2,306,72.15,133,2000,0.035
evening-rush,B2,plain,round-robin,30100,200,0,0,196,49.65,100,6,211,79.515,145,2000,0.025
evening-rush,B2,plain,round-robin,30101,200,0,0,114,44.79,99,2,162,73.165,130,2000,0.03
evening-rush,B2,plain,nearest-car-eta,30103,200,0,0,126,37.115,85,2,140,67.805,123,2000,0.038
evening-rush,B2,plain,nearest-car-eta,30106,200,0,1,102,36.33,85,4,152,66.76,126,2000,0.037
evening-rush,B2,plain,nearest-car-eta,30108,200,0,0,110,36.945,87,2,149,64.89,121,2000,0.037
evening-rush,B2,plain,nearest-car-eta,30109,200,0,0,151,36.7,89,2,160,67.075,118,2000,0.034
evening-rush,B2,plain,round-robin,30102,200,0,0,113,42.08,93,4,157,71.28,126,2000,0.033
evening-rush,B2,plain,nearest-car-eta,30107,200,0,0,146,41.475,100,5,162,71.72,121,2000,0.035
evening-rush,B2,plain,round-robin,30103,200,0,0,107,46.245,88,2,162,76.935,128,2000,0.029
evening-rush,B2,plain,round-robin,30105,200,0,0,163,48.005,97,7,173,79.675,140,2000,0.03
evening-rush,B2,plain,round-robin,30104,200,0,0,116,43.475,99,2,163,73.955,134,2000,0.029
evening-rush,B2,plain,round-robin,30106,200,0,0,115,48.81,103,9,163,79.24,142,2000,0.029
evening-rush,B2,plain,round-robin,30107,200,0,0,110,48.455,103,4,166,78.7,141,2000,0.028
evening-rush,B2,plain,round-robin,30108,200,0,0,132,49.845,105,2,162,77.79,143,2000,0.028
evening-rush,B2,plain,round-robin,30109,200,0,0,113,45.11,96,3,154,75.485,134,2000,0.035
evening-rush,B2,plain,zone-based,30100,200,0,0,291,44.555,110,4,321,74.42,161,2000,0.03
evening-rush,B2,plain,zone-based,30102,200,0,0,211,40.16,98,1,242,69.36,142,2000,0.033
evening-rush,B2,plain,zone-based,30101,200,0,0,117,35.715,98,3,165,64.09,146,2000,0.03
evening-rush,B2,plain,zone-based,30103,200,0,0,235,38.76,97,2,266,69.45,146,2000,0.03
evening-rush,B2,plain,zone-based,30105,200,0,0,206,44.105,111,2,240,75.775,159,2000,0.032
evening-rush,B2,plain,zone-based,30104,200,0,0,118,36.43,103,3,167,66.91,146,2000,0.028
evening-rush,B2,plain,zone-based,30108,200,0,0,171,36.51,105,2,201,64.455,156,2000,0.033
evening-rush,B2,plain,zone-based,30106,200,0,0,180,42.81,105,6,214,73.24,149,2000,0.029
evening-rush,B2,plain,zone-based,30107,200,0,0,139,37.05,99,3,172,67.295,148,2000,0.03
evening-rush,B2,plain,zone-based,30109,200,0,0,117,37.595,97,2,167,67.97,144,2000,0.032
evening-rush,B2,plain,express,30100,200,0,0,114,43.115,99,3,173,72.98,147,2000,0.033
evening-rush,B2,plain,express,30102,200,0,0,113,35.86,83,2,165,65.06,130,2000,0.037
evening-rush,B2,plain,express,30101,200,0,0,117,38.43,89,2,160,66.805,137,2000,0.033
evening-rush,B2,plain,express,30103,200,0,0,139,38.97,91,2,161,69.66,137,2000,0.035
evening-rush,B2,plain,express,30105,200,0,0,111,38.41,77,3,153,70.08,131,2000,0.032
evening-rush,B2,plain,express,30106,200,0,0,116,41.13,96,9,166,71.56,141,2000,0.035
evening-rush,B2,plain,express,30104,200,0,0,112,37.11,83,2,168,67.59,133,2000,0.037
evening-rush,B2,plain,express,30107,200,0,0,131,40.835,91,8,172,71.08,135,2000,0.035
evening-rush,B2,plain,express,30108,200,0,1,141,40.11,98,2,185,68.055,147,2000,0.039
evening-rush,B2,plain,express,30109,200,0,0,100,39.095,77,11,148,69.47,125,2000,0.037
evening-rush,B2,stop1,eta-cost,30101,200,0,0,120,32.59,71,3,157,63.85,124,2000,0.037
evening-rush,B2,stop1,eta-cost,30100,200,0,0,114,35.43,83,5,157,68.485,127,2000,0.047
evening-rush,B2,stop1,eta-cost,30103,200,0,0,113,36.145,83,5,155,69.805,133,2000,0.044
evening-rush,B2,stop1,eta-cost,30102,200,0,0,114,38.69,86,4,175,70.78,137,2000,0.044
evening-rush,B2,stop1,eta-cost,30104,200,0,0,108,38.79,91,3,168,71.885,140,2000,0.045
evening-rush,B2,stop1,eta-cost,30105,200,0,0,112,37.22,79,5,163,71.975,128,2000,0.041
evening-rush,B2,stop1,eta-cost,30108,200,0,0,106,33.35,84,3,165,64.065,125,2000,0.038
evening-rush,B2,stop1,eta-cost,30106,200,0,0,110,37.295,84,10,171,70.685,138,2000,0.048
evening-rush,B2,stop1,eta-cost,30107,200,0,0,121,35.72,85,3,183,69.035,131,2000,0.044
evening-rush,B2,stop1,eta-cost,30109,200,0,0,100,32.7,71,4,161,65.98,124,2000,0.044
evening-rush,B2,stop1,eta-cost-fair,30100,200,0,0,114,34.37,81,5,154,67.435,126,2000,0.048
evening-rush,B2,stop1,eta-cost-fair,30101,200,0,0,149,38.49,90,3,166,69.785,137,2000,0.044
evening-rush,B2,stop1,eta-cost-fair,30103,200,0,0,97,37.56,81,4,154,71.245,128,2000,0.043
evening-rush,B2,stop1,eta-cost-fair,30105,200,0,0,122,36.865,80,5,169,71.61,129,2000,0.038
evening-rush,B2,stop1,eta-cost-fair,30106,200,0,0,113,37.415,88,10,173,70.795,139,2000,0.045
evening-rush,B2,stop1,eta-cost-fair,30102,200,0,0,105,36.895,85,4,163,69,132,2000,0.04
evening-rush,B2,stop1,eta-cost-fair,30104,200,0,0,124,39.765,88,3,178,72.885,132,2000,0.044
evening-rush,B2,stop1,nearest-car,30100,200,0,0,827,96.23,476,3,839,129.465,493,2000,0.034
evening-rush,B2,stop1,eta-cost-fair,30108,200,0,0,111,31.21,78,3,168,62.01,122,2000,0.042
evening-rush,B2,stop1,eta-cost-fair,30107,200,0,0,121,36.19,83,3,183,69.49,131,2000,0.046
evening-rush,B2,stop1,eta-cost-fair,30109,200,0,0,106,33.38,73,4,164,66.655,122,2000,0.048
evening-rush,B2,stop1,nearest-car,30101,200,0,0,646,77.53,266,3,648,109.29,283,2000,0.031
evening-rush,B2,stop1,nearest-car,30104,200,0,0,891,104.55,443,3,906,138.495,461,2000,0.033
evening-rush,B2,stop1,nearest-car,30103,200,0,0,832,121.385,544,3,837,155.44,567,2000,0.032
evening-rush,B2,stop1,nearest-car,30106,200,0,0,514,71.73,205,3,544,105.26,239,2000,0.031
evening-rush,B2,stop1,nearest-car,30108,200,0,0,776,60.53,204,3,794,91.735,225,2000,0.03
evening-rush,B2,stop1,nearest-car,30105,200,0,0,913,104.515,399,3,925,139.755,424,2000,0.027
evening-rush,B2,stop1,nearest-car,30102,200,0,0,715,82.78,274,3,725,115.425,294,2000,0.032
evening-rush,B2,stop1,nearest-car,30107,200,0,0,1044,129.9,812,3,1066,163.43,826,2000,0.036
evening-rush,B2,stop1,nearest-car,30109,200,0,0,772,66.3,209,3,780,100.01,236,2000,0.027
evening-rush,B2,stop1,nearest-car-eta,30100,200,0,0,335,47.235,117,8,346,80.44,148,2000,0.04
evening-rush,B2,stop1,nearest-car-eta,30101,200,0,0,186,38.11,93,3,198,69.64,137,2000,0.034
evening-rush,B2,stop1,nearest-car-eta,30103,200,0,0,142,41.14,96,6,153,75.035,135,2000,0.041
evening-rush,B2,stop1,nearest-car-eta,30106,200,0,0,195,40.065,94,7,204,73.64,141,2000,0.041
evening-rush,B2,stop1,nearest-car-eta,30105,200,0,0,344,47.01,101,5,349,81.93,149,2000,0.043
evening-rush,B2,stop1,nearest-car-eta,30107,200,0,0,217,39.59,98,3,223,72.94,130,2000,0.035
evening-rush,B2,stop1,nearest-car-eta,30104,200,0,0,163,39.195,103,3,190,72.605,141,2000,0.039
evening-rush,B2,stop1,round-robin,30100,200,0,1,216,56.68,112,6,221,89.92,151,2000,0.028
evening-rush,B2,stop1,nearest-car-eta,30102,200,0,0,199,38.405,102,4,225,70.58,133,2000,0.042
evening-rush,B2,stop1,nearest-car-eta,30108,200,0,0,384,52.5,123,3,389,83.555,159,2000,0.038
evening-rush,B2,stop1,nearest-car-eta,30109,200,0,0,110,37.51,86,5,141,70.845,124,2000,0.041
evening-rush,B2,stop1,round-robin,30101,200,0,0,172,50.555,104,3,176,82.245,145,2000,0.028
evening-rush,B2,stop1,round-robin,30102,200,0,0,116,41.66,91,6,170,73.81,131,2000,0.032
evening-rush,B2,stop1,round-robin,30103,200,0,0,120,52.965,98,8,180,86.84,144,2000,0.029
evening-rush,B2,stop1,round-robin,30105,200,0,0,218,56.22,106,2,241,91.195,152,2000,0.031
evening-rush,B2,stop1,round-robin,30106,200,0,0,121,48.565,104,5,172,82.31,145,2000,0.029
evening-rush,B2,stop1,round-robin,30104,200,0,1,220,49.46,105,3,226,82.795,151,2000,0.032
evening-rush,B2,stop1,round-robin,30107,200,0,1,186,52.985,111,7,195,86.395,161,2000,0.032
evening-rush,B2,stop1,round-robin,30108,200,0,0,121,49.33,109,3,182,80.355,144,2000,0.034
evening-rush,B2,stop1,zone-based,30100,200,0,0,307,45.35,111,3,338,78.015,164,2000,0.034
evening-rush,B2,stop1,round-robin,30109,200,0,0,113,48.25,102,4,170,81.585,145,2000,0.028
evening-rush,B2,stop1,zone-based,30102,200,0,0,198,39.475,105,3,234,71.295,155,2000,0.03
evening-rush,B2,stop1,zone-based,30105,200,0,0,228,44.985,122,3,263,79.49,179,2000,0.029
evening-rush,B2,stop1,zone-based,30106,200,0,0,406,43.825,107,8,443,76.88,159,2000,0.032
evening-rush,B2,stop1,zone-based,30103,200,0,0,249,45.3,109,2,281,78.705,164,2000,0.029
evening-rush,B2,stop1,zone-based,30104,200,0,0,183,40.29,99,3,216,73.205,145,2000,0.033
evening-rush,B2,stop1,zone-based,30107,200,0,0,222,40.28,102,5,256,73.195,156,2000,0.032
evening-rush,B2,stop1,zone-based,30109,200,0,0,219,40.675,102,7,251,73.445,149,2000,0.034
evening-rush,B2,stop1,zone-based,30108,200,0,0,185,39.85,106,4,216,70.385,151,2000,0.028
evening-rush,B2,stop1,express,30100,200,0,0,236,49.8,110,3,239,82.765,163,2000,0.043
evening-rush,B2,stop1,express,30102,200,0,0,113,39.105,93,4,172,71.015,144,2000,0.045
evening-rush,B2,stop1,express,30103,200,0,0,151,43.89,102,5,174,77.45,151,2000,0.047
evening-rush,B2,stop1,express,30101,200,0,0,147,39.655,88,3,178,70.945,146,2000,0.029
evening-rush,B2,stop1,express,30105,200,0,0,121,44.16,92,6,184,78.815,149,2000,0.033
evening-rush,B2,stop1,express,30104,200,0,0,115,41.185,87,3,175,74.365,138,2000,0.044
evening-rush,B2,stop1,express,30107,200,0,0,205,43.305,96,11,246,76.3,147,2000,0.034
evening-rush,B2,stop1,express,30106,200,0,0,151,42.15,86,13,193,75.585,138,2000,0.034
evening-rush,B2,stop1,express,30108,200,0,0,115,40.865,103,3,171,71.745,145,2000,0.033
evening-rush,B2,stop1,express,30109,200,0,0,113,45.595,89,8,169,78.69,139,2000,0.045
evening-rush,B2,stop1,zone-based,30101,200,0,0,171,36.24,96,7,207,67.345,147,2000,0.03
evening-rush,B3,plain,eta-cost,30201,800,0,0,70,17.402,51,1,121,45.916,102,2000,0.216
evening-rush,B3,plain,eta-cost,30202,800,0,0,67,18.625,52,1,120,48.916,102,2000,0.207
evening-rush,B3,plain,eta-cost,30203,800,0,0,72,17.633,52,1,118,46.006,102,2000,0.201
evening-rush,B3,plain,eta-cost,30200,800,0,0,69,19.159,53,1,122,50.145,106,2000,0.19
evening-rush,B3,plain,eta-cost,30204,800,0,0,77,18.302,50,1,129,47.704,103,2000,0.211
evening-rush,B3,plain,eta-cost,30206,800,0,0,67,17.168,51,1,119,46.163,103,2000,0.208
evening-rush,B3,plain,eta-cost,30205,800,0,0,64,18.128,52,2,118,48.036,104,2000,0.207
evening-rush,B3,plain,eta-cost,30208,800,0,0,71,17.669,52,1,122,47.209,105,2000,0.2
evening-rush,B3,plain,eta-cost,30209,800,0,0,70,17.994,54,1,118,47.044,105,2000,0.21
evening-rush,B3,plain,eta-cost,30207,800,0,0,74,18.904,56,1,120,48.958,110,2000,0.202
evening-rush,B3,plain,eta-cost-fair,30206,800,0,0,67,17.536,51,1,119,46.531,104,2000,0.197
evening-rush,B3,plain,eta-cost-fair,30204,800,0,0,77,18.32,50,1,129,47.721,103,2000,0.208
evening-rush,B3,plain,eta-cost-fair,30201,800,0,0,70,17.421,51,1,121,45.935,102,2000,0.214
evening-rush,B3,plain,eta-cost-fair,30202,800,0,0,76,18.834,54,1,120,49.125,104,2000,0.21
evening-rush,B3,plain,eta-cost-fair,30200,800,0,0,72,19.354,53,1,122,50.34,105,2000,0.18
evening-rush,B3,plain,eta-cost-fair,30203,800,0,0,74,17.515,52,1,119,45.889,102,2000,0.212
evening-rush,B3,plain,eta-cost-fair,30208,800,0,0,69,17.777,52,1,122,47.318,106,2000,0.194
evening-rush,B3,plain,eta-cost-fair,30205,800,0,0,64,18.128,52,2,118,48.036,104,2000,0.209
evening-rush,B3,plain,eta-cost-fair,30207,800,0,0,74,18.93,56,1,120,48.984,110,2000,0.207
evening-rush,B3,plain,eta-cost-fair,30209,800,0,0,70,18.365,54,1,118,47.415,105,2000,0.206
evening-rush,B3,plain,nearest-car,30203,800,0,0,2553,540.99,2079,1,2562,569.364,2094,2000,0.204
evening-rush,B3,plain,nearest-car,30200,800,0,0,2758,703.125,2325,2,2777,734.111,2346,2000,0.24
evening-rush,B3,plain,nearest-car,30205,800,0,0,2478,582.631,1928,2,2488,612.54,1952,2000,0.221
evening-rush,B3,plain,nearest-car,30201,800,0,0,2786,691.383,2381,2,2797,719.896,2394,2000,0.249
evening-rush,B3,plain,nearest-car,30202,800,0,0,2666,625.785,2240,2,2682,656.076,2273,2000,0.226
evening-rush,B3,plain,nearest-car,30204,800,0,0,2710,750.649,2395,2,2729,780.05,2418,2000,0.243
evening-rush,B3,plain,nearest-car,30207,800,0,0,2351,644.102,2050,1,2360,674.156,2074,2000,0.224
evening-rush,B3,plain,nearest-car,30206,800,0,0,2696,703.509,2312,1,2706,732.504,2332,2000,0.242
evening-rush,B3,plain,nearest-car-eta,30200,800,0,0,358,28.264,97,1,366,59.25,118,2000,0.191
evening-rush,B3,plain,nearest-car,30209,800,0,0,2006,516.926,1673,2,2011,545.976,1693,2000,0.2
evening-rush,B3,plain,nearest-car,30208,800,0,0,2689,732.361,2356,1,2702,761.901,2372,2000,0.243
evening-rush,B3,plain,nearest-car-eta,30201,800,0,0,396,27.922,91,2,422,56.436,116,2000,0.189
evening-rush,B3,plain,nearest-car-eta,30202,800,0,0,625,33.083,115,1,653,63.374,133,2000,0.194
evening-rush,B3,plain,round-robin,30200,800,0,0,115,50.26,101,2,163,81.246,142,2000,0.114
evening-rush,B3,plain,nearest-car-eta,30203,800,0,0,356,28.804,96,1,368,57.178,118,2000,0.185
evening-rush,B3,plain,round-robin,30201,800,0,0,114,45.894,94,2,162,74.407,136,2000,0.085
evening-rush,B3,plain,nearest-car-eta,30204,800,0,0,508,32.535,113,2,542,61.936,140,2000,0.185
evening-rush,B3,plain,nearest-car-eta,30205,800,0,0,378,34.099,128,1,386,64.007,153,2000,0.186
evening-rush,B3,plain,nearest-car-eta,30206,800,0,0,578,33.726,127,1,588,62.721,152,2000,0.194
evening-rush,B3,plain,nearest-car-eta,30207,800,0,0,318,30.75,110,1,342,60.804,123,2000,0.191
evening-rush,B3,plain,round-robin,30202,800,0,0,116,47.258,97,2,163,77.549,137,2000,0.108
evening-rush,B3,plain,nearest-car-eta,30209,800,0,0,276,30.371,103,1,290,59.421,118,2000,0.19
evening-rush,B3,plain,nearest-car-eta,30208,800,0,0,259,31.043,114,1,286,60.583,137,2000,0.189
evening-rush,B3,plain,round-robin,30204,800,0,0,158,47.13,97,3,165,76.531,138,2000,0.109
evening-rush,B3,plain,round-robin,30203,800,0,0,114,45.803,97,2,162,74.176,131,2000,0.104
evening-rush,B3,plain,round-robin,30207,800,0,0,114,47.73,98,2,163,77.784,139,2000,0.106
evening-rush,B3,plain,round-robin,30206,800,0,0,123,47.66,101,2,169,76.655,140,2000,0.104
evening-rush,B3,plain,round-robin,30208,800,0,0,145,49.45,100,2,170,78.99,141,2000,0.099
evening-rush,B3,plain,round-robin,30205,800,0,0,115,47.034,97,4,170,76.942,137,2000,0.125
evening-rush,B3,plain,round-robin,30209,800,0,0,114,46.794,99,1,173,75.844,135,2000,0.101
evening-rush,B3,plain,zone-based,30200,800,0,0,325,31.34,91,2,377,62.326,142,2000,0.103
evening-rush,B3,plain,zone-based,30201,800,0,0,194,27.664,81,2,231,56.178,132,2000,0.101
evening-rush,B3,plain,zone-based,30202,800,0,0,217,31.38,86,1,269,61.671,138,2000,0.098
evening-rush,B3,plain,zone-based,30204,800,0,0,184,30.694,87,3,237,60.095,140,2000,0.094
evening-rush,B3,plain,zone-based,30203,800,0,0,201,30.189,84,1,246,58.562,132,2000,0.093
evening-rush,B3,plain,zone-based,30205,800,0,0,115,31.348,84,1,174,61.256,134,2000,0.1
evening-rush,B3,plain,zone-based,30208,800,0,0,307,31.346,90,1,359,60.886,143,2000,0.101
evening-rush,B3,plain,zone-based,30209,800,0,0,182,31.116,95,1,234,60.166,144,2000,0.09
evening-rush,B3,plain,zone-based,30206,800,0,0,121,29.062,87,2,174,58.057,138,2000,0.101
evening-rush,B3,plain,zone-based,30207,800,0,0,175,30.826,88,1,214,60.88,140,2000,0.105
evening-rush,B3,plain,express,30201,800,0,0,114,22.706,65,1,167,51.22,117,2000,0.173
evening-rush,B3,plain,express,30202,800,0,0,560,36.43,106,1,600,66.721,157,2000,0.184
evening-rush,B3,plain,express,30203,800,0,0,155,21.957,63,1,195,50.331,112,2000,0.155
evening-rush,B3,plain,express,30204,800,0,0,378,25.486,79,2,418,54.888,127,2000,0.15
evening-rush,B3,plain,express,30206,800,0,0,142,23.045,66,1,186,52.04,118,2000,0.163
evening-rush,B3,plain,express,30205,800,0,0,213,23.913,66,2,258,53.821,116,2000,0.164
evening-rush,B3,plain,express,30208,800,0,0,474,32.189,95,1,515,61.729,150,2000,0.174
evening-rush,B3,plain,express,30209,800,0,0,307,27.789,89,1,347,56.839,139,2000,0.169
evening-rush,B3,plain,express,30207,800,0,0,278,30.989,94,1,320,61.042,141,2000,0.174
evening-rush,B3,plain,express,30200,800,0,0,375,31.21,93,1,416,62.196,142,2000,0.188
evening-rush,B3,stop1,eta-cost,30201,800,0,0,71,17.44,52,3,126,48.59,106,2000,0.239
evening-rush,B3,stop1,eta-cost,30200,800,0,0,82,19.921,58,3,142,53.529,111,2000,0.25
evening-rush,B3,stop1,eta-cost,30203,800,0,0,87,18.485,55,3,147,49.576,110,2000,0.239
evening-rush,B3,stop1,eta-cost,30202,800,0,0,74,20.279,56,3,135,53.221,112,2000,0.255
evening-rush,B3,stop1,eta-cost,30204,800,0,0,86,19.009,54,2,142,51.144,109,2000,0.244
evening-rush,B3,stop1,eta-cost,30205,800,0,0,73,19.12,53,3,131,51.64,110,2000,0.246
evening-rush,B3,stop1,eta-cost,30208,800,0,0,78,18.578,55,3,145,50.804,113,2000,0.245
evening-rush,B3,stop1,eta-cost,30206,800,0,0,73,19.019,53,2,137,50.629,111,2000,0.246
evening-rush,B3,stop1,eta-cost,30207,800,0,0,78,20.534,57,3,139,53.142,115,2000,0.256
evening-rush,B3,stop1,eta-cost,30209,800,0,0,75,19.031,56,3,129,50.703,112,2000,0.251
evening-rush,B3,stop1,eta-cost-fair,30200,800,0,0,77,19.992,55,2,131,53.502,110,2000,0.256
evening-rush,B3,stop1,eta-cost-fair,30201,800,0,0,79,17.87,53,3,141,48.85,107,2000,0.211
evening-rush,B3,stop1,eta-cost-fair,30202,800,0,0,75,20.224,54,3,128,53.02,109,2000,0.25
evening-rush,B3,stop1,eta-cost-fair,30203,800,0,0,71,18.802,53,3,127,49.722,109,2000,0.243
evening-rush,B3,stop1,eta-cost-fair,30204,800,0,0,79,19.973,55,3,135,51.867,110,2000,0.258
evening-rush,B3,stop1,eta-cost-fair,30206,800,0,0,90,18.77,56,3,136,50.231,110,2000,0.252
evening-rush,B3,stop1,eta-cost-fair,30208,800,0,0,69,19.315,55,3,132,51.343,112,2000,0.248
evening-rush,B3,stop1,eta-cost-fair,30205,800,0,0,83,18.883,53,2,139,51.248,110,2000,0.252
evening-rush,B3,stop1,eta-cost-fair,30207,800,0,0,84,20.316,57,2,140,52.859,115,2000,0.263
evening-rush,B3,stop1,eta-cost-fair,30209,800,0,0,72,18.934,52,3,125,50.466,109,2000,0.241
evening-rush,B3,stop1,nearest-car,30201,800,0,0,2463,493.511,1960,2,2478,525.107,1979,2000,0.202
evening-rush,B3,stop1,nearest-car,30205,800,0,0,2399,446.08,1774,2,2408,479.118,1807,2000,0.204
evening-rush,B3,stop1,nearest-car,30200,800,0,0,3078,835.069,2482,3,3098,868.832,2510,2000,0.248
evening-rush,B3,stop1,nearest-car,30202,800,0,0,2589,534.914,1927,3,2604,568.319,1963,2000,0.193
evening-rush,B3,stop1,nearest-car,30203,800,0,0,2740,744.534,2421,3,2752,775.881,2443,2000,0.252
evening-rush,B3,stop1,nearest-car,30208,800,0,0,2531,380.29,1921,2,2541,413.077,1942,2000,0.193
evening-rush,B3,stop1,nearest-car,30204,800,0,0,2727,766.986,2375,3,2739,799.309,2396,2000,0.244
evening-rush,B3,stop1,nearest-car,30209,800,0,0,2542,638.23,2122,3,2554,670.185,2143,2000,0.22
evening-rush,B3,stop1,nearest-car,30207,800,0,0,2667,749.375,2370,3,2675,782.301,2400,2000,0.262
evening-rush,B3,stop1,nearest-car-eta,30200,800,0,0,426,30.02,88,3,468,64.045,121,2000,0.19
evening-rush,B3,stop1,nearest-car,30206,800,0,0,2472,608.362,2152,2,2477,640.371,2179,2000,0.239
evening-rush,B3,stop1,nearest-car-eta,30201,800,0,0,677,31.691,111,3,699,63.134,126,2000,0.227
evening-rush,B3,stop1,nearest-car-eta,30202,800,0,0,541,35.358,132,3,557,68.74,154,2000,0.232
evening-rush,B3,stop1,nearest-car-eta,30203,800,0,0,408,32.076,106,3,435,63.599,125,2000,0.229
evening-rush,B3,stop1,nearest-car-eta,30204,800,0,0,604,32.642,104,2,627,65.243,125,2000,0.227
evening-rush,B3,stop1,nearest-car-eta,30205,800,0,0,257,32.102,102,2,271,65.112,124,2000,0.215
evening-rush,B3,stop1,nearest-car-eta,30206,800,0,0,447,31.936,106,2,481,63.938,124,2000,0.22
evening-rush,B3,stop1,round-robin,30200,800,0,0,122,53.054,106,4,188,87.101,151,2000,0.118
evening-rush,B3,stop1,round-robin,30201,800,0,0,119,49.556,101,3,176,81.022,146,2000,0.104
evening-rush,B3,stop1,round-robin,30203,800,0,0,188,50.44,105,3,195,82.022,147,2000,0.102
evening-rush,B3,stop1,round-robin,30202,800,0,0,140,50.454,106,3,177,83.814,147,2000,0.11
evening-rush,B3,stop1,nearest-car-eta,30207,800,0,0,351,31.96,104,2,370,64.998,123,2000,0.23
evening-rush,B3,stop1,round-robin,30204,800,0,0,179,49.078,103,3,185,81.698,146,2000,0.108
evening-rush,B3,stop1,nearest-car-eta,30209,800,0,0,741,33.38,103,2,769,65.49,124,2000,0.223
evening-rush,B3,stop1,round-robin,30206,800,0,0,147,51.276,103,2,184,83.343,149,2000,0.106
evening-rush,B3,stop1,round-robin,30205,800,0,0,121,49.708,104,5,185,82.543,146,2000,0.113
evening-rush,B3,stop1,round-robin,30207,800,0,0,158,50.72,105,3,179,83.901,151,2000,0.114
evening-rush,B3,stop1,round-robin,30209,800,0,0,238,49.383,104,3,246,81.626,147,2000,0.108
evening-rush,B3,stop1,round-robin,30208,800,0,0,236,51.94,105,4,245,84.755,149,2000,0.107
evening-rush,B3,stop1,zone-based,30200,800,0,0,305,35.749,102,3,358,68.808,156,2000,0.111
evening-rush,B3,stop1,nearest-car-eta,30208,800,0,0,332,30.524,106,3,346,63.206,123,2000,0.216
evening-rush,B3,stop1,zone-based,30201,800,0,0,184,30.712,89,2,222,61.239,142,2000,0.105
evening-rush,B3,stop1,zone-based,30202,800,0,0,252,33.44,97,2,290,65.784,152,2000,0.11
evening-rush,B3,stop1,zone-based,30205,800,0,0,234,31.664,88,3,287,63.679,141,2000,0.108
evening-rush,B3,stop1,zone-based,30204,800,0,0,211,31.66,93,3,257,63.189,143,2000,0.108
evening-rush,B3,stop1,zone-based,30207,800,0,0,236,33.699,102,3,294,65.847,152,2000,0.108
evening-rush,B3,stop1,zone-based,30206,800,0,0,196,31.929,92,2,250,62.989,149,2000,0.084
evening-rush,B3,stop1,zone-based,30209,800,0,0,615,33.888,96,3,668,65.084,151,2000,0.106
evening-rush,B3,stop1,zone-based,30208,800,0,0,184,32.477,91,2,229,64.05,144,2000,0.102
evening-rush,B3,stop1,zone-based,30203,800,0,0,190,32.264,93,3,243,62.769,146,2000,0.097
evening-rush,B3,stop1,express,30201,800,0,0,408,27.519,89,2,452,58.525,142,2000,0.205
evening-rush,B3,stop1,express,30200,800,0,0,572,40.141,126,3,617,73.68,175,2000,0.214
evening-rush,B3,stop1,express,30206,800,0,0,202,25.751,83,2,246,57.245,137,2000,0.19
evening-rush,B4,plain,eta-cost,30300,400,0,0,40,11.22,28,1,63,26.4,54,1000,0.05
evening-rush,B3,stop1,express,30203,800,0,0,218,24.361,73,3,264,55.274,126,2000,0.188
evening-rush,B3,stop1,express,30204,800,0,0,387,28.321,87,2,428,60.288,138,2000,0.2
evening-rush,B3,stop1,express,30202,800,0,0,893,52.803,198,3,934,85.505,244,2000,0.211
evening-rush,B3,stop1,express,30205,800,0,0,438,27.878,87,3,482,60.321,140,2000,0.194
evening-rush,B4,plain,eta-cost,30301,400,0,0,44,11.203,29,1,72,26.525,56,1000,0.056
evening-rush,B4,plain,eta-cost,30302,400,0,0,39,11.293,29,2,65,25.907,56,1000,0.054
evening-rush,B3,stop1,express,30208,800,0,0,630,36.23,114,2,672,68.201,168,2000,0.21
evening-rush,B4,plain,eta-cost,30303,400,0,0,50,11.293,29,1,77,26.005,55,1000,0.063
evening-rush,B4,plain,eta-cost,30304,400,0,0,52,11.02,29,2,70,25.968,56,1000,0.056
evening-rush,B4,plain,eta-cost,30306,400,0,0,44,11.502,30,2,71,26.633,56,1000,0.061
evening-rush,B4,plain,eta-cost,30305,400,0,0,35,11.242,28,1,61,26.175,54,1000,0.055
evening-rush,B3,stop1,express,30207,800,0,0,833,42.986,161,2,874,75.547,207,2000,0.233
evening-rush,B4,plain,eta-cost,30307,400,0,0,39,10.553,28,1,63,25.078,54,1000,0.052
evening-rush,B4,plain,eta-cost,30308,400,0,0,50,11.95,32,2,76,26.488,58,1000,0.055
evening-rush,B4,plain,eta-cost,30309,400,0,0,52,11.062,29,1,78,25.955,56,1000,0.057
evening-rush,B3,stop1,express,30209,800,0,0,638,34.881,110,3,679,66.401,165,2000,0.202
evening-rush,B4,plain,eta-cost-fair,30300,400,0,0,40,10.67,27,2,65,25.85,53,1000,0.057
evening-rush,B4,plain,eta-cost-fair,30301,400,0,0,44,11.57,29,1,72,26.892,56,1000,0.06
evening-rush,B4,plain,eta-cost-fair,30302,400,0,0,39,11.262,29,2,65,25.878,56,1000,0.058
evening-rush,B4,plain,eta-cost-fair,30303,400,0,0,48,10.807,30,1,64,25.52,55,1000,0.058
evening-rush,B4,plain,eta-cost-fair,30307,400,0,0,46,10.988,29,2,72,25.512,54,1000,0.057
evening-rush,B4,plain,eta-cost-fair,30305,400,0,0,39,10.963,28,1,66,25.895,54,1000,0.059
evening-rush,B4,plain,nearest-car,30300,400,0,0,379,44.057,178,1,385,59.237,186,1000,0.027
evening-rush,B4,plain,eta-cost-fair,30304,400,0,0,42,10.895,29,1,69,25.843,56,1000,0.06
evening-rush,B4,plain,eta-cost-fair,30308,400,0,0,49,10.887,29,1,67,25.425,56,1000,0.059
evening-rush,B4,plain,nearest-car,30302,400,0,0,429,53.92,274,1,436,68.535,282,1000,0.031
evening-rush,B4,plain,eta-cost-fair,30306,400,0,0,44,11.635,29,1,71,26.765,55,1000,0.056
evening-rush,B4,plain,nearest-car,30301,400,0,0,435,46.898,217,1,444,62.22,230,1000,0.031
evening-rush,B4,plain,eta-cost-fair,30309,400,0,0,48,11.098,29,1,77,25.99,56,1000,0.054
evening-rush,B4,plain,nearest-car,30307,400,0,0,295,39.995,156,1,306,54.52,159,1000,0.028
evening-rush,B4,plain,nearest-car,30304,400,0,0,492,61.695,296,1,498,76.642,304,1000,0.03
evening-rush,B4,plain,nearest-car,30308,400,0,0,569,57.597,284,2,575,72.135,294,1000,0.034
evening-rush,B4,plain,nearest-car,30303,400,0,0,599,93.66,471,1,610,108.373,479,1000,0.038
evening-rush,B4,plain,nearest-car,30306,400,0,0,472,48.72,187,2,478,63.85,198,1000,0.029
evening-rush,B4,plain,nearest-car,30309,400,0,0,360,42.97,167,2,366,57.862,178,1000,0.032
evening-rush,B4,plain,nearest-car,30305,400,0,0,1053,167.787,831,2,1056,182.72,842,1000,0.045
evening-rush,B4,plain,nearest-car-eta,30303,400,0,0,74,14.287,38,1,92,29,56,1000,0.045
evening-rush,B4,plain,nearest-car-eta,30300,400,0,0,82,14.905,39,1,85,30.085,57,1000,0.05
evening-rush,B4,plain,nearest-car-eta,30305,400,0,0,103,13.775,39,1,106,28.707,56,1000,0.049
evening-rush,B4,plain,round-robin,30300,400,0,0,56,23.688,47,2,84,38.867,67,1000,0.027
evening-rush,B4,plain,nearest-car-eta,30301,400,0,0,106,15.008,41,1,112,30.33,57,1000,0.054
evening-rush,B4,plain,nearest-car-eta,30306,400,0,0,163,16.15,45,2,165,31.28,61,1000,0.047
evening-rush,B4,plain,nearest-car-eta,30302,400,0,0,113,14.715,41,1,116,29.33,57,1000,0.049
evening-rush,B4,plain,nearest-car-eta,30304,400,0,0,234,17.683,56,2,240,32.63,71,1000,0.048
evening-rush,B4,plain,nearest-car-eta,30308,400,0,0,75,12.9,38,1,87,27.438,57,1000,0.045
evening-rush,B4,plain,round-robin,30302,400,0,0,53,23.023,47,3,78,37.638,66,1000,0.032
evening-rush,B4,plain,nearest-car-eta,30307,400,0,0,74,14.605,41,1,85,29.13,56,1000,0.046
evening-rush,B4,plain,nearest-car-eta,30309,400,0,0,122,14.055,37,2,127,28.948,57,1000,0.047
evening-rush,B4,plain,round-robin,30301,400,0,0,79,23.578,47,2,83,38.9,68,1000,0.031
evening-rush,B4,plain,round-robin,30303,400,0,0,53,23.685,48,2,80,38.398,68,1000,0.028
evening-rush,B4,plain,round-robin,30309,400,0,0,57,23.415,50,3,80,38.307,67,1000,0.035
evening-rush,B4,plain,round-robin,30305,400,0,0,55,23.977,48,3,83,38.91,67,1000,0.028
evening-rush,B4,plain,round-robin,30304,400,0,0,96,24.63,50,2,97,39.578,69,1000,0.03
evening-rush,B4,plain,round-robin,30306,400,0,0,56,23.915,49,2,82,39.045,70,1000,0.025
evening-rush,B4,plain,round-robin,30307,400,0,0,57,23.715,49,3,80,38.24,66,1000,0.031
evening-rush,B4,plain,zone-based,30300,400,0,0,95,17.15,45,2,117,32.33,69,1000,0.027
evening-rush,B4,plain,zone-based,30303,400,0,0,97,17.26,48,2,119,31.973,73,1000,0.032
evening-rush,B4,plain,round-robin,30308,400,0,0,69,22.895,48,2,85,37.432,67,1000,0.03
evening-rush,B4,plain,zone-based,30301,400,0,0,106,17.305,47,1,129,32.627,72,1000,0.032
evening-rush,B4,plain,zone-based,30302,400,0,0,106,16.758,48,1,128,31.372,73,1000,0.023
evening-rush,B4,plain,zone-based,30304,400,0,0,198,20.148,54,1,220,35.095,78,1000,0.025
evening-rush,B4,plain,zone-based,30306,400,0,0,101,17.142,49,1,125,32.273,73,1000,0.031
evening-rush,B4,plain,zone-based,30308,400,0,0,110,16.865,47,1,133,31.402,71,1000,0.023
evening-rush,B4,plain,zone-based,30307,400,0,0,108,16.207,47,1,130,30.733,71,1000,0.024
evening-rush,B4,plain,zone-based,30305,400,0,0,96,16.622,47,1,118,31.555,70,1000,0.034
evening-rush,B4,plain,zone-based,30309,400,0,0,83,16.795,49,1,106,31.688,72,1000,0.027
evening-rush,B4,plain,express,30300,400,0,0,176,18.835,56,2,196,34.015,81,1000,0.048
evening-rush,B4,plain,express,30301,400,0,0,416,23.815,61,1,436,39.138,83,1000,0.052
evening-rush,B4,plain,express,30302,400,0,0,253,18.812,52,1,273,33.428,79,1000,0.044
evening-rush,B4,plain,express,30303,400,0,0,148,18.148,55,1,168,32.86,83,1000,0.054
evening-rush,B4,plain,express,30304,400,0,0,558,39.748,217,1,578,54.695,239,1000,0.063
evening-rush,B4,plain,express,30307,400,0,0,143,15.102,51,1,165,29.628,75,1000,0.046
evening-rush,B4,plain,express,30308,400,0,0,311,19.155,55,1,331,33.693,80,1000,0.049
evening-rush,B4,plain,express,30306,400,0,0,240,20.753,72,2,260,35.883,96,1000,0.049
evening-rush,B4,plain,express,30305,400,0,0,195,18.828,54,1,215,33.76,78,1000,0.039
evening-rush,B4,plain,express,30309,400,0,0,230,17.81,52,2,250,32.703,77,1000,0.05
evening-rush,B4,stop1,eta-cost,30300,400,0,0,48,13.115,32,2,76,30.87,62,1000,0.07
evening-rush,B4,stop1,eta-cost,30301,400,0,0,55,12.463,35,2,83,30.31,65,1000,0.072
evening-rush,B4,stop1,eta-cost,30305,400,0,0,46,12.54,30,3,76,29.968,60,1000,0.068
evening-rush,B4,stop1,eta-cost,30304,400,0,0,59,13.307,34,2,85,30.925,63,1000,0.067
evening-rush,B4,stop1,eta-cost,30306,400,0,0,46,12.477,34,2,78,30.183,62,1000,0.074
evening-rush,B4,stop1,eta-cost,30302,400,0,0,56,12.598,31,3,89,29.617,59,1000,0.069
evening-rush,B4,stop1,eta-cost,30303,400,0,0,56,13.303,34,2,88,30.44,60,1000,0.065
evening-rush,B4,stop1,eta-cost,30308,400,0,0,52,12.085,31,3,77,29.18,60,1000,0.072
evening-rush,B4,stop1,eta-cost,30307,400,0,0,51,12.188,32,2,85,29.212,61,1000,0.069
evening-rush,B4,stop1,eta-cost-fair,30300,400,0,0,54,14.48,38,2,80,32.218,63,1000,0.074
evening-rush,B4,stop1,eta-cost,30309,400,0,0,61,12.915,33,2,92,30.262,63,1000,0.072
evening-rush,B4,stop1,eta-cost-fair,30301,400,0,0,48,12.957,35,2,80,30.735,64,1000,0.075
evening-rush,B4,stop1,nearest-car,30300,400,0,0,581,76.453,374,3,585,94.855,383,1000,0.035
evening-rush,B4,stop1,eta-cost-fair,30302,400,0,0,50,12.675,32,3,72,29.685,60,1000,0.064
evening-rush,B4,stop1,eta-cost-fair,30306,400,0,0,49,13.977,34,2,76,31.688,64,1000,0.073
evening-rush,B4,stop1,eta-cost-fair,30305,400,0,0,46,12.45,31,3,71,29.785,59,1000,0.069
evening-rush,B4,stop1,eta-cost-fair,30304,400,0,0,61,13.225,33,3,91,30.77,61,1000,0.074
evening-rush,B4,stop1,eta-cost-fair,30309,400,0,0,52,14.01,34,2,84,31.295,62,1000,0.074
evening-rush,B4,stop1,eta-cost-fair,30303,400,0,0,47,12.98,32,3,71,30.1,60,1000,0.067
evening-rush,B4,stop1,eta-cost-fair,30307,400,0,0,55,12.35,30,3,82,29.28,60,1000,0.073
evening-rush,B4,stop1,eta-cost-fair,30308,400,0,0,54,13.21,32,3,84,30.31,61,1000,0.064
evening-rush,B4,stop1,nearest-car,30301,400,0,0,496,69.56,330,2,503,88.168,342,1000,0.041
evening-rush,B4,stop1,nearest-car,30305,400,0,0,978,126.005,642,3,985,143.952,654,1000,0.041
evening-rush,B4,stop1,nearest-car,30302,400,0,0,730,100.73,512,2,739,118.31,525,1000,0.04
evening-rush,B4,stop1,nearest-car,30303,400,0,0,600,81.595,442,3,610,99.448,456,1000,0.033
evening-rush,B4,stop1,nearest-car,30308,400,0,0,628,87.362,423,3,637,104.998,429,1000,0.035
evening-rush,B4,stop1,nearest-car,30307,400,0,0,554,72.985,348,2,560,90.597,356,1000,0.033
evening-rush,B4,stop1,nearest-car,30309,400,0,0,564,75.225,367,3,572,93.312,373,1000,0.037
evening-rush,B4,stop1,nearest-car,30304,400,0,0,765,139.41,617,2,777,157.255,624,1000,0.039
evening-rush,B4,stop1,nearest-car,30306,400,0,0,610,109.005,486,3,622,127.23,495,1000,0.037
evening-rush,B4,stop1,nearest-car-eta,30301,400,0,0,122,18.218,52,2,127,36.498,70,1000,0.057
evening-rush,B4,stop1,nearest-car-eta,30300,400,0,0,137,18.593,50,3,153,36.803,69,1000,0.063
evening-rush,B4,stop1,nearest-car-eta,30302,400,0,0,155,17.4,49,3,160,34.833,65,1000,0.057
evening-rush,B4,stop1,nearest-car-eta,30303,400,0,0,116,14.775,39,2,123,32.34,62,1000,0.06
evening-rush,B4,stop1,nearest-car-eta,30304,400,0,0,152,19.915,53,2,154,37.86,81,1000,0.059
evening-rush,B4,stop1,nearest-car-eta,30309,400,0,0,121,16.25,45,2,127,33.898,63,1000,0.054
evening-rush,B4,stop1,nearest-car-eta,30305,400,0,0,118,15.188,45,3,140,32.985,63,1000,0.057
evening-rush,B4,stop1,nearest-car-eta,30306,400,0,0,118,16.488,46,3,121,34.655,64,1000,0.061
evening-rush,B4,stop1,nearest-car-eta,30307,400,0,0,103,15.72,45,2,126,33.032,63,1000,0.061
evening-rush,B4,stop1,round-robin,30300,400,0,0,108,28.62,54,2,113,46.987,79,1000,0.03
evening-rush,B4,stop1,nearest-car-eta,30308,400,0,0,119,14.957,44,2,127,32.425,63,1000,0.056
evening-rush,B4,stop1,round-robin,30301,400,0,0,89,26.885,55,5,97,45.29,80,1000,0.03
evening-rush,B4,stop1,round-robin,30303,400,0,0,64,25.157,54,3,99,42.885,76,1000,0.036
evening-rush,B4,stop1,round-robin,30302,400,0,0,61,26.082,51,2,94,43.748,76,1000,0.027
evening-rush,B4,stop1,round-robin,30307,400,0,0,78,25.547,52,4,90,43.075,74,1000,0.027
evening-rush,B4,stop1,round-robin,30304,400,0,0,186,31.152,60,2,188,49.523,86,1000,0.029
evening-rush,B4,stop1,round-robin,30305,400,0,0,64,26.517,53,3,95,44.447,78,1000,0.031
evening-rush,B4,stop1,round-robin,30308,400,0,0,98,26.45,56,2,101,44.15,79,1000,0.027
evening-rush,B4,stop1,zone-based,30301,400,0,0,209,21.067,57,3,232,38.583,86,1000,0.028
evening-rush,B4,stop1,zone-based,30300,400,0,0,106,19.413,53,2,129,36.8,80,1000,0.03
evening-rush,B4,stop1,zone-based,30302,400,0,0,87,17.152,48,2,112,33.938,77,1000,0.027
evening-rush,B4,stop1,round-robin,30306,400,0,0,119,28.765,58,3,130,47.142,82,1000,0.03
evening-rush,B4,stop1,round-robin,30309,400,0,0,108,26.793,56,3,112,44.778,79,1000,0.032
evening-rush,B4,stop1,zone-based,30303,400,0,0,112,18.793,52,2,135,35.617,79,1000,0.029
evening-rush,B4,stop1,zone-based,30304,400,0,0,219,21.505,57,2,242,38.693,84,1000,0.029
evening-rush,B4,stop1,zone-based,30308,400,0,0,102,18.795,55,2,125,35.63,82,1000,0.025
evening-rush,B4,stop1,zone-based,30306,400,0,0,120,17.642,48,2,143,35.093,78,1000,0.03
evening-rush,B4,stop1,zone-based,30305,400,0,0,119,19.613,56,2,142,36.742,83,1000,0.029
evening-rush,B4,stop1,zone-based,30309,400,0,0,170,20.527,53,2,193,37.545,83,1000,0.029
evening-rush,B4,stop1,zone-based,30307,400,0,0,116,19.073,55,2,141,35.71,83,1000,0.03
evening-rush,B4,stop1,express,30301,400,0,0,527,39.76,217,3,548,57.233,241,1000,0.067
evening-rush,B4,stop1,express,30300,400,0,0,338,27.4,111,2,359,44.837,134,1000,0.064
evening-rush,B4,stop1,express,30302,400,0,0,541,29.62,131,3,562,46.532,152,1000,0.054
evening-rush,B4,stop1,express,30303,400,0,0,416,23.335,65,2,437,40.222,93,1000,0.053
evening-rush,B4,stop1,express,30305,400,0,0,247,23.242,81,3,268,40.41,105,1000,0.058
evening-rush,B4,stop1,express,30306,400,0,0,409,28.14,107,2,430,45.68,133,1000,0.065
evening-rush,B4,stop1,express,30308,400,0,0,356,26.975,106,2,379,43.792,129,1000,0.056
evening-rush,B4,stop1,express,30307,400,0,0,175,20.09,63,2,197,36.75,89,1000,0.061
evening-rush,B4,stop1,express,30309,400,0,0,455,27.67,63,3,478,44.792,94,1000,0.067
evening-rush,B4,stop1,express,30304,400,0,0,638,51.977,392,2,659,69.26,413,1000,0.083
evening-rush,B5,plain,eta-cost,30400,400,0,0,152,39.665,99,1,244,89.445,188,3333,0.108
evening-rush,B5,plain,eta-cost,30401,400,0,0,191,37.837,98,2,280,87.138,192,3333,0.121
evening-rush,B5,plain,eta-cost,30404,400,0,0,157,38.34,101,2,245,87.7,190,3333,0.122
evening-rush,B5,plain,eta-cost,30403,400,0,0,127,35.905,93,4,220,83.692,174,3333,0.11
evening-rush,B5,plain,eta-cost,30402,400,0,0,170,39.142,102,3,261,88.772,193,3333,0.115
evening-rush,B5,plain,eta-cost,30408,400,0,0,128,37.852,96,2,224,87.328,184,3333,0.116
evening-rush,B5,plain,eta-cost,30405,400,0,0,160,39.675,104,2,249,91.453,194,3333,0.123
evening-rush,B5,plain,eta-cost,30409,400,0,0,140,39.398,99,2,237,90.175,186,3333,0.117
evening-rush,B5,plain,eta-cost,30407,400,0,0,163,36.877,97,2,219,84.942,186,3333,0.126
evening-rush,B5,plain,eta-cost,30406,400,0,0,152,36.165,98,2,235,85.43,186,3333,0.126
evening-rush,B5,plain,eta-cost-fair,30400,400,0,0,177,39.833,100,1,227,89.612,188,3333,0.109
evening-rush,B5,plain,eta-cost-fair,30402,400,0,0,170,38.422,97,4,261,88.052,187,3333,0.115
evening-rush,B5,plain,eta-cost-fair,30401,400,0,0,169,37.142,97,2,223,86.442,190,3333,0.116
evening-rush,B5,plain,eta-cost-fair,30403,400,0,0,127,35.47,93,2,220,83.257,175,3333,0.106
evening-rush,B5,plain,eta-cost-fair,30405,400,0,0,166,40.305,99,2,233,92.082,191,3333,0.121
evening-rush,B5,plain,eta-cost-fair,30404,400,0,0,157,39.538,102,2,245,88.897,192,3333,0.118
evening-rush,B5,plain,eta-cost-fair,30408,400,0,0,128,37.852,96,2,224,87.328,184,3333,0.128
evening-rush,B5,plain,eta-cost-fair,30406,400,0,0,116,36.23,95,2,210,85.495,184,3333,0.113
evening-rush,B5,plain,eta-cost-fair,30409,400,0,0,141,39.682,99,2,237,90.46,189,3333,0.122
evening-rush,B5,plain,eta-cost-fair,30407,400,0,0,120,36.553,96,2,219,84.618,180,3333,0.121
evening-rush,B5,plain,nearest-car,30400,400,0,0,3378,609.678,2837,1,3398,659.457,2885,3333,0.144
evening-rush,B5,plain,nearest-car,30402,400,0,0,2390,322.54,1623,2,2417,372.17,1647,3333,0.111
evening-rush,B5,plain,nearest-car,30401,400,0,0,1451,199.852,975,2,1472,249.153,1013,3333,0.106
evening-rush,B5,plain,nearest-car,30403,400,0,0,1532,224.458,1002,2,1557,272.245,1012,3333,0.099
evening-rush,B5,plain,nearest-car-eta,30400,400,0,0,384,58.453,158,2,401,108.233,204,3333,0.107
evening-rush,B5,plain,nearest-car,30404,400,0,0,3036,425.545,2470,2,3056,474.905,2508,3333,0.122
evening-rush,B5,plain,nearest-car,30405,400,0,0,3430,653.035,3013,2,3440,704.812,3065,3333,0.14
evening-rush,B5,plain,nearest-car,30407,400,0,0,3622,677.695,3107,2,3633,725.76,3139,3333,0.15
evening-rush,B5,plain,nearest-car-eta,30401,400,0,0,246,48.155,124,2,275,97.455,195,3333,0.105
evening-rush,B5,plain,nearest-car-eta,30402,400,0,0,268,45.962,134,2,296,95.593,188,3333,0.101
evening-rush,B5,plain,nearest-car,30406,400,0,0,3493,646.665,2929,2,3523,695.93,2982,3333,0.157
evening-rush,B5,plain,nearest-car,30409,400,0,0,3600,792.73,3107,2,3631,843.508,3135,3333,0.175
evening-rush,B5,plain,nearest-car-eta,30403,400,0,0,405,46.64,126,3,448,94.427,189,3333,0.11
evening-rush,B5,plain,nearest-car,30408,400,0,0,4085,900.967,3600,2,4113,950.442,3624,3333,0.172
evening-rush,B5,plain,nearest-car-eta,30404,400,0,0,259,52.865,138,2,282,102.225,196,3333,0.118
evening-rush,B5,plain,nearest-car-eta,30405,400,0,0,291,48.227,124,2,310,100.005,196,3333,0.11
evening-rush,B5,plain,round-robin,30400,400,0,0,541,86.62,176,6,544,136.4,242,3333,0.091
evening-rush,B5,plain,nearest-car-eta,30407,400,0,0,306,48.748,134,2,334,96.812,187,3333,0.116
evening-rush,B5,plain,round-robin,30401,400,0,0,341,84.983,176,7,362,134.282,236,3333,0.093
evening-rush,B5,plain,round-robin,30403,400,0,0,228,81.495,167,13,272,129.282,228,3333,0.081
evening-rush,B5,plain,round-robin,30402,400,0,0,191,85.192,164,7,281,134.822,233,3333,0.089
evening-rush,B5,plain,nearest-car-eta,30408,400,0,0,324,50.28,131,2,330,99.755,192,3333,0.113
evening-rush,B5,plain,nearest-car-eta,30409,400,0,0,280,46.032,128,2,327,96.81,194,3333,0.106
evening-rush,B5,plain,round-robin,30404,400,0,0,195,85.12,164,10,276,134.48,234,3333,0.097
evening-rush,B5,plain,round-robin,30405,400,0,0,193,83.052,170,2,290,134.83,239,3333,0.09
evening-rush,B5,plain,nearest-car-eta,30406,400,0,0,334,47.852,127,2,378,97.118,189,3333,0.089
evening-rush,B5,plain,round-robin,30408,400,0,0,245,77.675,169,2,282,127.15,227,3333,0.098
evening-rush,B5,plain,round-robin,30409,400,0,0,190,81.162,165,4,266,131.94,237,3333,0.084
evening-rush,B5,plain,round-robin,30406,400,0,0,189,74.243,158,2,278,123.507,217,3333,0.095
evening-rush,B5,plain,round-robin,30407,400,0,0,186,73.095,155,4,262,121.16,225,3333,0.095
evening-rush,B5,plain,zone-based,30400,400,0,0,350,59.763,169,4,427,109.543,255,3333,0.078
evening-rush,B5,plain,zone-based,30403,400,0,0,193,52.542,141,5,278,100.33,219,3333,0.093
evening-rush,B5,plain,zone-based,30401,400,0,0,545,59.97,162,2,621,109.27,249,3333,0.089
evening-rush,B5,plain,zone-based,30402,400,0,0,335,57.12,157,4,387,106.75,247,3333,0.09
evening-rush,B5,plain,zone-based,30404,400,0,0,357,56.212,153,4,432,105.573,241,3333,0.078
evening-rush,B5,plain,zone-based,30409,400,0,0,371,62.578,178,3,453,113.355,259,3333,0.093
evening-rush,B5,plain,zone-based,30405,400,0,0,553,59.945,165,2,629,111.722,253,3333,0.092
evening-rush,B5,plain,zone-based,30408,400,0,0,274,50.773,142,1,329,100.248,227,3333,0.088
evening-rush,B5,plain,zone-based,30406,400,0,0,216,52.155,151,2,294,101.42,242,3333,0.093
evening-rush,B5,plain,zone-based,30407,400,0,0,250,52.693,147,3,326,100.757,232,3333,0.103
evening-rush,B5,plain,express,30400,400,0,0,1385,92.703,365,2,1451,142.482,442,3333,0.125
evening-rush,B5,plain,express,30401,400,0,0,1409,89.343,453,2,1479,138.643,526,3333,0.122
evening-rush,B5,plain,express,30402,400,0,0,855,59.425,176,6,922,109.055,268,3333,0.11
evening-rush,B5,plain,express,30403,400,0,0,1236,71.215,187,3,1305,119.002,270,3333,0.108
evening-rush,B5,plain,express,30404,400,0,0,1162,76.188,217,2,1229,125.547,287,3333,0.11
evening-rush,B5,plain,express,30408,400,0,0,750,60.508,185,1,817,109.983,265,3333,0.106
evening-rush,B5,plain,express,30405,400,0,0,1271,88.922,351,2,1339,140.7,439,3333,0.121
evening-rush,B5,plain,express,30406,400,0,0,433,53.55,181,2,503,102.815,268,3333,0.111
evening-rush,B5,plain,express,30407,400,0,0,1043,72.65,221,2,1110,120.715,287,3333,0.113
evening-rush,B5,plain,express,30409,400,0,0,1466,120.94,703,2,1533,171.718,774,3333,0.128
evening-rush,B5,stop1,eta-cost,30400,400,0,0,181,43.803,106,3,257,96.522,199,3333,0.135
evening-rush,B5,stop1,eta-cost,30401,400,0,0,265,41.67,107,2,343,93.65,198,3333,0.13
evening-rush,B5,stop1,eta-cost,30402,400,0,0,175,43.43,108,4,269,95.907,197,3333,0.134
evening-rush,B5,stop1,eta-cost,30403,400,0,0,133,37.127,94,3,232,87.698,181,3333,0.127
evening-rush,B5,stop1,eta-cost,30404,400,0,0,162,43.667,105,2,251,95.808,197,3333,0.136
evening-rush,B5,stop1,eta-cost,30405,400,0,0,167,43.01,107,2,272,97.453,202,3333,0.142
evening-rush,B5,stop1,eta-cost,30406,400,0,0,147,37.44,98,3,233,89.453,191,3333,0.131
evening-rush,B5,stop1,eta-cost,30407,400,0,0,171,37.788,99,3,250,88.425,193,3333,0.133
evening-rush,B5,stop1,eta-cost,30408,400,0,0,143,39.638,98,2,234,91.81,187,3333,0.123
evening-rush,B5,stop1,eta-cost,30409,400,0,0,182,39.962,103,3,279,93.72,195,3333,0.13
evening-rush,B5,stop1,eta-cost-fair,30400,400,0,0,241,41.85,103,5,275,94.653,193,3333,0.135
evening-rush,B5,stop1,eta-cost-fair,30401,400,0,0,169,39.612,103,2,251,91.543,198,3333,0.137
evening-rush,B5,stop1,eta-cost-fair,30402,400,0,0,176,41.748,104,3,230,94.17,195,3333,0.132
evening-rush,B5,stop1,eta-cost-fair,30403,400,0,0,121,39.305,97,3,222,89.877,188,3333,0.109
evening-rush,B5,stop1,eta-cost-fair,30404,400,0,0,163,44.042,108,2,260,96.1,197,3333,0.14
evening-rush,B5,stop1,eta-cost-fair,30405,400,0,0,156,40.835,111,2,248,95.215,202,3333,0.117
evening-rush,B5,stop1,eta-cost-fair,30406,400,0,0,137,37.523,98,3,222,89.493,191,3333,0.134
evening-rush,B5,stop1,eta-cost-fair,30407,400,0,0,155,38.907,97,3,256,89.532,187,3333,0.141
evening-rush,B5,stop1,eta-cost-fair,30408,400,0,0,157,42.697,101,3,263,94.938,188,3333,0.137
evening-rush,B5,stop1,eta-cost-fair,30409,400,0,0,154,44.075,104,3,227,97.668,197,3333,0.135
evening-rush,B5,stop1,nearest-car,30403,400,0,0,1873,253.132,1257,3,1898,304.57,1277,3333,0.112
evening-rush,B5,stop1,nearest-car,30400,400,0,0,3514,520.43,2869,3,3536,573.678,2904,3333,0.132
evening-rush,B5,stop1,nearest-car,30401,400,0,0,1916,290.582,1383,3,1938,343.358,1393,3333,0.11
evening-rush,B5,stop1,nearest-car,30402,400,0,0,2799,489.822,2374,3,2851,542.99,2408,3333,0.137
evening-rush,B5,stop1,nearest-car,30404,400,0,0,2092,247.11,1355,3,2102,300.12,1362,3333,0.105
evening-rush,B5,stop1,nearest-car,30407,400,0,0,1280,151.982,730,3,1304,203.567,770,3333,0.098
evening-rush,B5,stop1,nearest-car,30408,400,0,0,2007,269.877,1437,3,2039,323.058,1468,3333,0.107
evening-rush,B5,stop1,nearest-car,30406,400,0,0,3709,621.465,3075,3,3727,673.86,3112,3333,0.15
evening-rush,B5,stop1,nearest-car,30405,400,0,0,3322,629.587,2680,3,3352,684.61,2732,3333,0.151
evening-rush,B5,stop1,nearest-car,30409,400,0,0,2159,294.962,1444,3,2185,349.277,1461,3333,0.108
evening-rush,B5,stop1,nearest-car-eta,30402,400,0,0,440,50.343,147,3,472,103.203,197,3333,0.117
evening-rush,B5,stop1,nearest-car-eta,30401,400,0,0,366,50.422,153,3,398,102.76,201,3333,0.114
evening-rush,B5,stop1,nearest-car-eta,30400,400,0,0,440,54.807,148,2,482,107.828,211,3333,0.119
evening-rush,B5,stop1,nearest-car-eta,30403,400,0,0,399,51.568,140,5,404,102.368,196,3333,0.113
evening-rush,B5,stop1,nearest-car-eta,30404,400,0,0,467,53.648,150,2,492,106.105,198,3333,0.125
evening-rush,B5,stop1,nearest-car-eta,30405,400,0,0,467,57.06,155,5,469,112.028,204,3333,0.127
evening-rush,B5,stop1,round-robin,30400,400,0,0,555,90.81,181,13,558,143.988,259,3333,0.084
evening-rush,B5,stop1,nearest-car-eta,30406,400,0,0,306,52.595,140,3,347,104.843,197,3333,0.132
evening-rush,B5,stop1,round-robin,30401,400,0,0,376,87.483,180,8,400,140.067,245,3333,0.091
evening-rush,B5,stop1,nearest-car-eta,30407,400,0,0,311,51.913,129,3,340,102.718,193,3333,0.12
evening-rush,B5,stop1,round-robin,30402,400,0,0,198,91.93,175,9,303,144.732,244,3333,0.092
evening-rush,B5,stop1,nearest-car-eta,30408,400,0,0,465,57.597,153,3,468,110.095,205,3333,0.115
evening-rush,B5,stop1,round-robin,30403,400,0,2,326,80.582,167,16,336,131.575,232,3333,0.089
evening-rush,B5,stop1,round-robin,30404,400,0,0,201,87.73,173,4,285,140.162,246,3333,0.1
evening-rush,B5,stop1,nearest-car-eta,30409,400,0,0,360,57.453,153,4,364,111.463,215,3333,0.112
evening-rush,B5,stop1,round-robin,30405,400,0,0,244,90.4,179,7,299,145.355,246,3333,0.102
evening-rush,B5,stop1,round-robin,30406,400,0,0,198,77.145,164,2,293,129.34,225,3333,0.092
evening-rush,B5,stop1,round-robin,30409,400,0,0,311,83.415,174,5,326,137.555,248,3333,0.088
evening-rush,B5,stop1,round-robin,30407,400,0,0,194,71.355,161,9,277,122.308,227,3333,0.099
evening-rush,B5,stop1,round-robin,30408,400,0,0,261,82.347,168,3,301,134.942,239,3333,0.09
evening-rush,B5,stop1,zone-based,30401,400,0,0,495,59.443,166,2,572,111.265,257,3333,0.097
evening-rush,B5,stop1,zone-based,30400,400,0,0,379,60.178,174,3,458,112.612,261,3333,0.083
evening-rush,B5,stop1,zone-based,30402,400,0,0,381,61.575,177,6,433,113.728,263,3333,0.088
evening-rush,B5,stop1,zone-based,30403,400,0,0,271,52.117,145,5,351,102.377,226,3333,0.087
evening-rush,B5,stop1,zone-based,30404,400,0,0,396,58.068,156,6,472,109.9,246,3333,0.092
evening-rush,B5,stop1,zone-based,30407,400,0,0,267,56.403,163,4,347,106.76,253,3333,0.098
evening-rush,B5,stop1,zone-based,30409,400,0,0,513,63.818,179,5,591,117.088,267,3333,0.08
evening-rush,B5,stop1,zone-based,30408,400,0,0,236,58.06,157,2,313,109.888,240,3333,0.095
evening-rush,B5,stop1,zone-based,30406,400,0,0,368,54.545,156,3,444,106.188,243,3333,0.095
evening-rush,B5,stop1,zone-based,30405,400,0,0,571,64.67,173,3,653,118.92,267,3333,0.095
evening-rush,B5,stop1,express,30402,400,0,0,1498,71.735,194,5,1566,124.047,283,3333,0.12
evening-rush,B5,stop1,express,30401,400,0,0,1492,98.395,497,3,1564,150.308,566,3333,0.129
evening-rush,B5,stop1,express,30400,400,0,0,1542,120.74,646,3,1619,173.393,721,3333,0.139
evening-rush,B5,stop1,express,30403,400,0,0,1222,77.748,198,5,1289,128.125,294,3333,0.124
evening-rush,B5,stop1,express,30404,400,0,0,1281,88.88,306,3,1350,140.865,380,3333,0.127
evening-rush,B5,stop1,express,30406,400,0,0,884,66.528,194,3,956,118.343,284,3333,0.118
evening-rush,B5,stop1,express,30407,400,0,0,1110,76.025,250,3,1179,126.438,329,3333,0.124
evening-rush,B5,stop1,express,30405,400,0,0,1384,106.123,525,3,1451,160.493,598,3333,0.134
evening-rush,B5,stop1,express,30408,400,0,0,1084,75.655,258,3,1154,127.74,336,3333,0.127
evening-rush,B6,plain,eta-cost,30500,400,0,0,103,24.227,59,2,162,53.99,112,4000,0.115
evening-rush,B5,stop1,express,30409,400,0,0,1855,146.472,972,3,1923,199.838,1047,3333,0.145
evening-rush,B6,plain,eta-cost,30501,400,0,0,73,23.883,57,2,121,53.992,110,4000,0.112
evening-rush,B6,plain,eta-cost,30503,400,0,0,98,24.747,59,2,142,56.788,114,4000,0.116
evening-rush,B6,plain,eta-cost,30502,400,0,0,73,22.883,58,1,123,52.2,114,4000,0.115
evening-rush,B6,plain,eta-cost,30504,400,0,0,73,23.343,58,2,123,52.855,112,4000,0.115
evening-rush,B6,plain,eta-cost,30505,400,0,0,77,24.1,59,2,136,54.535,116,4000,0.111
evening-rush,B6,plain,eta-cost,30506,400,0,0,82,24.047,58,2,131,53.392,114,4000,0.119
evening-rush,B6,plain,eta-cost,30508,400,0,0,78,24.078,59,2,124,54.045,114,4000,0.111
evening-rush,B6,plain,eta-cost,30507,400,0,0,76,22.3,58,2,118,50.367,112,4000,0.116
evening-rush,B6,plain,eta-cost,30509,400,0,0,92,25.023,58,2,143,55.462,110,4000,0.113
evening-rush,B6,plain,eta-cost-fair,30500,400,0,0,103,24.235,59,2,162,53.998,112,4000,0.109
evening-rush,B6,plain,eta-cost-fair,30501,400,0,0,73,23.883,57,2,121,53.992,110,4000,0.111
evening-rush,B6,plain,eta-cost-fair,30502,400,0,0,73,22.985,58,1,123,52.303,112,4000,0.117
evening-rush,B6,plain,eta-cost-fair,30503,400,0,0,79,25.08,59,2,137,57.12,114,4000,0.116
evening-rush,B6,plain,eta-cost-fair,30504,400,0,0,73,23.253,58,2,123,52.765,112,4000,0.111
evening-rush,B6,plain,eta-cost-fair,30505,400,0,0,94,24.025,59,2,152,54.46,114,4000,0.121
evening-rush,B6,plain,eta-cost-fair,30508,400,0,0,78,24.34,59,2,124,54.307,114,4000,0.098
evening-rush,B6,plain,eta-cost-fair,30506,400,0,0,82,24.073,57,2,131,53.417,113,4000,0.125
evening-rush,B6,plain,eta-cost-fair,30507,400,0,0,76,22.293,58,2,118,50.36,112,4000,0.111
evening-rush,B6,plain,eta-cost-fair,30509,400,0,0,92,25.005,58,2,143,55.445,110,4000,0.111
evening-rush,B6,plain,nearest-car,30501,400,0,0,3188,766.85,2859,2,3209,796.96,2868,4000,0.174
evening-rush,B6,plain,nearest-car,30500,400,0,0,2810,553.375,2599,2,2824,583.138,2629,4000,0.157
evening-rush,B6,plain,nearest-car,30502,400,0,0,2970,557.607,2579,2,2992,586.925,2597,4000,0.157
evening-rush,B6,plain,nearest-car,30503,400,0,0,3328,788.405,3061,2,3339,820.445,3080,4000,0.171
evening-rush,B6,plain,nearest-car,30505,400,0,0,3057,657.097,2735,2,3083,687.533,2750,4000,0.165
evening-rush,B6,plain,nearest-car,30509,400,0,0,2371,398.295,2115,2,2379,428.735,2131,4000,0.125
evening-rush,B6,plain,nearest-car,30506,400,0,0,3189,550.217,2901,2,3207,579.562,2914,4000,0.133
evening-rush,B6,plain,nearest-car-eta,30500,400,0,0,271,34.47,116,2,284,64.233,146,4000,0.11
evening-rush,B6,plain,nearest-car-eta,30501,400,0,0,193,32.258,90,2,216,62.367,116,4000,0.114
evening-rush,B6,plain,nearest-car,30504,400,0,1,1953,346.748,1656,2,1973,376.26,1680,4000,0.135
evening-rush,B6,plain,nearest-car,30507,400,0,0,3872,921.555,3512,2,3889,949.622,3537,4000,0.162
evening-rush,B6,plain,nearest-car-eta,30502,400,0,0,178,29.622,83,1,210,58.94,114,4000,0.109
evening-rush,B6,plain,nearest-car-eta,30503,400,0,0,285,32.513,92,2,318,64.552,119,4000,0.107
evening-rush,B6,plain,nearest-car,30508,400,0,0,4142,1180.892,3969,2,4160,1210.86,3995,4000,0.219
evening-rush,B6,plain,nearest-car-eta,30504,400,0,0,187,29.677,79,2,200,59.19,116,4000,0.102
evening-rush,B6,plain,nearest-car-eta,30505,400,0,0,283,34.875,121,2,295,65.31,132,4000,0.1
evening-rush,B6,plain,nearest-car-eta,30506,400,0,0,209,31.01,81,2,234,60.355,116,4000,0.108
evening-rush,B6,plain,round-robin,30500,400,0,0,167,42.017,94,2,183,71.78,132,4000,0.088
evening-rush,B6,plain,nearest-car-eta,30507,400,0,0,177,29.098,79,2,224,57.165,111,4000,0.106
evening-rush,B6,plain,nearest-car-eta,30508,400,0,0,406,35.153,118,1,439,65.12,139,4000,0.107
evening-rush,B6,plain,nearest-car-eta,30509,400,0,0,283,31.363,87,2,326,61.803,118,4000,0.106
evening-rush,B6,plain,round-robin,30501,400,0,0,115,38.465,86,2,170,68.575,128,4000,0.099
evening-rush,B6,plain,round-robin,30502,400,0,0,153,42.29,93,2,181,71.608,132,4000,0.093
evening-rush,B6,plain,round-robin,30503,400,0,0,170,42.3,90,2,180,74.34,137,4000,0.087
evening-rush,B6,plain,round-robin,30505,400,0,0,312,46.43,103,2,316,76.865,143,4000,0.097
evening-rush,B6,plain,round-robin,30504,400,0,0,151,39.63,88,2,167,69.142,133,4000,0.094
evening-rush,B6,plain,round-robin,30506,400,0,0,125,39.157,88,2,161,68.502,127,4000,0.086
evening-rush,B6,plain,round-robin,30509,400,0,0,214,42.26,88,2,215,72.7,134,4000,0.093
evening-rush,B6,plain,round-robin,30508,400,0,0,109,41.67,89,5,154,71.638,132,4000,0.091
evening-rush,B6,plain,round-robin,30507,400,0,0,108,36.955,82,2,160,65.022,120,4000,0.101
evening-rush,B6,plain,zone-based,30500,400,0,0,447,36.508,116,1,483,66.27,166,4000,0.094
evening-rush,B6,plain,zone-based,30501,400,0,0,271,32.185,96,3,316,62.295,142,4000,0.102
evening-rush,B6,plain,zone-based,30502,400,0,0,323,34.663,100,1,368,63.98,147,4000,0.079
evening-rush,B6,plain,zone-based,30503,400,0,0,335,41.265,139,2,380,73.305,180,4000,0.092
evening-rush,B6,plain,zone-based,30504,400,0,0,242,28.47,96,1,287,57.983,149,4000,0.081
evening-rush,B6,plain,zone-based,30505,400,0,0,201,36.252,106,4,247,66.688,155,4000,0.09
evening-rush,B6,plain,zone-based,30508,400,0,0,273,35.76,107,4,318,65.728,158,4000,0.082
evening-rush,B6,plain,zone-based,30509,400,0,0,344,32.515,96,4,395,62.955,147,4000,0.092
evening-rush,B6,plain,zone-based,30506,400,0,0,285,32.398,109,2,330,61.742,161,4000,0.094
evening-rush,B6,plain,zone-based,30507,400,0,0,212,28.635,94,2,265,56.703,144,4000,0.098
evening-rush,B6,plain,express,30500,400,0,0,862,53.138,220,2,905,82.9,261,4000,0.108
evening-rush,B6,plain,express,30501,400,0,0,873,69.94,358,2,914,100.05,400,4000,0.113
evening-rush,B6,plain,express,30502,400,0,0,924,63.945,330,1,969,93.263,375,4000,0.112
evening-rush,B6,plain,express,30504,400,0,0,796,39.695,108,2,838,69.207,158,4000,0.113
evening-rush,B6,plain,express,30503,400,0,0,1159,111.135,794,2,1203,143.175,835,4000,0.134
evening-rush,B6,plain,express,30505,400,0,0,986,92.972,714,1,1026,123.407,759,4000,0.123
evening-rush,B6,plain,express,30506,400,0,0,664,49.58,236,2,704,78.925,279,4000,0.103
evening-rush,B6,plain,express,30507,400,0,0,286,31.843,100,2,326,59.91,150,4000,0.113
evening-rush,B6,plain,express,30508,400,0,0,953,56.362,229,2,995,86.33,280,4000,0.103
evening-rush,B6,plain,express,30509,400,0,0,1023,104.63,749,2,1064,135.07,791,4000,0.137
evening-rush,B6,stop1,eta-cost,30500,400,0,0,106,23.965,59,3,169,55.517,117,4000,0.121
evening-rush,B6,stop1,eta-cost,30502,400,0,0,77,23.925,62,3,132,54.995,117,4000,0.126
evening-rush,B6,stop1,eta-cost,30501,400,0,0,88,24.777,59,3,139,56.575,112,4000,0.135
evening-rush,B6,stop1,eta-cost,30503,400,0,0,82,25.573,61,3,142,59.465,116,4000,0.117
evening-rush,B6,stop1,eta-cost,30504,400,0,0,83,23.845,59,3,142,55.105,115,4000,0.106
evening-rush,B6,stop1,eta-cost,30505,400,0,0,92,24.955,62,3,137,57.215,118,4000,0.119
evening-rush,B6,stop1,eta-cost,30508,400,0,0,87,25.075,62,3,148,56.877,120,4000,0.118
evening-rush,B6,stop1,eta-cost,30506,400,0,0,89,24.858,59,3,138,55.943,116,4000,0.127
evening-rush,B6,stop1,eta-cost,30507,400,0,0,79,22.812,58,3,122,52.49,113,4000,0.124
evening-rush,B6,stop1,eta-cost,30509,400,0,0,100,26.358,62,3,152,58.568,115,4000,0.123
evening-rush,B6,stop1,eta-cost-fair,30500,400,0,0,112,24.527,59,3,140,56.047,117,4000,0.12
evening-rush,B6,stop1,eta-cost-fair,30501,400,0,0,88,24.933,57,3,139,56.72,113,4000,0.124
evening-rush,B6,stop1,eta-cost-fair,30502,400,0,0,77,23.585,60,3,129,54.617,116,4000,0.121
evening-rush,B6,stop1,eta-cost-fair,30504,400,0,0,82,23.692,59,3,141,54.903,114,4000,0.13
evening-rush,B6,stop1,eta-cost-fair,30503,400,0,0,76,25.65,60,3,135,59.53,116,4000,0.121
evening-rush,B6,stop1,eta-cost-fair,30505,400,0,0,92,25.098,62,3,135,57.328,117,4000,0.111
evening-rush,B6,stop1,eta-cost-fair,30508,400,0,0,89,25.808,63,3,151,57.585,120,4000,0.121
evening-rush,B6,stop1,eta-cost-fair,30506,400,0,0,89,25.727,59,3,138,56.77,116,4000,0.123
evening-rush,B6,stop1,eta-cost-fair,30507,400,0,0,86,22.945,58,3,143,52.608,115,4000,0.125
evening-rush,B6,stop1,nearest-car,30501,400,0,0,2165,374.608,1860,3,2177,406.8,1884,4000,0.13
evening-rush,B6,stop1,nearest-car,30500,400,0,0,1653,283.36,1116,3,1665,315.215,1142,4000,0.115
evening-rush,B6,stop1,eta-cost-fair,30509,400,0,0,99,25.758,60,3,151,57.972,115,4000,0.118
evening-rush,B6,stop1,nearest-car,30506,400,0,0,2988,535.335,2499,3,3001,566.763,2521,4000,0.147
evening-rush,B6,stop1,nearest-car,30502,400,0,0,3752,797.39,3426,3,3770,828.73,3448,4000,0.174
evening-rush,B6,stop1,nearest-car-eta,30500,400,0,0,286,34.907,114,3,295,66.575,137,4000,0.109
evening-rush,B6,stop1,nearest-car,30505,400,0,0,3162,688.115,2801,3,3189,720.612,2819,4000,0.164
evening-rush,B6,stop1,nearest-car-eta,30501,400,0,0,200,32.612,90,3,220,64.552,117,4000,0.107
evening-rush,B6,stop1,nearest-car,30503,400,0,0,3540,843.707,3319,3,3546,877.812,3340,4000,0.174
evening-rush,B6,stop1,nearest-car,30507,400,0,0,3417,718.41,3242,3,3434,748.472,3264,4000,0.174
evening-rush,B6,stop1,nearest-car,30508,400,0,0,3800,928.05,3605,3,3816,960.03,3633,4000,0.195
evening-rush,B6,stop1,nearest-car,30504,400,0,0,4344,1160.973,4126,3,4373,1192.445,4148,4000,0.217
evening-rush,B6,stop1,nearest-car,30509,400,0,0,4169,1153.578,3773,3,4196,1186.033,3782,4000,0.215
evening-rush,B6,stop1,nearest-car-eta,30502,400,0,0,170,29.052,78,2,225,60.255,118,4000,0.111
evening-rush,B6,stop1,nearest-car-eta,30506,400,0,0,618,37.5,110,3,627,68.713,128,4000,0.12
evening-rush,B6,stop1,nearest-car-eta,30504,400,0,0,177,29.483,77,3,209,60.907,118,4000,0.12
evening-rush,B6,stop1,nearest-car-eta,30503,400,0,0,218,34.685,116,3,232,68.722,150,4000,0.104
evening-rush,B6,stop1,nearest-car-eta,30505,400,0,0,293,36.495,127,3,316,68.918,141,4000,0.108
evening-rush,B6,stop1,nearest-car-eta,30507,400,0,0,184,29.828,83,3,212,59.693,119,4000,0.117
evening-rush,B6,stop1,nearest-car-eta,30508,400,0,0,401,37.528,139,3,436,69.468,163,4000,0.111
evening-rush,B6,stop1,round-robin,30500,400,0,1,208,44.645,99,3,241,76.255,140,4000,0.091
evening-rush,B6,stop1,nearest-car-eta,30509,400,0,0,309,32.578,86,3,353,64.927,121,4000,0.109
evening-rush,B6,stop1,round-robin,30501,400,0,1,114,40.265,88,3,172,72.125,135,4000,0.1
evening-rush,B6,stop1,round-robin,30505,400,0,0,373,49.425,105,3,378,81.752,150,4000,0.086
evening-rush,B6,stop1,round-robin,30502,400,0,0,187,45.222,95,3,199,76.345,142,4000,0.093
evening-rush,B6,stop1,round-robin,30503,400,0,0,184,45.222,93,5,195,79.17,140,4000,0.093
evening-rush,B6,stop1,round-robin,30504,400,0,0,195,41.805,91,3,228,73.127,138,4000,0.101
evening-rush,B6,stop1,round-robin,30506,400,0,0,121,41.655,93,3,173,72.722,136,4000,0.096
evening-rush,B6,stop1,round-robin,30507,400,0,0,113,39.455,88,3,167,69.24,126,4000,0.104
evening-rush,B6,stop1,round-robin,30508,400,0,0,114,43.888,96,2,165,75.782,139,4000,0.091
evening-rush,B6,stop1,zone-based,30501,400,0,0,209,34.188,107,2,256,65.858,158,4000,0.097
evening-rush,B6,stop1,round-robin,30509,400,0,0,208,44.815,95,3,212,77.095,141,4000,0.085
evening-rush,B6,stop1,zone-based,30500,400,0,0,393,38.895,135,3,439,70.317,178,4000,0.081
evening-rush,B6,stop1,zone-based,30503,400,0,0,307,41.377,114,4,341,75.142,167,4000,0.093
evening-rush,B6,stop1,zone-based,30502,400,0,0,396,36.087,112,2,427,67.045,164,4000,0.095
evening-rush,B6,stop1,zone-based,30505,400,0,0,445,37.82,108,3,491,69.975,159,4000,0.085
evening-rush,B6,stop1,zone-based,30504,400,0,0,241,32.575,105,2,282,63.67,156,4000,0.105
evening-rush,B6,stop1,zone-based,30506,400,0,0,324,37.695,109,2,370,68.655,163,4000,0.095
evening-rush,B6,stop1,zone-based,30508,400,0,0,316,35.815,113,3,367,67.453,165,4000,0.087
evening-rush,B6,stop1,zone-based,30507,400,0,0,220,30.802,103,3,275,60.365,152,4000,0.097
evening-rush,B6,stop1,zone-based,30509,400,0,0,518,34.358,105,6,564,66.463,155,4000,0.095
evening-rush,B6,stop1,express,30500,400,0,0,970,59.377,290,3,1014,90.855,337,4000,0.126
evening-rush,B6,stop1,express,30502,400,0,0,927,66.037,337,3,973,97.05,384,4000,0.117
evening-rush,B6,stop1,express,30504,400,0,0,780,44.392,158,3,823,75.647,207,4000,0.119
evening-rush,B6,stop1,express,30506,400,0,0,878,60.843,310,3,920,91.85,354,4000,0.132
evening-rush,B7,plain,eta-cost,30600,400,0,0,80,22.253,60,2,139,51.79,110,1000,0.078
evening-rush,B6,stop1,express,30507,400,0,0,310,33.92,107,3,351,63.547,162,4000,0.113
evening-rush,B6,stop1,express,30508,400,0,0,994,59.648,239,3,1037,91.373,292,4000,0.117
evening-rush,B6,stop1,express,30503,400,0,0,1479,146.438,912,3,1521,180.285,954,4000,0.154
evening-rush,B6,stop1,express,30505,400,0,0,1337,124.26,848,3,1378,156.507,891,4000,0.161
evening-rush,B6,stop1,express,30501,400,0,0,990,85.15,515,3,1032,116.915,560,4000,0.135
evening-rush,B7,plain,eta-cost,30601,400,0,0,85,21.875,62,2,143,50.288,112,1000,0.076
evening-rush,B6,stop1,express,30509,400,0,0,1188,137.935,900,3,1230,170.088,941,4000,0.16
evening-rush,B7,plain,eta-cost,30603,400,0,0,104,23.407,60,2,134,55.215,112,1000,0.079
evening-rush,B7,plain,eta-cost,30602,400,0,0,97,24.738,65,1,152,53.922,115,1000,0.089
evening-rush,B7,plain,eta-cost,30605,400,0,0,81,25.483,59,1,138,56.922,111,1000,0.084
evening-rush,B7,plain,eta-cost,30607,400,0,0,152,23.628,60,1,194,53.6,111,1000,0.079
evening-rush,B7,plain,eta-cost,30604,400,0,0,95,24.425,58,2,152,55.66,111,1000,0.084
evening-rush,B7,plain,eta-cost,30606,400,0,0,100,23.425,66,1,146,53.097,111,1000,0.082
evening-rush,B7,plain,eta-cost,30608,400,0,0,76,24.03,57,2,135,54.17,108,1000,0.079
evening-rush,B7,plain,eta-cost,30609,400,0,0,113,22.508,63,1,172,51.697,116,1000,0.084
evening-rush,B7,plain,eta-cost-fair,30600,400,0,0,91,23.997,64,2,145,53.535,117,1000,0.071
evening-rush,B7,plain,eta-cost-fair,30601,400,0,0,97,22.165,57,1,154,50.578,109,1000,0.078
evening-rush,B7,plain,eta-cost-fair,30602,400,0,0,114,24.043,61,2,168,53.227,108,1000,0.078
evening-rush,B7,plain,nearest-car,30600,400,0,0,550,66.677,200,1,563,96.215,219,1000,0.04
evening-rush,B7,plain,eta-cost-fair,30603,400,0,0,106,23.823,60,2,144,55.63,114,1000,0.085
evening-rush,B7,plain,eta-cost-fair,30606,400,0,0,87,23.605,62,2,135,53.278,114,1000,0.081
evening-rush,B7,plain,eta-cost-fair,30605,400,0,0,108,24.88,61,2,144,56.32,111,1000,0.086
evening-rush,B7,plain,eta-cost-fair,30604,400,0,0,99,24.955,59,2,152,56.19,111,1000,0.081
evening-rush,B7,plain,eta-cost-fair,30608,400,0,0,80,24.483,60,1,132,54.623,112,1000,0.077
evening-rush,B7,plain,nearest-car,30601,400,0,0,429,57.225,140,2,442,85.638,168,1000,0.037
evening-rush,B7,plain,eta-cost-fair,30607,400,0,0,125,25.777,66,1,140,55.75,117,1000,0.091
evening-rush,B7,plain,nearest-car,30603,400,0,0,813,91.805,384,2,825,123.612,401,1000,0.041
evening-rush,B7,plain,eta-cost-fair,30609,400,0,0,96,21.707,63,1,151,50.898,114,1000,0.07
evening-rush,B7,plain,nearest-car,30602,400,0,0,755,82.62,326,1,764,111.805,357,1000,0.043
evening-rush,B7,plain,nearest-car,30604,400,0,0,570,83.465,333,2,582,114.7,358,1000,0.045
evening-rush,B7,plain,nearest-car,30606,400,0,0,1057,102.838,421,2,1069,132.51,442,1000,0.034
evening-rush,B7,plain,nearest-car,30605,400,0,0,949,137.803,695,2,954,169.243,705,1000,0.044
evening-rush,B7,plain,nearest-car,30607,400,0,0,1013,139.78,749,1,1024,169.752,761,1000,0.045
evening-rush,B7,plain,nearest-car,30609,400,0,0,739,91.525,374,2,744,120.715,384,1000,0.041
evening-rush,B7,plain,nearest-car,30608,400,0,0,757,87.085,332,2,761,117.225,354,1000,0.042
evening-rush,B7,plain,nearest-car-eta,30601,400,0,0,198,32.56,98,2,202,60.972,116,1000,0.07
evening-rush,B7,plain,nearest-car-eta,30602,400,0,0,145,32.165,91,2,147,61.35,120,1000,0.063
evening-rush,B7,plain,nearest-car-eta,30603,400,0,0,208,40.278,99,2,225,72.085,130,1000,0.072
evening-rush,B7,plain,nearest-car-eta,30607,400,0,0,111,28.938,81,2,133,58.91,116,1000,0.065
evening-rush,B7,plain,nearest-car-eta,30604,400,0,0,415,51.875,186,5,424,83.11,201,1000,0.083
evening-rush,B7,plain,nearest-car-eta,30606,400,0,0,271,40.992,147,1,282,70.665,163,1000,0.076
evening-rush,B7,plain,nearest-car-eta,30600,400,0,0,196,35.855,126,2,206,65.392,143,1000,0.069
evening-rush,B7,plain,nearest-car-eta,30608,400,0,0,185,34.038,84,3,186,64.177,124,1000,0.072
evening-rush,B7,plain,round-robin,30601,400,0,0,117,54.097,104,3,167,82.51,143,1000,0.04
evening-rush,B7,plain,round-robin,30600,400,0,0,115,50.425,103,3,164,79.963,140,1000,0.037
evening-rush,B7,plain,round-robin,30602,400,0,0,115,51.645,100,4,166,80.83,141,1000,0.036
evening-rush,B7,plain,nearest-car-eta,30609,400,0,0,278,35.553,105,1,280,64.743,124,1000,0.07
evening-rush,B7,plain,round-robin,30604,400,0,0,117,56.015,107,12,170,87.25,144,1000,0.035
evening-rush,B7,plain,round-robin,30603,400,0,0,117,54.193,107,7,167,86,148,1000,0.038
evening-rush,B7,plain,round-robin,30605,400,0,0,115,52.312,102,2,168,83.752,142,1000,0.035
evening-rush,B7,plain,round-robin,30607,400,0,0,143,54.508,103,2,167,84.48,146,1000,0.036
evening-rush,B7,plain,round-robin,30608,400,0,0,191,57.235,104,4,200,87.375,147,1000,0.038
evening-rush,B7,plain,zone-based,30600,400,0,0,113,32.215,88,1,168,61.752,138,1000,0.042
evening-rush,B7,plain,round-robin,30609,400,0,0,117,53.688,105,10,170,82.877,140,1000,0.039
evening-rush,B7,plain,zone-based,30601,400,0,0,107,32.055,87,2,159,60.468,136,1000,0.038
evening-rush,B7,plain,zone-based,30603,400,0,0,230,38.438,103,1,276,70.245,150,1000,0.035
evening-rush,B7,plain,zone-based,30602,400,0,0,117,31.755,85,1,174,60.94,137,1000,0.039
evening-rush,B7,plain,zone-based,30605,400,0,0,204,38.915,99,2,251,70.355,152,1000,0.032
evening-rush,B7,plain,zone-based,30604,400,0,0,115,35.925,98,3,174,67.16,151,1000,0.032
evening-rush,B7,plain,nearest-car-eta,30605,400,0,0,233,41.17,96,3,238,72.61,150,1000,0.073
evening-rush,B7,plain,round-robin,30606,400,0,0,114,50.932,101,7,170,80.605,140,1000,0.035
evening-rush,B7,plain,zone-based,30608,400,0,0,147,36.125,99,1,196,66.265,153,1000,0.036
evening-rush,B7,plain,zone-based,30606,400,0,0,117,37.347,97,2,176,67.02,148,1000,0.04
evening-rush,B7,plain,zone-based,30607,400,0,0,339,38.635,105,2,385,68.608,159,1000,0.038
evening-rush,B7,plain,zone-based,30609,400,0,0,114,33.367,93,3,169,62.557,144,1000,0.034
evening-rush,B7,plain,express,30601,400,0,0,202,31.47,99,1,245,59.883,148,1000,0.054
evening-rush,B7,plain,express,30600,400,0,0,289,32.03,105,1,331,61.568,154,1000,0.064
evening-rush,B7,plain,express,30604,400,0,0,704,47.06,114,2,744,78.295,166,1000,0.072
evening-rush,B7,plain,express,30603,400,0,0,508,46.812,152,2,548,78.62,196,1000,0.078
evening-rush,B7,plain,express,30602,400,0,0,287,31.69,100,1,327,60.875,150,1000,0.065
evening-rush,B7,plain,express,30606,400,0,0,547,36.583,113,1,587,66.255,162,1000,0.068
evening-rush,B7,plain,express,30607,400,0,0,642,39.392,111,1,682,69.365,163,1000,0.069
evening-rush,B7,plain,express,30609,400,0,0,536,36.125,106,2,576,65.315,158,1000,0.066
evening-rush,B7,plain,express,30608,400,0,0,638,43.325,115,2,678,73.465,166,1000,0.07
evening-rush,B7,plain,express,30605,400,0,0,779,57.163,251,1,819,88.603,292,1000,0.076
evening-rush,B7,stop1,eta-cost,30600,400,0,0,117,25.715,64,3,167,59.555,119,1000,0.101
evening-rush,B7,stop1,eta-cost,30601,400,0,0,92,26.527,68,2,157,59.568,120,1000,0.104
evening-rush,B7,stop1,eta-cost,30603,400,0,0,102,27.797,68,2,158,64.275,129,1000,0.109
evening-rush,B7,stop1,eta-cost,30607,400,0,0,100,25.945,67,3,163,60.292,123,1000,0.098
evening-rush,B7,stop1,eta-cost,30608,400,0,0,108,28.223,69,3,158,63.312,126,1000,0.105
evening-rush,B7,stop1,eta-cost,30604,400,0,0,115,33.03,80,5,181,68.7,136,1000,0.118
evening-rush,B7,stop1,eta-cost,30605,400,0,0,110,28.628,68,3,169,65.207,123,1000,0.115
evening-rush,B7,stop1,eta-cost,30606,400,0,0,132,34.77,88,2,181,69.225,140,1000,0.119
evening-rush,B7,stop1,eta-cost,30602,400,0,0,120,28.902,78,4,169,62.7,126,1000,0.105
evening-rush,B7,stop1,eta-cost,30609,400,0,0,124,26.688,65,3,191,60.12,126,1000,0.103
evening-rush,B7,stop1,eta-cost-fair,30601,400,0,0,98,27.668,69,3,159,60.458,117,1000,0.11
evening-rush,B7,stop1,eta-cost-fair,30600,400,0,0,124,29.387,69,3,150,63.35,121,1000,0.109
evening-rush,B7,stop1,eta-cost-fair,30602,400,0,0,128,29.15,72,3,180,62.735,127,1000,0.114
evening-rush,B7,stop1,eta-cost-fair,30603,400,0,0,100,27.07,66,2,150,63.22,126,1000,0.108
evening-rush,B7,stop1,eta-cost-fair,30608,400,0,0,119,28.92,69,3,164,63.928,127,1000,0.103
evening-rush,B7,stop1,eta-cost-fair,30607,400,0,0,113,31.28,77,3,169,65.48,128,1000,0.111
evening-rush,B7,stop1,eta-cost-fair,30606,400,0,0,111,26.23,66,5,163,60.035,123,1000,0.102
evening-rush,B7,stop1,eta-cost-fair,30604,400,0,0,118,33.328,80,3,182,69.12,134,1000,0.129
evening-rush,B7,stop1,nearest-car,30600,400,0,0,945,136.25,748,3,966,171.42,766,1000,0.044
evening-rush,B7,stop1,eta-cost-fair,30605,400,0,0,96,35.492,77,4,162,72.073,130,1000,0.122
evening-rush,B7,stop1,nearest-car,30601,400,0,0,981,89.92,301,3,1002,123.927,323,1000,0.044
evening-rush,B7,stop1,eta-cost-fair,30609,400,0,0,116,29.115,73,2,177,62.575,130,1000,0.102
evening-rush,B7,stop1,nearest-car,30605,400,0,0,775,84.332,269,2,781,121.737,283,1000,0.039
evening-rush,B7,stop1,nearest-car,30602,400,0,0,1081,142.995,700,3,1088,177.705,708,1000,0.049
evening-rush,B7,stop1,nearest-car,30604,400,0,0,797,112.718,520,5,815,149.87,538,1000,0.046
evening-rush,B7,stop1,nearest-car,30606,400,0,0,1154,139.778,732,3,1167,174.912,759,1000,0.042
evening-rush,B7,stop1,nearest-car,30603,400,0,0,1163,165.975,833,3,1189,203.308,847,1000,0.051
evening-rush,B7,stop1,nearest-car,30608,400,0,0,488,71.46,220,3,502,107.525,242,1000,0.041
evening-rush,B7,stop1,nearest-car,30607,400,0,0,1156,163.04,815,3,1177,198.33,838,1000,0.052
evening-rush,B7,stop1,nearest-car,30609,400,0,0,1007,105.675,434,2,1018,140.54,453,1000,0.045
evening-rush,B7,stop1,nearest-car-eta,30600,400,0,0,249,44.837,100,3,252,79.618,154,1000,0.093
evening-rush,B7,stop1,nearest-car-eta,30601,400,0,0,401,42.63,110,5,414,76.312,146,1000,0.095
evening-rush,B7,stop1,nearest-car-eta,30603,400,0,0,243,37.495,102,2,273,74.897,141,1000,0.086
evening-rush,B7,stop1,nearest-car-eta,30602,400,0,0,237,39.9,101,3,247,74.53,142,1000,0.086
evening-rush,B7,stop1,nearest-car-eta,30606,400,0,0,427,47.093,133,3,429,82.248,160,1000,0.098
evening-rush,B7,stop1,nearest-car-eta,30604,400,0,0,249,41.458,108,5,254,77.995,148,1000,0.087
evening-rush,B7,stop1,round-robin,30600,400,0,0,144,58.59,118,9,192,94.082,158,1000,0.042
evening-rush,B7,stop1,nearest-car-eta,30609,400,0,0,216,34.748,88,2,223,68.92,139,1000,0.082
evening-rush,B7,stop1,nearest-car-eta,30607,400,0,0,567,50.85,118,3,570,86.6,172,1000,0.103
evening-rush,B7,stop1,nearest-car-eta,30608,400,0,0,472,50.445,155,2,477,86.475,188,1000,0.102
evening-rush,B7,stop1,round-robin,30601,400,0,0,130,59.98,112,7,182,94.093,159,1000,0.038
evening-rush,B7,stop1,nearest-car-eta,30605,400,0,0,458,58.845,200,2,461,96.275,214,1000,0.121
evening-rush,B7,stop1,round-robin,30602,400,0,0,127,56.96,115,6,194,91.968,156,1000,0.04
evening-rush,B7,stop1,round-robin,30604,400,0,0,148,57.335,115,11,198,94.528,161,1000,0.039
evening-rush,B7,stop1,round-robin,30605,400,0,0,222,62.237,120,3,226,100.257,167,1000,0.039
evening-rush,B7,stop1,round-robin,30603,400,0,0,132,57.432,117,8,197,95.065,160,1000,0.041
evening-rush,B7,stop1,round-robin,30606,400,0,0,153,57.093,116,11,189,92.573,161,1000,0.036
evening-rush,B7,stop1,round-robin,30607,400,0,0,215,57.432,115,3,219,93.177,161,1000,0.036
evening-rush,B7,stop1,zone-based,30600,400,0,0,217,38.17,102,3,265,71.095,159,1000,0.037
evening-rush,B7,stop1,round-robin,30608,400,0,0,173,62.417,119,5,190,98.853,171,1000,0.036
evening-rush,B7,stop1,round-robin,30609,400,0,0,131,58.485,118,5,197,93.355,164,1000,0.04
evening-rush,B7,stop1,zone-based,30601,400,0,0,124,36.367,88,4,183,68.287,142,1000,0.038
evening-rush,B7,stop1,zone-based,30602,400,0,0,122,35.657,104,2,191,68.213,160,1000,0.042
evening-rush,B7,stop1,zone-based,30603,400,0,0,352,40.22,103,2,398,75.892,157,1000,0.044
evening-rush,B7,stop1,zone-based,30605,400,0,0,405,41.833,112,3,451,77.403,166,1000,0.035
evening-rush,B7,stop1,zone-based,30604,400,0,0,211,40.925,108,3,263,75.96,164,1000,0.039
evening-rush,B7,stop1,zone-based,30606,400,0,0,151,37.18,97,3,197,70.412,155,1000,0.034
evening-rush,B7,stop1,zone-based,30608,400,0,0,348,39.31,106,4,395,72.97,161,1000,0.035
evening-rush,B7,stop1,zone-based,30607,400,0,0,240,39.945,107,2,288,73.312,162,1000,0.039
evening-rush,B7,stop1,zone-based,30609,400,0,0,121,35.79,99,2,180,68.335,156,1000,0.041
evening-rush,B7,stop1,express,30601,400,0,0,267,35.975,102,2,308,68.153,156,1000,0.072
evening-rush,B7,stop1,express,30600,400,0,0,342,38.335,117,3,383,71.853,176,1000,0.08
evening-rush,B7,stop1,express,30602,400,0,0,262,38.623,124,2,303,71.532,183,1000,0.082
evening-rush,B7,stop1,express,30603,400,0,0,910,60.96,223,2,951,96.597,271,1000,0.1
evening-rush,B7,stop1,express,30606,400,0,0,845,48.57,127,2,887,81.935,181,1000,0.086
evening-rush,B7,stop1,express,30604,400,0,0,817,59.945,219,6,858,94.89,261,1000,0.095
evening-rush,B7,stop1,express,30609,400,0,0,690,48.812,120,2,731,81.868,179,1000,0.084
evening-rush,B7,stop1,express,30607,400,0,0,734,53.52,188,3,775,87.075,237,1000,0.094
evening-rush,B7,stop1,express,30605,400,0,0,932,76.95,444,3,975,112.485,493,1000,0.108
evening-rush,B7,stop1,express,30608,400,0,0,783,55.248,213,2,824,89.34,264,1000,0.094
skewed-two-way,B1,plain,eta-cost,40001,400,0,0,93,25.398,53,3,123,55.975,95,2000,0.088
skewed-two-way,B1,plain,eta-cost,40002,400,0,0,59,23.872,52,1,111,54.005,97,2000,0.088
skewed-two-way,B1,plain,eta-cost,40000,400,0,0,59,26.003,52,1,117,55.505,93,2000,0.09
skewed-two-way,B1,plain,eta-cost,40003,400,0,0,62,25.5,53,1,112,54.943,92,2000,0.09
skewed-two-way,B1,plain,eta-cost,40004,400,0,0,58,20.05,47,4,116,50.928,88,2000,0.084
skewed-two-way,B1,plain,eta-cost,40006,400,0,0,58,23.47,51,3,114,54.37,94,2000,0.087
skewed-two-way,B1,plain,eta-cost,40008,400,0,0,66,28.163,55,5,118,58.922,97,2000,0.094
skewed-two-way,B1,plain,eta-cost,40007,400,0,0,59,23.185,54,4,112,52.2,95,2000,0.089
skewed-two-way,B1,plain,eta-cost,40005,400,0,0,59,22.49,49,4,109,52.413,92,2000,0.083
skewed-two-way,B1,plain,eta-cost,40009,400,0,0,71,24.7,54,4,130,55.862,100,2000,0.088
skewed-two-way,B1,plain,eta-cost-fair,40000,400,0,0,59,25.965,52,1,117,55.468,93,2000,0.093
skewed-two-way,B1,plain,eta-cost-fair,40005,400,0,0,59,22.49,49,4,109,52.413,92,2000,0.086
skewed-two-way,B1,plain,eta-cost-fair,40002,400,0,0,59,23.872,52,1,111,54.005,97,2000,0.094
skewed-two-way,B1,plain,eta-cost-fair,40001,400,0,0,93,25.398,53,3,123,55.975,95,2000,0.086
skewed-two-way,B1,plain,eta-cost-fair,40004,400,0,0,58,20.05,47,4,116,50.928,88,2000,0.085
skewed-two-way,B1,plain,eta-cost-fair,40003,400,0,0,62,25.5,53,1,112,54.943,92,2000,0.086
skewed-two-way,B1,plain,eta-cost-fair,40007,400,0,0,59,23.185,54,4,112,52.2,95,2000,0.09
skewed-two-way,B1,plain,eta-cost-fair,40006,400,0,0,58,23.47,51,3,114,54.37,94,2000,0.075
skewed-two-way,B1,plain,eta-cost-fair,40009,400,0,0,71,24.7,54,4,130,55.862,100,2000,0.089
skewed-two-way,B1,plain,eta-cost-fair,40008,400,0,0,66,28.163,55,5,118,58.922,97,2000,0.092
skewed-two-way,B1,plain,nearest-car,40003,400,0,0,239,59.928,140,3,252,89.37,178,2000,0.055
skewed-two-way,B1,plain,nearest-car,40000,400,0,0,193,54.572,115,4,252,84.075,159,2000,0.062
skewed-two-way,B1,plain,nearest-car,40002,400,0,0,200,49.61,113,3,218,79.743,155,2000,0.047
skewed-two-way,B1,plain,nearest-car,40004,400,0,0,181,46.797,111,3,200,77.675,155,2000,0.062
skewed-two-way,B1,plain,nearest-car,40007,400,0,0,206,54.475,116,2,244,83.49,162,2000,0.054
skewed-two-way,B1,plain,nearest-car,40006,400,0,0,218,58.345,171,3,264,89.245,188,2000,0.059
skewed-two-way,B1,plain,nearest-car,40001,400,0,0,335,71.035,230,3,388,101.612,254,2000,0.058
skewed-two-way,B1,plain,nearest-car,40005,400,0,0,179,47.898,112,1,215,77.82,152,2000,0.055
skewed-two-way,B1,plain,nearest-car,40009,400,0,0,217,51.76,120,2,248,82.922,164,2000,0.058
skewed-two-way,B1,plain,nearest-car,40008,400,0,0,309,83.062,211,1,361,113.823,245,2000,0.06
skewed-two-way,B1,plain,nearest-car-eta,40000,400,0,0,76,25.34,51,1,115,54.843,92,2000,0.078
skewed-two-way,B1,plain,nearest-car-eta,40001,400,0,0,94,26.442,56,3,123,57.02,96,2000,0.078
skewed-two-way,B1,plain,nearest-car-eta,40003,400,0,0,62,25.5,53,1,112,54.943,92,2000,0.073
skewed-two-way,B1,plain,nearest-car-eta,40006,400,0,0,58,23.23,51,3,114,54.13,94,2000,0.071
skewed-two-way,B1,plain,nearest-car-eta,40002,400,0,0,59,23.872,52,1,111,54.005,97,2000,0.072
skewed-two-way,B1,plain,nearest-car-eta,40007,400,0,0,59,23.288,54,4,112,52.303,95,2000,0.073
skewed-two-way,B1,plain,nearest-car-eta,40004,400,0,0,99,21.23,51,4,122,52.108,91,2000,0.075
skewed-two-way,B1,plain,nearest-car-eta,40005,400,0,0,59,23.58,50,3,110,53.502,95,2000,0.071
skewed-two-way,B1,plain,round-robin,40000,400,0,0,115,47.108,97,4,164,76.61,137,2000,0.063
skewed-two-way,B1,plain,nearest-car-eta,40008,400,0,0,66,27.973,55,3,118,58.733,97,2000,0.069
skewed-two-way,B1,plain,nearest-car-eta,40009,400,0,0,68,23.812,53,4,120,54.975,97,2000,0.08
skewed-two-way,B1,plain,round-robin,40001,400,0,0,130,50.175,103,4,171,80.752,140,2000,0.062
skewed-two-way,B1,plain,round-robin,40002,400,0,0,116,48.347,97,4,163,78.48,141,2000,0.058
skewed-two-way,B1,plain,round-robin,40003,400,0,0,115,48.547,101,6,171,77.99,134,2000,0.059
skewed-two-way,B1,plain,round-robin,40006,400,0,0,117,50.895,102,3,169,81.795,143,2000,0.061
skewed-two-way,B1,plain,round-robin,40007,400,0,0,117,49.945,102,5,163,78.96,141,2000,0.059
skewed-two-way,B1,plain,round-robin,40004,400,0,0,117,46.82,97,7,167,77.698,139,2000,0.059
skewed-two-way,B1,plain,round-robin,40009,400,0,0,113,49.742,103,4,164,80.905,138,2000,0.065
skewed-two-way,B1,plain,round-robin,40005,400,0,0,116,50.178,99,4,159,80.1,135,2000,0.055
skewed-two-way,B1,plain,round-robin,40008,400,0,0,116,48.297,103,2,162,79.058,135,2000,0.048
skewed-two-way,B1,plain,zone-based,40000,400,0,0,239,86.33,211,1,288,115.832,241,2000,0.064
skewed-two-way,B1,plain,zone-based,40001,400,0,0,285,80.772,187,6,288,111.35,219,2000,0.058
skewed-two-way,B1,plain,zone-based,40005,400,0,0,242,83.865,192,3,281,113.787,233,2000,0.049
skewed-two-way,B1,plain,zone-based,40003,400,0,0,253,80.022,199,5,282,109.465,223,2000,0.066
skewed-two-way,B1,plain,zone-based,40002,400,0,0,282,79.672,195,5,318,109.805,224,2000,0.066
skewed-two-way,B1,plain,zone-based,40008,400,0,0,231,78.282,181,3,274,109.043,228,2000,0.061
skewed-two-way,B1,plain,zone-based,40009,400,0,0,312,87.62,219,4,355,118.782,243,2000,0.064
skewed-two-way,B1,plain,zone-based,40004,400,0,0,187,72.595,168,4,241,103.472,202,2000,0.058
skewed-two-way,B1,plain,zone-based,40006,400,0,0,246,76.46,181,8,305,107.36,213,2000,0.059
skewed-two-way,B1,plain,zone-based,40007,400,0,0,228,82.588,199,2,273,111.603,223,2000,0.062
skewed-two-way,B1,plain,express,40000,400,0,0,181,30.852,104,1,229,60.355,154,2000,0.078
skewed-two-way,B1,plain,express,40001,400,0,0,153,35.208,109,3,202,65.785,163,2000,0.077
skewed-two-way,B1,plain,express,40006,400,0,0,268,50.282,198,1,320,81.183,250,2000,0.08
skewed-two-way,B1,plain,express,40004,400,0,0,171,34.88,110,3,227,65.757,160,2000,0.075
skewed-two-way,B1,plain,express,40005,400,0,0,206,34.675,108,2,253,64.597,158,2000,0.076
skewed-two-way,B1,plain,express,40002,400,0,0,158,32.91,106,6,217,63.042,156,2000,0.075
skewed-two-way,B1,plain,express,40007,400,0,0,160,32.032,108,2,204,61.047,157,2000,0.069
skewed-two-way,B1,plain,express,40003,400,0,0,172,32.653,104,1,220,62.095,158,2000,0.075
skewed-two-way,B1,plain,express,40008,400,0,0,247,43.318,163,1,304,74.078,211,2000,0.078
skewed-two-way,B1,plain,express,40009,400,0,0,169,34.763,108,4,217,65.925,156,2000,0.077
skewed-two-way,B1,stop1,eta-cost,40000,400,0,0,61,24.692,52,3,125,57.638,100,2000,0.097
skewed-two-way,B1,stop1,eta-cost,40002,400,0,0,59,26.212,54,2,126,59.763,101,2000,0.115
skewed-two-way,B1,stop1,eta-cost,40003,400,0,0,60,23.935,51,2,120,56.86,99,2000,0.102
skewed-two-way,B1,stop1,eta-cost,40004,400,0,0,59,23.045,48,4,124,57.04,97,2000,0.107
skewed-two-way,B1,stop1,eta-cost,40001,400,0,0,101,27.183,56,6,129,61.315,107,2000,0.117
skewed-two-way,B1,stop1,eta-cost,40006,400,0,0,64,25.823,52,3,115,60.235,101,2000,0.105
skewed-two-way,B1,stop1,eta-cost,40005,400,0,0,71,25.323,54,3,121,58.612,104,2000,0.108
skewed-two-way,B1,stop1,eta-cost,40007,400,0,0,61,24.637,53,5,120,57.153,103,2000,0.102
skewed-two-way,B1,stop1,eta-cost,40008,400,0,0,69,27.5,55,4,125,61.972,107,2000,0.117
skewed-two-way,B1,stop1,eta-cost,40009,400,0,0,75,24.725,55,4,141,59.12,106,2000,0.103
skewed-two-way,B1,stop1,eta-cost-fair,40005,400,0,0,67,24.78,53,3,118,58,100,2000,0.103
skewed-two-way,B1,stop1,eta-cost-fair,40000,400,0,0,61,24.898,52,3,125,57.815,98,2000,0.105
skewed-two-way,B1,stop1,eta-cost-fair,40001,400,0,0,101,27.183,56,6,129,61.3,107,2000,0.11
skewed-two-way,B1,stop1,eta-cost-fair,40003,400,0,0,69,25.11,54,2,120,57.992,99,2000,0.107
skewed-two-way,B1,stop1,eta-cost-fair,40004,400,0,0,59,21.94,50,7,123,55.877,96,2000,0.1
skewed-two-way,B1,stop1,eta-cost-fair,40007,400,0,0,61,24.323,53,5,120,56.773,101,2000,0.109
skewed-two-way,B1,stop1,eta-cost-fair,40009,400,0,0,75,24.58,55,4,141,58.892,104,2000,0.107
skewed-two-way,B1,stop1,eta-cost-fair,40006,400,0,0,61,24.642,51,3,115,59.1,100,2000,0.108
skewed-two-way,B1,stop1,nearest-car,40001,400,0,0,339,77.67,234,2,384,111.457,276,2000,0.059
skewed-two-way,B1,stop1,nearest-car,40000,400,0,0,247,51.943,128,4,301,84.392,175,2000,0.068
skewed-two-way,B1,stop1,eta-cost-fair,40008,400,0,0,69,27.628,55,4,125,62.065,107,2000,0.113
skewed-two-way,B1,stop1,nearest-car,40002,400,0,0,227,54.438,129,3,263,87.665,178,2000,0.057
skewed-two-way,B1,stop1,nearest-car,40003,400,0,0,230,52.057,120,2,290,84.638,160,2000,0.061
skewed-two-way,B1,stop1,nearest-car,40004,400,0,0,226,50.057,124,4,282,83.877,165,2000,0.061
skewed-two-way,B1,stop1,nearest-car,40005,400,0,0,138,55.472,121,2,198,88.66,168,2000,0.056
skewed-two-way,B1,stop1,nearest-car,40006,400,0,0,230,62.56,133,2,277,96.675,182,2000,0.056
skewed-two-way,B1,stop1,nearest-car,40007,400,0,0,234,64.975,147,4,299,97.195,190,2000,0.061
skewed-two-way,B1,stop1,nearest-car,40009,400,0,0,301,56.005,131,5,352,90.175,174,2000,0.061
skewed-two-way,B1,stop1,nearest-car,40008,400,0,0,338,97.57,234,4,389,131.898,270,2000,0.059
skewed-two-way,B1,stop1,eta-cost-fair,40002,400,0,0,59,25.473,53,2,120,58.975,100,2000,0.105
skewed-two-way,B1,stop1,nearest-car-eta,40001,400,0,0,101,26.745,54,6,136,60.915,100,2000,0.086
skewed-two-way,B1,stop1,nearest-car-eta,40000,400,0,0,61,24.98,52,3,126,57.928,100,2000,0.089
skewed-two-way,B1,stop1,nearest-car-eta,40002,400,0,0,59,24.18,53,2,119,57.79,103,2000,0.08
skewed-two-way,B1,stop1,nearest-car-eta,40007,400,0,0,61,24.637,53,5,120,57.153,103,2000,0.077
skewed-two-way,B1,stop1,nearest-car-eta,40003,400,0,0,66,24.61,52,2,120,57.495,99,2000,0.089
skewed-two-way,B1,stop1,nearest-car-eta,40005,400,0,0,71,25.84,54,7,126,59.2,105,2000,0.085
skewed-two-way,B1,stop1,nearest-car-eta,40006,400,0,0,60,24.365,52,6,119,58.83,102,2000,0.081
skewed-two-way,B1,stop1,nearest-car-eta,40004,400,0,0,74,22.505,52,4,121,56.765,96,2000,0.091
skewed-two-way,B1,stop1,round-robin,40003,400,0,0,120,50.35,102,4,177,82.347,149,2000,0.065
skewed-two-way,B1,stop1,round-robin,40001,400,0,0,121,53.2,103,6,166,86.627,146,2000,0.062
skewed-two-way,B1,stop1,round-robin,40000,400,0,0,123,49.472,103,6,180,81.595,146,2000,0.056
skewed-two-way,B1,stop1,round-robin,40002,400,0,0,120,52.388,105,4,175,85.005,143,2000,0.064
skewed-two-way,B1,stop1,nearest-car-eta,40008,400,0,0,115,29.128,57,4,131,63.578,109,2000,0.089
skewed-two-way,B1,stop1,nearest-car-eta,40009,400,0,0,73,23.128,55,4,132,57.62,103,2000,0.085
skewed-two-way,B1,stop1,round-robin,40004,400,0,0,123,52.093,106,5,179,85.368,149,2000,0.052
skewed-two-way,B1,stop1,round-robin,40007,400,0,0,121,53.995,109,5,170,85.668,149,2000,0.056
skewed-two-way,B1,stop1,round-robin,40006,400,0,0,121,50.977,105,3,165,84.525,150,2000,0.055
skewed-two-way,B1,stop1,round-robin,40005,400,0,0,120,52.075,108,4,178,84.61,147,2000,0.057
skewed-two-way,B1,stop1,round-robin,40009,400,0,0,116,51.125,107,7,166,84.84,150,2000,0.062
skewed-two-way,B1,stop1,round-robin,40008,400,0,0,117,49.955,108,4,171,83.385,152,2000,0.054
skewed-two-way,B1,stop1,zone-based,40000,400,0,0,247,76.575,183,7,306,109.252,224,2000,0.071
skewed-two-way,B1,stop1,zone-based,40002,400,0,0,285,86.468,223,4,340,119.775,256,2000,0.063
skewed-two-way,B1,stop1,zone-based,40001,400,0,0,227,81.84,201,8,293,115.645,233,2000,0.061
skewed-two-way,B1,stop1,zone-based,40003,400,0,0,310,83.81,220,2,343,116.578,249,2000,0.066
skewed-two-way,B1,stop1,zone-based,40005,400,0,0,244,90.565,210,2,292,123.847,247,2000,0.063
skewed-two-way,B1,stop1,zone-based,40006,400,0,0,257,86.7,205,4,319,120.877,248,2000,0.059
skewed-two-way,B1,stop1,zone-based,40004,400,0,0,310,83.612,196,4,348,117.608,241,2000,0.066
skewed-two-way,B1,stop1,zone-based,40007,400,0,0,414,106.207,316,3,450,138.555,342,2000,0.066
skewed-two-way,B1,stop1,zone-based,40008,400,0,0,365,93.825,229,4,425,128.05,267,2000,0.062
skewed-two-way,B1,stop1,zone-based,40009,400,0,0,350,84.668,222,2,397,119.1,263,2000,0.065
skewed-two-way,B1,stop1,express,40000,400,0,0,176,31.79,106,3,236,63.987,156,2000,0.083
skewed-two-way,B1,stop1,express,40002,400,0,0,184,34.28,119,5,243,67.105,176,2000,0.09
skewed-two-way,B1,stop1,express,40001,400,0,0,218,46.21,155,4,271,79.632,206,2000,0.085
skewed-two-way,B1,stop1,express,40005,400,0,0,227,37.065,117,2,276,69.748,169,2000,0.086
skewed-two-way,B1,stop1,express,40003,400,0,0,216,34.992,117,2,265,67.13,172,2000,0.087
skewed-two-way,B1,stop1,express,40004,400,0,0,205,39.095,123,4,250,72.498,182,2000,0.084
skewed-two-way,B1,stop1,express,40006,400,0,0,363,64.028,266,3,428,97.782,315,2000,0.098
skewed-two-way,B2,plain,eta-cost,40100,200,0,0,90,31.64,58,4,136,62.88,105,2000,0.04
skewed-two-way,B2,plain,eta-cost,40101,200,0,0,77,27.66,57,3,134,58.37,98,2000,0.035
skewed-two-way,B1,stop1,express,40007,400,0,0,194,36.002,132,4,251,67.735,184,2000,0.084
skewed-two-way,B2,plain,eta-cost,40102,200,0,0,71,27.2,58,5,116,57.14,95,2000,0.039
skewed-two-way,B1,stop1,express,40008,400,0,0,285,53.237,215,4,334,86.838,264,2000,0.086
skewed-two-way,B1,stop1,express,40009,400,0,0,168,39.847,125,5,227,73.882,180,2000,0.085
skewed-two-way,B2,plain,eta-cost,40103,200,0,0,89,34.125,68,3,131,64.775,109,2000,0.035
skewed-two-way,B2,plain,eta-cost,40104,200,0,0,77,27.645,59,7,129,58.22,97,2000,0.043
skewed-two-way,B2,plain,eta-cost,40105,200,0,0,79,28.74,59,1,129,59.185,102,2000,0.04
skewed-two-way,B2,plain,eta-cost,40106,200,0,0,77,27.575,58,1,113,56.64,100,2000,0.037
skewed-two-way,B2,plain,eta-cost,40109,200,0,0,105,28.545,60,2,136,58.035,103,2000,0.041
skewed-two-way,B2,plain,eta-cost,40107,200,0,0,96,29.345,60,5,131,58.925,106,2000,0.038
skewed-two-way,B2,plain,eta-cost-fair,40100,200,0,0,90,31.64,58,4,136,62.88,105,2000,0.034
skewed-two-way,B2,plain,eta-cost,40108,200,0,0,91,31.26,67,6,131,62.58,109,2000,0.036
skewed-two-way,B2,plain,eta-cost-fair,40103,200,0,0,89,34.125,68,3,131,64.775,109,2000,0.039
skewed-two-way,B2,plain,eta-cost-fair,40102,200,0,0,71,27.2,58,5,116,57.14,95,2000,0.034
skewed-two-way,B2,plain,eta-cost-fair,40101,200,0,0,77,27.66,57,3,134,58.37,98,2000,0.037
skewed-two-way,B2,plain,eta-cost-fair,40104,200,0,0,77,27.645,59,7,129,58.22,97,2000,0.037
skewed-two-way,B2,plain,eta-cost-fair,40105,200,0,0,79,28.74,59,1,129,59.185,102,2000,0.041
skewed-two-way,B2,plain,eta-cost-fair,40106,200,0,0,80,25.8,56,1,131,54.865,92,2000,0.036
skewed-two-way,B2,plain,eta-cost-fair,40107,200,0,0,96,29.345,60,5,131,58.925,106,2000,0.041
skewed-two-way,B2,plain,nearest-car,40100,200,0,0,294,89.975,223,5,342,121.215,251,2000,0.033
skewed-two-way,B2,plain,eta-cost-fair,40108,200,0,0,91,31.26,67,6,131,62.58,109,2000,0.042
skewed-two-way,B2,plain,nearest-car,40102,200,0,0,207,59.155,145,5,255,89.095,170,2000,0.029
skewed-two-way,B2,plain,eta-cost-fair,40109,200,0,0,105,28.545,60,2,136,58.035,103,2000,0.04
skewed-two-way,B2,plain,nearest-car,40101,200,0,0,128,51.225,113,2,180,81.935,148,2000,0.03
skewed-two-way,B2,plain,nearest-car,40106,200,0,0,177,48.08,106,1,207,77.145,145,2000,0.029
skewed-two-way,B2,plain,nearest-car,40104,200,0,0,190,56.605,117,8,219,87.18,161,2000,0.03
skewed-two-way,B2,plain,nearest-car,40107,200,0,0,122,51.665,110,5,176,81.245,146,2000,0.03
skewed-two-way,B2,plain,nearest-car,40105,200,0,0,123,45.3,107,9,171,75.745,141,2000,0.034
skewed-two-way,B2,plain,nearest-car,40109,200,0,0,136,48.165,113,10,182,77.655,155,2000,0.031
skewed-two-way,B2,plain,nearest-car,40108,200,0,0,191,62.495,129,8,228,93.815,163,2000,0.027
skewed-two-way,B2,plain,nearest-car-eta,40100,200,0,0,90,31.64,58,4,136,62.88,105,2000,0.034
skewed-two-way,B2,plain,nearest-car-eta,40102,200,0,0,91,34.89,70,2,131,64.83,110,2000,0.035
skewed-two-way,B2,plain,nearest-car-eta,40101,200,0,0,77,27.66,57,3,134,58.37,98,2000,0.033
skewed-two-way,B2,plain,nearest-car-eta,40104,200,0,0,77,27.645,59,7,129,58.22,97,2000,0.034
skewed-two-way,B2,plain,nearest-car-eta,40105,200,0,0,79,28.74,59,1,129,59.185,102,2000,0.039
skewed-two-way,B2,plain,nearest-car-eta,40103,200,0,0,89,33.365,68,3,131,64.015,108,2000,0.035
skewed-two-way,B2,plain,nearest-car-eta,40106,200,0,0,80,25.8,56,1,131,54.865,92,2000,0.034
skewed-two-way,B2,plain,nearest-car-eta,40108,200,0,0,91,31.26,67,6,131,62.58,109,2000,0.03
skewed-two-way,B2,plain,nearest-car-eta,40107,200,0,0,96,29.345,60,5,131,58.925,106,2000,0.035
skewed-two-way,B2,plain,round-robin,40100,200,0,0,116,49.445,95,6,148,80.685,136,2000,0.028
skewed-two-way,B2,plain,nearest-car-eta,40109,200,0,0,105,28.545,60,2,136,58.035,103,2000,0.035
skewed-two-way,B2,plain,round-robin,40102,200,0,0,116,49.27,104,3,160,79.21,141,2000,0.033
skewed-two-way,B2,plain,round-robin,40101,200,0,0,115,45.9,97,9,160,76.61,130,2000,0.03
skewed-two-way,B2,plain,round-robin,40107,200,0,0,111,45.805,98,4,160,75.385,135,2000,0.031
skewed-two-way,B2,plain,round-robin,40105,200,0,0,107,48.3,96,10,155,78.745,129,2000,0.032
skewed-two-way,B2,plain,round-robin,40104,200,0,0,110,48.955,99,5,160,79.53,141,2000,0.03
skewed-two-way,B2,plain,round-robin,40103,200,0,0,113,52.355,103,5,165,83.005,143,2000,0.034
skewed-two-way,B2,plain,round-robin,40108,200,0,0,142,53.84,106,2,196,85.16,147,2000,0.033
skewed-two-way,B2,plain,round-robin,40106,200,0,0,112,44.25,99,1,162,73.315,139,2000,0.029
skewed-two-way,B2,plain,round-robin,40109,200,0,0,117,48.195,102,5,155,77.685,139,2000,0.032
skewed-two-way,B2,plain,zone-based,40100,200,0,0,190,76.95,167,4,242,108.19,193,2000,0.032
skewed-two-way,B2,plain,zone-based,40102,200,0,0,199,80.565,161,5,248,110.505,200,2000,0.029
skewed-two-way,B2,plain,zone-based,40104,200,0,1,183,81.525,162,10,220,112.1,191,2000,0.031
skewed-two-way,B2,plain,zone-based,40101,200,0,0,214,90.08,180,4,258,120.79,216,2000,0.032
skewed-two-way,B2,plain,zone-based,40107,200,0,0,222,83.98,176,7,268,113.56,208,2000,0.033
skewed-two-way,B2,plain,nearest-car,40103,200,0,0,184,53,116,1,227,83.65,153,2000,0.029
skewed-two-way,B2,plain,zone-based,40103,200,0,0,209,85.495,171,10,257,116.145,208,2000,0.032
skewed-two-way,B2,plain,zone-based,40108,200,0,0,237,96.68,208,11,280,128,243,2000,0.027
skewed-two-way,B2,plain,zone-based,40105,200,0,1,175,60.24,132,4,230,90.685,160,2000,0.036
skewed-two-way,B2,plain,zone-based,40109,200,0,0,174,72.495,142,11,221,101.985,174,2000,0.028
skewed-two-way,B2,plain,zone-based,40106,200,0,1,200,80.035,158,10,239,109.1,194,2000,0.031
skewed-two-way,B2,plain,express,40100,200,0,0,110,38.97,90,6,161,70.21,136,2000,0.035
skewed-two-way,B2,plain,express,40101,200,0,0,110,41.18,94,3,168,71.89,143,2000,0.036
skewed-two-way,B2,plain,express,40102,200,0,0,111,39.43,98,5,163,69.37,145,2000,0.035
skewed-two-way,B2,plain,express,40104,200,0,0,113,40.655,94,4,170,71.23,141,2000,0.04
skewed-two-way,B2,plain,express,40105,200,0,0,112,39.015,93,8,161,69.46,142,2000,0.038
skewed-two-way,B2,plain,express,40103,200,0,0,114,42.425,100,3,169,73.075,146,2000,0.039
skewed-two-way,B2,plain,express,40108,200,0,0,150,42.53,100,6,190,73.85,150,2000,0.036
skewed-two-way,B2,plain,express,40107,200,0,0,112,37.74,90,4,167,67.32,139,2000,0.033
skewed-two-way,B2,plain,express,40106,200,0,0,108,39.785,95,1,163,68.85,145,2000,0.034
skewed-two-way,B2,plain,express,40109,200,0,0,117,38.53,93,8,167,68.02,140,2000,0.036
skewed-two-way,B2,stop1,eta-cost,40102,200,0,0,99,33.825,69,3,150,66.875,117,2000,0.044
skewed-two-way,B2,stop1,eta-cost,40101,200,0,0,104,34.805,77,6,166,68.82,116,2000,0.047
skewed-two-way,B2,stop1,eta-cost,40100,200,0,0,102,30.225,62,5,135,64.75,112,2000,0.042
skewed-two-way,B2,stop1,eta-cost,40103,200,0,0,112,39.46,92,3,175,73.34,138,2000,0.049
skewed-two-way,B2,stop1,eta-cost,40105,200,0,0,72,27.45,55,5,127,60.52,106,2000,0.041
skewed-two-way,B2,stop1,eta-cost,40106,200,0,0,75,28.295,61,2,122,60.265,107,2000,0.046
skewed-two-way,B2,stop1,eta-cost,40108,200,0,0,98,32.415,68,7,147,67.05,119,2000,0.046
skewed-two-way,B2,stop1,eta-cost,40107,200,0,0,83,29.23,66,6,136,61.97,113,2000,0.04
skewed-two-way,B2,stop1,eta-cost,40109,200,0,0,80,30.07,62,10,128,62.56,111,2000,0.046
skewed-two-way,B2,stop1,eta-cost-fair,40100,200,0,0,102,30.225,62,5,135,64.75,112,2000,0.042
skewed-two-way,B2,stop1,eta-cost-fair,40101,200,0,0,104,32.28,70,6,164,66.205,114,2000,0.046
skewed-two-way,B2,stop1,eta-cost-fair,40102,200,0,0,88,30.61,66,4,143,63.59,113,2000,0.048
skewed-two-way,B2,stop1,eta-cost-fair,40104,200,0,0,105,29.89,61,6,160,63.325,103,2000,0.04
skewed-two-way,B2,stop1,eta-cost-fair,40106,200,0,0,83,26.6,64,2,138,58.395,100,2000,0.04
skewed-two-way,B2,stop1,eta-cost-fair,40107,200,0,0,83,29.225,66,6,136,61.96,113,2000,0.038
skewed-two-way,B2,stop1,eta-cost-fair,40105,200,0,0,72,27.45,55,5,127,60.52,106,2000,0.046
skewed-two-way,B2,stop1,eta-cost-fair,40109,200,0,0,115,31.395,64,12,162,63.845,114,2000,0.047
skewed-two-way,B2,stop1,nearest-car,40100,200,0,0,151,55.745,116,3,189,89.925,154,2000,0.027
skewed-two-way,B2,stop1,eta-cost-fair,40108,200,0,0,98,32.415,68,7,147,67.05,119,2000,0.041
skewed-two-way,B2,stop1,eta-cost,40104,200,0,0,106,29.945,61,6,161,63.375,103,2000,0.047
skewed-two-way,B2,stop1,nearest-car,40102,200,0,0,158,53.735,117,5,215,86.61,168,2000,0.031
skewed-two-way,B2,stop1,nearest-car,40101,200,0,0,126,50.025,111,4,179,83.68,154,2000,0.029
skewed-two-way,B2,stop1,nearest-car,40103,200,0,0,409,125.915,353,8,455,159.935,386,2000,0.029
skewed-two-way,B2,stop1,nearest-car,40105,200,0,0,159,48.38,110,5,214,81.615,151,2000,0.039
skewed-two-way,B2,stop1,nearest-car,40106,200,0,0,205,58.91,117,2,233,90.86,171,2000,0.029
skewed-two-way,B2,stop1,nearest-car,40108,200,0,0,237,75,156,8,280,109.575,191,2000,0.029
skewed-two-way,B2,stop1,nearest-car,40107,200,0,0,221,63.64,158,4,254,96.36,192,2000,0.029
skewed-two-way,B2,stop1,nearest-car,40104,200,0,0,153,48.305,110,4,187,81.575,153,2000,0.037
skewed-two-way,B2,stop1,nearest-car-eta,40100,200,0,0,78,29.435,59,7,135,64.085,107,2000,0.037
skewed-two-way,B2,stop1,nearest-car-eta,40101,200,0,0,102,32.11,67,6,146,66.06,113,2000,0.032
skewed-two-way,B2,stop1,eta-cost-fair,40103,200,0,0,94,33.495,70,7,135,67.28,111,2000,0.048
skewed-two-way,B2,stop1,nearest-car-eta,40103,200,0,0,97,38.17,79,5,141,72.035,121,2000,0.041
skewed-two-way,B2,stop1,nearest-car,40109,200,0,0,189,51.185,115,6,214,83.49,158,2000,0.03
skewed-two-way,B2,stop1,nearest-car-eta,40107,200,0,0,83,29.23,66,6,136,61.97,113,2000,0.039
skewed-two-way,B2,stop1,nearest-car-eta,40102,200,0,0,80,28.03,59,3,132,61.08,109,2000,0.034
skewed-two-way,B2,stop1,nearest-car-eta,40104,200,0,0,108,30.055,63,6,163,63.505,103,2000,0.044
skewed-two-way,B2,stop1,nearest-car-eta,40106,200,0,0,83,28.825,67,2,124,60.795,103,2000,0.041
skewed-two-way,B2,stop1,nearest-car-eta,40105,200,0,0,76,28.775,55,5,127,61.825,108,2000,0.043
skewed-two-way,B2,stop1,nearest-car-eta,40108,200,0,0,98,32.415,68,7,147,67.05,119,2000,0.04
skewed-two-way,B2,stop1,nearest-car-eta,40109,200,0,0,115,30.935,66,12,149,63.375,111,2000,0.036
skewed-two-way,B2,stop1,round-robin,40101,200,0,0,119,51.3,104,12,176,85.045,146,2000,0.028
skewed-two-way,B2,stop1,round-robin,40102,200,0,0,123,49.13,108,3,178,82.095,149,2000,0.024
skewed-two-way,B2,stop1,round-robin,40100,200,0,0,133,51.955,108,2,162,86.15,149,2000,0.03
skewed-two-way,B2,stop1,round-robin,40104,200,0,0,122,55.57,108,11,182,88.715,153,2000,0.037
skewed-two-way,B2,stop1,round-robin,40103,200,0,0,128,55.825,108,7,181,89.355,149,2000,0.039
skewed-two-way,B2,stop1,round-robin,40107,200,0,0,117,49.565,106,6,175,81.9,144,2000,0.024
skewed-two-way,B2,stop1,round-robin,40109,200,0,0,125,52.785,106,9,169,84.845,151,2000,0.035
skewed-two-way,B2,stop1,round-robin,40106,200,0,0,121,48.675,106,2,181,80.27,141,2000,0.033
skewed-two-way,B2,stop1,round-robin,40108,200,0,0,140,58.535,116,6,202,92.875,154,2000,0.023
skewed-two-way,B2,stop1,round-robin,40105,200,0,0,119,52.135,102,10,170,84.95,138,2000,0.036
skewed-two-way,B2,stop1,zone-based,40100,200,0,0,219,87.225,182,4,265,122.02,216,2000,0.033
skewed-two-way,B2,stop1,zone-based,40102,200,0,0,225,84.905,182,4,258,118.325,210,2000,0.032
skewed-two-way,B2,stop1,zone-based,40101,200,0,0,222,92.95,181,12,276,127.06,228,2000,0.033
skewed-two-way,B2,stop1,zone-based,40103,200,0,0,237,97.78,208,9,291,131.97,249,2000,0.027
skewed-two-way,B2,stop1,zone-based,40108,200,0,0,302,104.915,204,11,314,139.665,254,2000,0.031
skewed-two-way,B2,stop1,zone-based,40104,200,0,4,246,98.96,197,23,289,133.08,226,2000,0.034
skewed-two-way,B2,stop1,zone-based,40107,200,0,0,230,91.43,198,8,277,124.7,230,2000,0.036
skewed-two-way,B2,stop1,zone-based,40106,200,0,0,229,85.275,189,8,271,117.8,223,2000,0.032
skewed-two-way,B2,stop1,zone-based,40105,200,0,1,220,73.305,156,7,255,107.18,196,2000,0.033
skewed-two-way,B2,stop1,zone-based,40109,200,0,0,206,85.145,168,13,255,118.24,207,2000,0.034
skewed-two-way,B2,stop1,express,40100,200,0,0,115,41.38,97,7,178,75.2,150,2000,0.037
skewed-two-way,B2,stop1,express,40103,200,0,0,119,40.295,95,2,170,73.505,147,2000,0.031
skewed-two-way,B2,stop1,express,40102,200,0,0,117,40.22,99,3,171,72.775,147,2000,0.037
skewed-two-way,B2,stop1,express,40101,200,0,0,110,43.29,95,3,164,76.67,143,2000,0.042
skewed-two-way,B2,stop1,express,40105,200,0,0,119,41.565,93,11,173,74.21,145,2000,0.041
skewed-two-way,B2,stop1,express,40104,200,0,0,122,42.165,100,13,176,75.07,147,2000,0.046
skewed-two-way,B2,stop1,express,40107,200,0,0,122,41.075,91,6,180,73.17,147,2000,0.04
skewed-two-way,B2,stop1,express,40108,200,0,0,152,45.57,107,12,208,79.53,163,2000,0.038
skewed-two-way,B2,stop1,express,40106,200,0,0,115,42.07,96,2,166,73.69,143,2000,0.038
skewed-two-way,B2,stop1,express,40109,200,0,0,119,41.86,90,4,181,73.7,147,2000,0.044
skewed-two-way,B3,plain,eta-cost,40201,800,0,0,67,30.545,54,2,114,60.671,100,2000,0.245
skewed-two-way,B3,plain,eta-cost,40200,800,0,0,59,30.485,54,2,116,60.148,98,2000,0.246
skewed-two-way,B3,plain,eta-cost,40202,800,0,0,58,25.379,50,1,114,55.401,94,2000,0.244
skewed-two-way,B3,plain,eta-cost,40203,800,0,0,59,28.297,54,2,115,57.57,99,2000,0.248
skewed-two-way,B3,plain,eta-cost,40205,800,0,0,59,30.12,55,2,115,60.796,102,2000,0.257
skewed-two-way,B3,plain,eta-cost,40209,800,0,0,59,27.497,53,3,116,58.234,99,2000,0.227
skewed-two-way,B3,plain,eta-cost,40207,800,0,0,59,32.62,55,2,117,62.778,101,2000,0.254
skewed-two-way,B3,plain,eta-cost,40204,800,0,0,59,32.089,54,3,114,61.145,98,2000,0.251
skewed-two-way,B3,plain,eta-cost,40206,800,0,0,59,31.363,55,5,116,61.07,100,2000,0.247
skewed-two-way,B3,plain,eta-cost,40208,800,0,0,59,30.396,54,4,116,61.656,99,2000,0.26
skewed-two-way,B3,plain,eta-cost-fair,40202,800,0,0,58,25.379,50,1,114,55.401,94,2000,0.241
skewed-two-way,B3,plain,eta-cost-fair,40201,800,0,0,67,30.586,54,2,114,60.712,100,2000,0.246
skewed-two-way,B3,plain,eta-cost-fair,40200,800,0,0,59,30.485,54,2,116,60.148,98,2000,0.246
skewed-two-way,B3,plain,eta-cost-fair,40203,800,0,0,59,28.297,54,2,115,57.57,99,2000,0.228
skewed-two-way,B3,plain,eta-cost-fair,40204,800,0,0,59,32.089,54,3,114,61.145,98,2000,0.253
skewed-two-way,B3,plain,eta-cost-fair,40206,800,0,0,59,31.363,55,5,116,61.07,100,2000,0.25
skewed-two-way,B3,plain,eta-cost-fair,40207,800,0,0,59,32.62,55,2,117,62.778,101,2000,0.258
skewed-two-way,B3,plain,nearest-car,40200,800,0,0,299,66.778,208,2,318,96.44,236,2000,0.106
skewed-two-way,B3,plain,nearest-car,40201,800,0,0,342,57.314,164,1,388,87.44,201,2000,0.11
skewed-two-way,B3,plain,nearest-car,40203,800,0,0,213,51.697,116,2,252,80.97,161,2000,0.112
skewed-two-way,B3,plain,eta-cost-fair,40209,800,0,0,59,27.497,53,3,116,58.234,99,2000,0.26
skewed-two-way,B3,plain,nearest-car,40205,800,0,0,310,71.139,219,2,368,101.815,250,2000,0.109
skewed-two-way,B3,plain,eta-cost-fair,40208,800,0,0,59,30.396,54,4,116,61.656,99,2000,0.251
skewed-two-way,B3,plain,nearest-car,40204,800,0,0,228,59.492,127,2,281,88.549,169,2000,0.108
skewed-two-way,B3,plain,eta-cost-fair,40205,800,0,0,59,30.12,55,2,115,60.796,102,2000,0.248
skewed-two-way,B3,plain,nearest-car,40202,800,0,0,221,49.891,117,1,280,79.914,160,2000,0.107
skewed-two-way,B3,plain,nearest-car,40206,800,0,0,231,52.25,120,1,275,81.957,162,2000,0.109
skewed-two-way,B3,plain,nearest-car,40207,800,0,0,311,56.009,122,1,356,86.166,169,2000,0.108
skewed-two-way,B3,plain,nearest-car,40209,800,0,0,325,69.019,220,2,366,99.755,245,2000,0.106
skewed-two-way,B3,plain,nearest-car,40208,800,0,0,676,96.796,432,1,709,128.056,438,2000,0.115
skewed-two-way,B3,plain,nearest-car-eta,40200,800,0,0,59,30.422,54,2,116,60.085,98,2000,0.193
skewed-two-way,B3,plain,nearest-car-eta,40202,800,0,0,59,26.212,54,2,115,56.235,96,2000,0.182
skewed-two-way,B3,plain,nearest-car-eta,40201,800,0,0,67,30.78,55,2,114,60.906,100,2000,0.196
skewed-two-way,B3,plain,nearest-car-eta,40203,800,0,0,59,28.17,54,1,117,57.443,100,2000,0.2
skewed-two-way,B3,plain,nearest-car-eta,40204,800,0,0,59,32.825,55,2,112,61.881,98,2000,0.18
skewed-two-way,B3,plain,nearest-car-eta,40205,800,0,0,59,29.895,55,2,113,60.571,97,2000,0.192
skewed-two-way,B3,plain,nearest-car-eta,40207,800,0,0,59,33.121,55,2,117,63.279,101,2000,0.193
skewed-two-way,B3,plain,round-robin,40200,800,0,0,113,48.347,100,4,165,78.01,136,2000,0.105
skewed-two-way,B3,plain,round-robin,40201,800,0,0,114,49.331,101,3,161,79.457,139,2000,0.114
skewed-two-way,B3,plain,round-robin,40202,800,0,0,115,49.514,100,3,168,79.536,139,2000,0.11
skewed-two-way,B3,plain,nearest-car-eta,40208,800,0,0,59,29.901,53,3,117,61.161,96,2000,0.196
skewed-two-way,B3,plain,round-robin,40204,800,0,0,115,49.218,102,2,167,78.274,137,2000,0.108
skewed-two-way,B3,plain,nearest-car-eta,40209,800,0,0,59,27.669,53,3,116,58.405,99,2000,0.188
skewed-two-way,B3,plain,round-robin,40203,800,0,0,116,50.612,102,5,167,79.885,141,2000,0.109
skewed-two-way,B3,plain,nearest-car-eta,40206,800,0,0,59,30.468,55,5,116,60.175,99,2000,0.186
skewed-two-way,B3,plain,round-robin,40205,800,0,0,116,50.41,102,1,161,81.086,140,2000,0.108
skewed-two-way,B3,plain,round-robin,40206,800,0,0,117,48.564,100,3,169,78.271,136,2000,0.111
skewed-two-way,B3,plain,round-robin,40207,800,0,0,117,50.148,100,2,164,80.305,137,2000,0.099
skewed-two-way,B3,plain,round-robin,40209,800,0,0,116,50.63,102,3,173,81.366,139,2000,0.112
skewed-two-way,B3,plain,round-robin,40208,800,0,0,117,48.694,100,2,165,79.954,137,2000,0.106
skewed-two-way,B3,plain,zone-based,40200,800,0,0,301,66.828,193,1,314,96.49,218,2000,0.11
skewed-two-way,B3,plain,zone-based,40203,800,0,0,333,64.389,179,1,386,93.661,215,2000,0.116
skewed-two-way,B3,plain,zone-based,40201,800,0,0,230,65.552,182,2,261,95.679,208,2000,0.122
skewed-two-way,B3,plain,zone-based,40202,800,0,0,323,63.154,177,2,359,93.176,212,2000,0.12
skewed-two-way,B3,plain,zone-based,40204,800,0,0,230,67.209,182,2,276,96.265,210,2000,0.114
skewed-two-way,B3,plain,zone-based,40205,800,0,0,324,72.11,210,1,375,102.786,239,2000,0.119
skewed-two-way,B3,plain,zone-based,40206,800,0,0,227,65.604,170,1,284,95.311,200,2000,0.115
skewed-two-way,B3,plain,zone-based,40207,800,0,0,324,73.368,206,2,353,103.525,224,2000,0.111
skewed-two-way,B3,plain,zone-based,40209,800,0,0,236,69.081,182,1,291,99.817,218,2000,0.114
skewed-two-way,B3,plain,zone-based,40208,800,0,0,423,74.181,217,2,467,105.441,260,2000,0.116
skewed-two-way,B3,plain,express,40201,800,0,0,95,23.102,59,1,149,53.229,111,2000,0.178
skewed-two-way,B3,plain,express,40200,800,0,0,125,24.358,72,1,182,54.02,123,2000,0.168
skewed-two-way,B3,plain,express,40203,800,0,0,109,24.396,66,2,161,53.669,119,2000,0.172
skewed-two-way,B3,plain,express,40202,800,0,0,109,23.336,62,1,159,53.359,114,2000,0.173
skewed-two-way,B3,plain,express,40204,800,0,0,122,23.602,61,2,179,52.659,112,2000,0.155
skewed-two-way,B3,plain,express,40205,800,0,0,175,36,108,2,233,66.676,158,2000,0.176
skewed-two-way,B3,plain,express,40207,800,0,0,125,26.997,77,1,179,57.155,125,2000,0.17
skewed-two-way,B3,plain,express,40206,800,0,0,102,22.47,58,2,160,52.178,110,2000,0.172
skewed-two-way,B3,plain,express,40208,800,0,0,115,27.825,77,2,164,59.085,127,2000,0.179
skewed-two-way,B3,plain,express,40209,800,0,0,114,24.711,69,1,169,55.447,120,2000,0.184
skewed-two-way,B3,stop1,eta-cost,40200,800,0,0,60,27.531,54,2,123,60.837,103,2000,0.327
skewed-two-way,B3,stop1,eta-cost,40203,800,0,0,61,28.041,55,2,122,61.02,104,2000,0.323
skewed-two-way,B3,stop1,eta-cost,40201,800,0,0,71,31.299,55,3,124,65.136,106,2000,0.329
skewed-two-way,B3,stop1,eta-cost,40205,800,0,0,95,30.183,55,3,122,64.611,109,2000,0.336
skewed-two-way,B3,stop1,eta-cost,40204,800,0,0,62,31.986,55,5,122,64.815,106,2000,0.333
skewed-two-way,B3,stop1,eta-cost,40206,800,0,0,61,30.744,56,3,125,64.244,107,2000,0.337
skewed-two-way,B3,stop1,eta-cost,40202,800,0,0,60,23.942,54,5,120,57.475,102,2000,0.303
skewed-two-way,B3,stop1,eta-cost,40207,800,0,0,62,30.936,56,2,123,64.824,107,2000,0.338
skewed-two-way,B3,stop1,eta-cost,40208,800,0,0,60,27.37,53,3,118,62.271,105,2000,0.294
skewed-two-way,B3,stop1,eta-cost,40209,800,0,0,60,25.616,54,4,125,60.071,105,2000,0.317
skewed-two-way,B3,stop1,eta-cost-fair,40200,800,0,0,59,25.852,53,7,123,59.195,101,2000,0.308
skewed-two-way,B3,stop1,eta-cost-fair,40202,800,0,0,61,22.999,52,4,125,56.529,99,2000,0.307
skewed-two-way,B3,stop1,eta-cost-fair,40203,800,0,0,60,27.244,55,2,122,60.22,105,2000,0.328
skewed-two-way,B3,stop1,eta-cost-fair,40201,800,0,0,70,29.689,55,3,122,63.455,103,2000,0.333
skewed-two-way,B3,stop1,nearest-car,40200,800,0,0,242,55.953,129,2,306,88.761,182,2000,0.108
skewed-two-way,B3,stop1,eta-cost-fair,40204,800,0,0,59,28.735,54,5,118,61.474,103,2000,0.323
skewed-two-way,B3,stop1,eta-cost-fair,40205,800,0,0,61,27.718,55,3,124,62.123,105,2000,0.312
skewed-two-way,B3,stop1,eta-cost-fair,40206,800,0,0,60,28.601,55,3,125,62.019,104,2000,0.328
skewed-two-way,B3,stop1,nearest-car,40201,800,0,0,373,74.924,221,2,438,108.335,249,2000,0.115
skewed-two-way,B3,stop1,nearest-car,40202,800,0,0,260,57.697,138,3,312,90.945,186,2000,0.115
skewed-two-way,B3,stop1,eta-cost-fair,40208,800,0,0,59,26.185,52,3,123,61.05,104,2000,0.316
skewed-two-way,B3,stop1,eta-cost-fair,40207,800,0,0,60,30.146,54,2,121,64.028,105,2000,0.34
skewed-two-way,B3,stop1,nearest-car,40203,800,0,0,369,68.135,221,3,421,100.642,249,2000,0.12
skewed-two-way,B3,stop1,nearest-car,40204,800,0,0,253,68.153,136,3,304,100.645,188,2000,0.109
skewed-two-way,B3,stop1,nearest-car,40205,800,0,0,246,72.241,219,3,296,106.28,245,2000,0.114
skewed-two-way,B3,stop1,nearest-car,40206,800,0,0,547,94.655,322,3,610,127.858,363,2000,0.117
skewed-two-way,B3,stop1,nearest-car,40207,800,0,0,557,126.688,445,2,610,160.504,469,2000,0.137
skewed-two-way,B3,stop1,nearest-car,40209,800,0,0,363,61.251,202,4,419,95.42,215,2000,0.106
skewed-two-way,B3,stop1,nearest-car,40208,800,0,0,673,117.69,508,3,724,152.43,538,2000,0.121
skewed-two-way,B3,stop1,eta-cost-fair,40209,800,0,0,62,25.561,53,4,125,59.971,106,2000,0.324
skewed-two-way,B3,stop1,nearest-car-eta,40200,800,0,0,62,29.332,55,5,123,62.724,105,2000,0.24
skewed-two-way,B3,stop1,nearest-car-eta,40203,800,0,0,61,27.951,54,2,121,61.075,107,2000,0.236
skewed-two-way,B3,stop1,nearest-car-eta,40201,800,0,0,71,32.778,56,3,124,66.653,109,2000,0.237
skewed-two-way,B3,stop1,nearest-car-eta,40202,800,0,0,62,26.894,55,6,126,60.521,104,2000,0.227
skewed-two-way,B3,stop1,nearest-car-eta,40204,800,0,0,60,31.876,55,3,120,64.739,105,2000,0.251
skewed-two-way,B3,stop1,nearest-car-eta,40207,800,0,0,62,31.45,56,2,124,65.405,107,2000,0.249
skewed-two-way,B3,stop1,round-robin,40200,800,0,0,122,51.289,105,4,177,83.495,147,2000,0.104
skewed-two-way,B3,stop1,nearest-car-eta,40208,800,0,0,59,28.512,54,3,118,63.489,106,2000,0.234
skewed-two-way,B3,stop1,round-robin,40202,800,0,0,123,51.2,105,4,182,83.69,147,2000,0.113
skewed-two-way,B3,stop1,round-robin,40201,800,0,0,124,50.807,106,3,175,83.44,142,2000,0.113
skewed-two-way,B3,stop1,nearest-car-eta,40205,800,0,0,62,31.786,56,3,125,66.297,109,2000,0.251
skewed-two-way,B3,stop1,nearest-car-eta,40206,800,0,0,62,30.321,55,3,122,63.835,106,2000,0.24
skewed-two-way,B3,stop1,nearest-car-eta,40209,800,0,0,62,28.295,54,3,124,62.815,106,2000,0.243
skewed-two-way,B3,stop1,round-robin,40203,800,0,0,123,51.675,107,4,185,83.498,149,2000,0.11
skewed-two-way,B3,stop1,round-robin,40205,800,0,0,121,54.104,109,3,176,87.483,152,2000,0.112
skewed-two-way,B3,stop1,round-robin,40204,800,0,0,120,51.664,106,2,175,83.36,146,2000,0.11
skewed-two-way,B3,stop1,round-robin,40206,800,0,0,122,51.529,105,11,178,83.785,146,2000,0.112
skewed-two-way,B3,stop1,round-robin,40207,800,0,0,121,52.63,106,3,185,85.573,151,2000,0.106
skewed-two-way,B3,stop1,round-robin,40209,800,0,0,121,52.406,108,4,175,85.749,148,2000,0.112
skewed-two-way,B3,stop1,round-robin,40208,800,0,0,122,52.097,104,5,175,85.926,149,2000,0.111
skewed-two-way,B3,stop1,zone-based,40200,800,0,0,252,74.054,209,2,316,107.065,248,2000,0.119
skewed-two-way,B3,stop1,zone-based,40203,800,0,0,240,63.532,175,3,304,96.17,207,2000,0.12
skewed-two-way,B3,stop1,zone-based,40201,800,0,0,304,65.311,180,3,351,98.599,221,2000,0.121
skewed-two-way,B3,stop1,zone-based,40202,800,0,0,246,66.631,177,2,301,99.846,208,2000,0.121
skewed-two-way,B3,stop1,zone-based,40205,800,0,0,336,84.72,224,2,388,118.884,260,2000,0.116
skewed-two-way,B3,stop1,zone-based,40204,800,0,0,253,74.049,204,3,305,106.454,232,2000,0.121
skewed-two-way,B3,stop1,zone-based,40206,800,0,0,257,71.892,188,2,307,104.915,226,2000,0.12
skewed-two-way,B3,stop1,zone-based,40207,800,0,0,342,83.146,231,2,391,116.68,264,2000,0.117
skewed-two-way,B3,stop1,zone-based,40209,800,0,0,368,88.847,237,3,421,122.949,276,2000,0.12
skewed-two-way,B3,stop1,zone-based,40208,800,0,0,251,77.071,200,4,305,111.671,238,2000,0.124
skewed-two-way,B3,stop1,express,40203,800,0,0,162,30.556,101,2,217,62.924,155,2000,0.212
skewed-two-way,B3,stop1,express,40201,800,0,0,144,29.73,94,2,196,63.101,149,2000,0.21
skewed-two-way,B3,stop1,express,40202,800,0,0,139,26.832,86,3,186,59.805,141,2000,0.211
skewed-two-way,B3,stop1,express,40204,800,0,0,139,24.496,67,4,201,56.877,121,2000,0.203
skewed-two-way,B4,plain,eta-cost,40302,400,0,0,29,11.453,26,1,55,26.715,45,1000,0.062
skewed-two-way,B4,plain,eta-cost,40300,400,0,0,29,12.402,27,1,56,27.86,48,1000,0.063
skewed-two-way,B4,plain,eta-cost,40301,400,0,0,29,12.11,27,3,57,27.317,47,1000,0.061
skewed-two-way,B3,stop1,express,40200,800,0,0,147,27.571,91,3,200,60.324,147,2000,0.207
skewed-two-way,B3,stop1,express,40206,800,0,0,120,23.65,65,2,184,56.539,118,2000,0.207
skewed-two-way,B4,plain,eta-cost,40303,400,0,0,29,12.902,26,2,56,28.17,46,1000,0.061
skewed-two-way,B3,stop1,express,40207,800,0,0,192,39.845,136,2,251,73.403,184,2000,0.232
skewed-two-way,B3,stop1,express,40208,800,0,0,172,35.255,112,2,225,69.782,167,2000,0.22
skewed-two-way,B3,stop1,express,40209,800,0,0,173,33.193,107,3,227,67.259,162,2000,0.218
skewed-two-way,B4,plain,eta-cost,40304,400,0,0,29,12.203,26,1,57,27.505,48,1000,0.066
skewed-two-way,B4,plain,eta-cost,40306,400,0,0,29,13.03,26,3,54,27.445,46,1000,0.059
skewed-two-way,B4,plain,eta-cost,40305,400,0,0,29,13.963,27,2,58,28.883,49,1000,0.061
skewed-two-way,B4,plain,eta-cost,40308,400,0,0,29,13.085,27,2,54,27.705,47,1000,0.064
skewed-two-way,B4,plain,eta-cost,40307,400,0,0,29,12.488,26,2,55,27.69,47,1000,0.067
skewed-two-way,B4,plain,eta-cost,40309,400,0,0,29,11.938,25,1,57,26.163,45,1000,0.069
skewed-two-way,B4,plain,eta-cost-fair,40300,400,0,0,29,12.402,27,1,56,27.86,48,1000,0.06
skewed-two-way,B4,plain,eta-cost-fair,40301,400,0,0,29,12.11,27,3,57,27.317,47,1000,0.068
skewed-two-way,B3,stop1,express,40205,800,0,0,244,48.139,167,2,296,82.231,221,2000,0.248
skewed-two-way,B4,plain,eta-cost-fair,40302,400,0,0,29,11.453,26,1,55,26.715,45,1000,0.065
skewed-two-way,B4,plain,eta-cost-fair,40305,400,0,0,29,13.963,27,2,58,28.883,49,1000,0.061
skewed-two-way,B4,plain,nearest-car,40300,400,0,0,110,26.497,62,1,136,41.955,83,1000,0.03
skewed-two-way,B4,plain,eta-cost-fair,40303,400,0,0,29,12.902,26,2,56,28.17,46,1000,0.06
skewed-two-way,B4,plain,nearest-car,40301,400,0,0,111,27.1,60,2,125,42.307,82,1000,0.034
skewed-two-way,B4,plain,eta-cost-fair,40304,400,0,0,29,12.203,26,1,57,27.505,48,1000,0.063
skewed-two-way,B4,plain,nearest-car,40303,400,0,0,155,36.763,107,1,167,52.03,122,1000,0.027
skewed-two-way,B4,plain,nearest-car,40302,400,0,0,67,22.33,55,1,94,37.593,74,1000,0.03
skewed-two-way,B4,plain,eta-cost-fair,40308,400,0,0,29,13.085,27,2,54,27.705,47,1000,0.064
skewed-two-way,B4,plain,eta-cost-fair,40307,400,0,0,29,12.488,26,2,55,27.69,47,1000,0.063
skewed-two-way,B4,plain,eta-cost-fair,40306,400,0,0,29,13.03,26,3,54,27.445,46,1000,0.058
skewed-two-way,B4,plain,eta-cost-fair,40309,400,0,0,29,11.938,25,1,57,26.163,45,1000,0.061
skewed-two-way,B4,plain,nearest-car,40305,400,0,0,119,32.045,99,2,143,46.965,116,1000,0.034
skewed-two-way,B4,plain,nearest-car,40308,400,0,0,106,27.19,59,2,129,41.81,79,1000,0.029
skewed-two-way,B4,plain,nearest-car,40306,400,0,0,114,23.707,57,1,127,38.123,77,1000,0.029
skewed-two-way,B4,plain,nearest-car,40304,400,0,0,117,29.445,86,1,133,44.748,99,1000,0.029
skewed-two-way,B4,plain,nearest-car,40309,400,0,0,103,24.725,57,1,126,38.95,77,1000,0.031
skewed-two-way,B4,plain,nearest-car,40307,400,0,0,120,31.95,85,1,142,47.153,104,1000,0.031
skewed-two-way,B4,plain,nearest-car-eta,40300,400,0,0,29,12.973,27,1,56,28.43,48,1000,0.051
skewed-two-way,B4,plain,nearest-car-eta,40301,400,0,0,43,12.495,27,3,57,27.703,48,1000,0.049
skewed-two-way,B4,plain,nearest-car-eta,40302,400,0,0,31,11.35,27,1,59,26.613,45,1000,0.052
skewed-two-way,B4,plain,nearest-car-eta,40305,400,0,0,29,13.69,27,2,58,28.61,49,1000,0.046
skewed-two-way,B4,plain,nearest-car-eta,40303,400,0,0,29,12.902,26,2,56,28.17,46,1000,0.047
skewed-two-way,B4,plain,nearest-car-eta,40309,400,0,0,29,11.938,25,1,57,26.163,45,1000,0.048
skewed-two-way,B4,plain,nearest-car-eta,40306,400,0,0,29,12.97,26,3,54,27.385,46,1000,0.05
skewed-two-way,B4,plain,nearest-car-eta,40308,400,0,0,29,13.297,27,1,54,27.918,48,1000,0.05
skewed-two-way,B4,plain,nearest-car-eta,40304,400,0,0,29,12.172,26,1,55,27.475,48,1000,0.048
skewed-two-way,B4,plain,round-robin,40300,400,0,0,57,23.82,50,1,79,39.278,71,1000,0.028
skewed-two-way,B4,plain,round-robin,40303,400,0,0,57,23.53,49,1,85,38.797,68,1000,0.031
skewed-two-way,B4,plain,round-robin,40302,400,0,0,56,24.108,50,1,82,39.37,70,1000,0.025
skewed-two-way,B4,plain,round-robin,40301,400,0,0,56,23.032,49,2,84,38.24,67,1000,0.031
skewed-two-way,B4,plain,zone-based,40300,400,0,0,113,35.252,89,1,132,50.71,105,1000,0.029
skewed-two-way,B4,plain,round-robin,40304,400,0,0,60,24.782,51,3,85,40.085,70,1000,0.029
skewed-two-way,B4,plain,round-robin,40308,400,0,0,55,23.19,47,3,84,37.81,67,1000,0.03
skewed-two-way,B4,plain,round-robin,40305,400,0,0,57,25.145,51,2,84,40.065,70,1000,0.03
skewed-two-way,B4,plain,round-robin,40309,400,0,0,57,23.22,48,2,83,37.445,66,1000,0.027
skewed-two-way,B4,plain,round-robin,40307,400,0,0,57,23.343,49,2,82,38.545,64,1000,0.026
skewed-two-way,B4,plain,zone-based,40301,400,0,0,138,38.968,100,2,156,54.175,114,1000,0.034
skewed-two-way,B4,plain,nearest-car-eta,40307,400,0,0,29,11.742,26,2,55,26.945,47,1000,0.046
skewed-two-way,B4,plain,zone-based,40302,400,0,0,171,40.555,118,1,195,55.818,143,1000,0.028
skewed-two-way,B4,plain,zone-based,40304,400,0,0,114,38.275,89,3,137,53.578,108,1000,0.033
skewed-two-way,B4,plain,zone-based,40303,400,0,0,118,39.203,101,1,144,54.47,118,1000,0.03
skewed-two-way,B4,plain,zone-based,40306,400,0,0,158,45.417,113,2,177,59.833,129,1000,0.034
skewed-two-way,B4,plain,zone-based,40307,400,0,0,114,37.462,97,2,131,52.665,113,1000,0.03
skewed-two-way,B4,plain,zone-based,40305,400,0,0,112,36.03,88,2,129,50.95,103,1000,0.032
skewed-two-way,B4,plain,zone-based,40308,400,0,0,104,36.39,85,2,128,51.01,103,1000,0.027
skewed-two-way,B4,plain,zone-based,40309,400,0,0,104,34.055,86,2,121,48.28,97,1000,0.03
skewed-two-way,B4,plain,round-robin,40306,400,0,0,56,23.032,49,1,81,37.447,68,1000,0.028
skewed-two-way,B4,plain,express,40300,400,0,0,111,19.922,64,1,134,35.38,91,1000,0.048
skewed-two-way,B4,plain,express,40301,400,0,0,79,17.637,52,1,103,32.845,78,1000,0.053
skewed-two-way,B4,plain,express,40303,400,0,0,84,16.385,53,2,107,31.652,78,1000,0.049
skewed-two-way,B4,plain,express,40302,400,0,0,102,20.89,74,1,130,36.153,100,1000,0.047
skewed-two-way,B4,plain,express,40305,400,0,0,68,14.268,48,2,94,29.188,71,1000,0.049
skewed-two-way,B4,plain,express,40304,400,0,0,147,20,87,1,173,35.303,112,1000,0.049
skewed-two-way,B4,plain,express,40307,400,0,0,83,16.122,55,1,105,31.325,77,1000,0.046
skewed-two-way,B4,plain,express,40306,400,0,0,77,16.7,55,2,105,31.115,81,1000,0.046
skewed-two-way,B4,plain,express,40309,400,0,0,69,15.02,53,1,94,29.245,77,1000,0.046
skewed-two-way,B4,plain,express,40308,400,0,0,59,14.31,45,1,88,28.93,68,1000,0.049
skewed-two-way,B4,stop1,eta-cost,40300,400,0,0,30,13.19,27,2,65,32.005,53,1000,0.081
skewed-two-way,B4,stop1,eta-cost,40302,400,0,0,32,12.24,27,2,64,30.843,53,1000,0.082
skewed-two-way,B4,stop1,eta-cost,40303,400,0,0,32,13.332,27,2,65,31.92,53,1000,0.089
skewed-two-way,B4,stop1,eta-cost,40301,400,0,0,33,11.65,27,2,67,30.168,53,1000,0.083
skewed-two-way,B4,stop1,eta-cost,40304,400,0,0,31,11.307,25,2,62,29.86,52,1000,0.079
skewed-two-way,B4,stop1,eta-cost,40306,400,0,0,31,12.893,27,2,64,30.753,53,1000,0.082
skewed-two-way,B4,stop1,eta-cost,40307,400,0,0,30,12.53,26,2,66,31.26,53,1000,0.084
skewed-two-way,B4,stop1,eta-cost,40305,400,0,0,31,15.01,29,6,66,33.242,55,1000,0.082
skewed-two-way,B4,stop1,eta-cost,40308,400,0,0,30,12.572,27,3,63,30.558,54,1000,0.083
skewed-two-way,B4,stop1,eta-cost,40309,400,0,0,32,12.787,26,3,66,30.485,53,1000,0.083
skewed-two-way,B4,stop1,eta-cost-fair,40300,400,0,0,48,12.408,28,2,67,30.98,53,1000,0.087
skewed-two-way,B4,stop1,eta-cost-fair,40301,400,0,0,30,11.27,26,2,63,29.53,52,1000,0.084
skewed-two-way,B4,stop1,eta-cost-fair,40302,400,0,0,35,12.91,27,2,64,31.317,53,1000,0.082
skewed-two-way,B4,stop1,eta-cost-fair,40303,400,0,0,32,12.565,27,4,61,31.043,52,1000,0.084
skewed-two-way,B4,stop1,eta-cost-fair,40304,400,0,0,31,11.625,26,2,65,30.117,53,1000,0.078
skewed-two-way,B4,stop1,eta-cost-fair,40305,400,0,0,31,12.918,26,7,65,31.245,53,1000,0.084
skewed-two-way,B4,stop1,nearest-car,40300,400,0,0,123,34.932,70,2,158,53.8,97,1000,0.03
skewed-two-way,B4,stop1,eta-cost-fair,40307,400,0,0,30,12.37,26,3,65,31.045,52,1000,0.078
skewed-two-way,B4,stop1,nearest-car,40303,400,0,0,155,50.625,124,2,185,69.245,145,1000,0.039
skewed-two-way,B4,stop1,nearest-car,40301,400,0,0,137,35.255,78,3,164,53.755,106,1000,0.028
skewed-two-way,B4,stop1,eta-cost-fair,40308,400,0,0,31,13.075,27,4,63,31.135,54,1000,0.081
skewed-two-way,B4,stop1,eta-cost-fair,40306,400,0,0,32,12.62,27,3,59,30.343,51,1000,0.084
skewed-two-way,B4,stop1,nearest-car,40302,400,0,0,170,41.775,122,2,199,60.415,139,1000,0.031
skewed-two-way,B4,stop1,nearest-car,40304,400,0,0,130,33.487,85,2,159,52.087,107,1000,0.031
skewed-two-way,B4,stop1,eta-cost-fair,40309,400,0,0,31,11.602,26,3,61,29.067,51,1000,0.081
skewed-two-way,B4,stop1,nearest-car,40305,400,0,0,139,32.11,76,3,165,50.443,99,1000,0.032
skewed-two-way,B4,stop1,nearest-car,40307,400,0,0,171,43.795,120,3,206,62.498,142,1000,0.031
skewed-two-way,B4,stop1,nearest-car,40306,400,0,0,180,52.483,159,2,204,70.45,175,1000,0.037
skewed-two-way,B4,stop1,nearest-car,40309,400,0,0,76,27.758,66,2,106,45.365,89,1000,0.026
skewed-two-way,B4,stop1,nearest-car,40308,400,0,0,109,27.37,65,3,137,45.208,89,1000,0.033
skewed-two-way,B4,stop1,nearest-car-eta,40301,400,0,0,45,12.242,28,2,65,30.785,54,1000,0.062
skewed-two-way,B4,stop1,nearest-car-eta,40302,400,0,0,32,12.3,27,2,64,30.973,52,1000,0.06
skewed-two-way,B4,stop1,nearest-car-eta,40300,400,0,0,34,12.7,27,2,65,31.62,52,1000,0.058
skewed-two-way,B4,stop1,nearest-car-eta,40303,400,0,0,34,13.395,27,5,62,32.1,54,1000,0.066
skewed-two-way,B4,stop1,nearest-car-eta,40304,400,0,0,31,11.027,26,2,62,29.718,52,1000,0.06
skewed-two-way,B4,stop1,nearest-car-eta,40305,400,0,0,32,12.998,28,5,67,31.532,54,1000,0.057
skewed-two-way,B4,stop1,nearest-car-eta,40306,400,0,0,35,13.297,27,3,62,31.302,53,1000,0.066
skewed-two-way,B4,stop1,round-robin,40300,400,0,0,63,27.525,56,2,95,45.803,82,1000,0.029
skewed-two-way,B4,stop1,nearest-car-eta,40308,400,0,0,30,12.475,27,2,62,30.738,53,1000,0.064
skewed-two-way,B4,stop1,nearest-car-eta,40307,400,0,0,31,12.625,26,2,67,31.4,54,1000,0.06
skewed-two-way,B4,stop1,round-robin,40302,400,0,0,71,27.773,58,2,97,45.93,79,1000,0.026
skewed-two-way,B4,stop1,round-robin,40303,400,0,0,64,26.633,55,4,94,44.578,77,1000,0.029
skewed-two-way,B4,stop1,round-robin,40301,400,0,0,63,25.935,54,3,97,43.815,77,1000,0.029
skewed-two-way,B4,stop1,round-robin,40304,400,0,0,71,28.253,56,5,96,46.148,78,1000,0.035
skewed-two-way,B4,stop1,round-robin,40305,400,0,0,64,26.392,56,3,94,44.14,79,1000,0.03
skewed-two-way,B4,stop1,round-robin,40306,400,0,0,64,25.828,54,2,95,43.08,75,1000,0.027
skewed-two-way,B4,stop1,round-robin,40307,400,0,0,65,26.645,54,3,93,44.745,77,1000,0.029
skewed-two-way,B4,stop1,round-robin,40309,400,0,0,70,25.062,54,2,91,42.045,75,1000,0.03
skewed-two-way,B4,stop1,round-robin,40308,400,0,0,63,25.86,53,2,92,43.148,77,1000,0.031
skewed-two-way,B4,stop1,zone-based,40300,400,0,0,136,36.657,97,3,162,55.453,120,1000,0.028
skewed-two-way,B4,stop1,zone-based,40301,400,0,0,196,46.52,135,2,228,64.907,166,1000,0.028
skewed-two-way,B4,stop1,zone-based,40302,400,0,0,127,39.977,97,2,141,58.51,117,1000,0.033
skewed-two-way,B4,stop1,zone-based,40304,400,0,0,133,42.553,105,2,164,60.98,131,1000,0.033
skewed-two-way,B4,stop1,zone-based,40303,400,0,0,301,58.475,226,2,320,76.897,242,1000,0.038
skewed-two-way,B4,stop1,zone-based,40305,400,0,0,135,47.125,119,2,162,65.222,135,1000,0.036
skewed-two-way,B4,stop1,zone-based,40307,400,0,0,183,41.708,120,2,219,60.278,141,1000,0.033
skewed-two-way,B4,stop1,zone-based,40306,400,0,0,128,40.76,96,3,154,58.487,122,1000,0.033
skewed-two-way,B4,stop1,zone-based,40308,400,0,0,119,39.87,100,3,146,57.697,122,1000,0.032
skewed-two-way,B4,stop1,zone-based,40309,400,0,0,137,45.072,118,2,168,62.593,136,1000,0.031
skewed-two-way,B4,stop1,express,40301,400,0,0,134,26.015,97,2,161,43.913,127,1000,0.067
skewed-two-way,B4,stop1,express,40300,400,0,0,143,23.622,88,2,171,41.932,116,1000,0.06
skewed-two-way,B4,stop1,express,40302,400,0,0,186,34.805,132,2,216,52.775,161,1000,0.07
skewed-two-way,B4,stop1,nearest-car-eta,40309,400,0,0,32,12.863,27,5,66,30.562,53,1000,0.066
skewed-two-way,B4,stop1,express,40303,400,0,0,108,22.62,77,4,135,40.627,105,1000,0.061
skewed-two-way,B4,stop1,express,40306,400,0,0,110,21.188,75,3,141,38.455,104,1000,0.056
skewed-two-way,B4,stop1,express,40305,400,0,0,110,18.727,63,3,145,36.33,92,1000,0.058
skewed-two-way,B4,stop1,express,40307,400,0,0,107,21.058,69,3,129,39.023,97,1000,0.062
skewed-two-way,B4,stop1,express,40304,400,0,0,177,24.003,113,2,211,41.892,138,1000,0.062
skewed-two-way,B4,stop1,express,40308,400,0,0,70,14.688,50,2,95,31.927,75,1000,0.058
skewed-two-way,B4,stop1,express,40309,400,0,0,102,19.543,67,2,139,36.65,92,1000,0.06
skewed-two-way,B5,plain,eta-cost,40401,400,0,0,98,42.76,89,5,189,91.882,162,3333,0.122
skewed-two-way,B5,plain,eta-cost,40405,400,0,0,95,34.703,82,7,186,83.892,155,3333,0.118
skewed-two-way,B5,plain,eta-cost,40402,400,0,0,98,40.157,86,3,185,93.228,158,3333,0.122
skewed-two-way,B5,plain,eta-cost,40400,400,0,0,95,36.312,84,3,192,86.795,150,3333,0.125
skewed-two-way,B5,plain,eta-cost,40407,400,0,0,110,40.138,83,10,190,90.088,154,3333,0.117
skewed-two-way,B5,plain,eta-cost,40403,400,0,0,99,42.663,88,4,188,94.608,158,3333,0.125
skewed-two-way,B5,plain,eta-cost,40404,400,0,0,98,41.833,84,5,190,91.892,157,3333,0.127
skewed-two-way,B5,plain,eta-cost,40406,400,0,0,101,41.165,84,7,193,90.01,153,3333,0.118
skewed-two-way,B5,plain,eta-cost,40408,400,0,0,99,38.748,87,5,192,90.89,156,3333,0.127
skewed-two-way,B5,plain,eta-cost,40409,400,0,0,99,46.175,91,4,190,96.31,160,3333,0.129
skewed-two-way,B5,plain,eta-cost-fair,40400,400,0,0,95,36.312,84,3,192,86.795,150,3333,0.127
skewed-two-way,B5,plain,eta-cost-fair,40402,400,0,0,98,40.157,86,3,185,93.228,158,3333,0.123
skewed-two-way,B5,plain,eta-cost-fair,40403,400,0,0,99,42.663,88,4,188,94.608,158,3333,0.128
skewed-two-way,B5,plain,eta-cost-fair,40401,400,0,0,98,42.76,89,5,189,91.882,162,3333,0.123
skewed-two-way,B5,plain,eta-cost-fair,40406,400,0,0,101,41.165,84,7,193,90.01,153,3333,0.118
skewed-two-way,B5,plain,eta-cost-fair,40405,400,0,0,95,34.703,82,7,186,83.892,155,3333,0.122
skewed-two-way,B5,plain,eta-cost-fair,40407,400,0,0,110,40.138,83,10,190,90.088,154,3333,0.12
skewed-two-way,B5,plain,eta-cost-fair,40408,400,0,0,99,38.748,87,5,192,90.89,156,3333,0.12
skewed-two-way,B5,plain,eta-cost-fair,40404,400,0,0,98,41.833,84,5,190,91.892,157,3333,0.121
skewed-two-way,B5,plain,nearest-car,40400,400,0,0,301,74.365,185,7,341,124.847,259,3333,0.105
skewed-two-way,B5,plain,eta-cost-fair,40409,400,0,0,99,46.175,91,4,190,96.31,160,3333,0.116
skewed-two-way,B5,plain,nearest-car,40404,400,0,0,311,90.465,187,5,376,140.525,261,3333,0.092
skewed-two-way,B5,plain,nearest-car,40401,400,0,0,376,94.835,317,8,440,143.958,356,3333,0.096
skewed-two-way,B5,plain,nearest-car,40406,400,0,0,232,89.412,194,2,317,138.257,259,3333,0.098
skewed-two-way,B5,plain,nearest-car,40402,400,0,0,377,99.808,217,4,443,152.877,287,3333,0.09
skewed-two-way,B5,plain,nearest-car,40403,400,0,0,372,89.722,204,4,450,141.667,273,3333,0.096
skewed-two-way,B5,plain,nearest-car,40405,400,0,0,225,91.222,191,8,303,140.412,262,3333,0.092
skewed-two-way,B5,plain,nearest-car,40407,400,0,0,277,87.112,192,4,325,137.062,255,3333,0.098
skewed-two-way,B5,plain,nearest-car,40409,400,0,0,311,96.23,194,8,388,146.365,274,3333,0.086
skewed-two-way,B5,plain,nearest-car,40408,400,0,0,313,80.162,187,1,392,132.305,263,3333,0.099
skewed-two-way,B5,plain,nearest-car-eta,40403,400,0,0,193,43.29,88,4,213,95.235,156,3333,0.114
skewed-two-way,B5,plain,nearest-car-eta,40400,400,0,0,95,36.312,84,3,192,86.795,150,3333,0.107
skewed-two-way,B5,plain,nearest-car-eta,40405,400,0,0,187,34.5,81,6,202,83.69,151,3333,0.098
skewed-two-way,B5,plain,nearest-car-eta,40404,400,0,0,98,41.858,82,6,183,91.918,153,3333,0.111
skewed-two-way,B5,plain,nearest-car-eta,40401,400,0,0,116,43.255,89,5,189,92.377,162,3333,0.116
skewed-two-way,B5,plain,nearest-car-eta,40402,400,0,0,98,40.157,86,3,185,93.228,158,3333,0.113
skewed-two-way,B5,plain,nearest-car-eta,40406,400,0,0,101,41.898,90,7,193,90.743,154,3333,0.106
skewed-two-way,B5,plain,nearest-car-eta,40408,400,0,0,99,38.748,87,5,192,90.89,156,3333,0.107
skewed-two-way,B5,plain,nearest-car-eta,40407,400,0,0,139,42.047,86,8,194,91.998,157,3333,0.104
skewed-two-way,B5,plain,nearest-car-eta,40409,400,0,0,99,44.73,92,4,195,94.865,161,3333,0.111
skewed-two-way,B5,plain,round-robin,40400,400,0,0,189,80.127,167,9,282,130.61,232,3333,0.1
skewed-two-way,B5,plain,round-robin,40401,400,0,0,188,81.7,166,13,274,130.822,233,3333,0.093
skewed-two-way,B5,plain,round-robin,40403,400,0,0,192,83.537,166,11,288,135.482,234,3333,0.09
skewed-two-way,B5,plain,round-robin,40402,400,0,0,194,86.94,170,5,275,140.01,241,3333,0.102
skewed-two-way,B5,plain,round-robin,40404,400,0,0,196,82.067,165,2,287,132.127,226,3333,0.094
skewed-two-way,B5,plain,round-robin,40407,400,0,0,197,84.013,170,3,285,133.963,232,3333,0.092
skewed-two-way,B5,plain,round-robin,40406,400,0,0,193,83.748,170,8,290,132.593,234,3333,0.09
skewed-two-way,B5,plain,round-robin,40405,400,0,0,193,81.695,170,6,284,130.885,232,3333,0.086
skewed-two-way,B5,plain,round-robin,40408,400,0,0,190,83.547,166,12,272,135.69,226,3333,0.104
skewed-two-way,B5,plain,round-robin,40409,400,0,0,191,81.177,167,6,267,131.312,236,3333,0.093
skewed-two-way,B5,plain,zone-based,40400,400,0,0,399,132.308,327,7,455,182.79,384,3333,0.106
skewed-two-way,B5,plain,zone-based,40401,400,0,0,362,122.235,303,4,445,171.357,365,3333,0.102
skewed-two-way,B5,plain,zone-based,40405,400,0,0,376,125.953,297,3,456,175.143,356,3333,0.098
skewed-two-way,B5,plain,zone-based,40404,400,0,0,503,139.012,337,9,584,189.072,394,3333,0.103
skewed-two-way,B5,plain,zone-based,40403,400,0,0,407,130.787,294,3,493,182.732,341,3333,0.098
skewed-two-way,B5,plain,zone-based,40406,400,0,0,392,130.155,301,7,485,179,358,3333,0.096
skewed-two-way,B5,plain,zone-based,40402,400,0,0,367,132.952,330,8,458,186.023,379,3333,0.106
skewed-two-way,B5,plain,zone-based,40407,400,0,0,374,124.177,311,6,436,174.127,364,3333,0.094
skewed-two-way,B5,plain,zone-based,40409,400,0,0,392,133.09,315,6,466,183.225,375,3333,0.104
skewed-two-way,B5,plain,zone-based,40408,400,0,0,378,128.49,304,4,460,180.632,369,3333,0.109
skewed-two-way,B5,plain,express,40400,400,0,0,359,59.343,190,2,438,109.825,274,3333,0.117
skewed-two-way,B5,plain,express,40401,400,0,0,296,54.953,178,7,394,104.075,266,3333,0.113
skewed-two-way,B5,plain,express,40405,400,0,0,301,51.578,181,2,384,100.767,267,3333,0.105
skewed-two-way,B5,plain,express,40404,400,0,0,313,54.502,183,2,411,104.562,264,3333,0.108
skewed-two-way,B5,plain,express,40406,400,0,0,261,51.977,168,3,348,100.823,257,3333,0.105
skewed-two-way,B5,plain,express,40402,400,0,0,391,73.025,295,4,482,126.095,377,3333,0.123
skewed-two-way,B5,plain,express,40403,400,0,0,295,61.825,201,4,392,113.77,280,3333,0.113
skewed-two-way,B5,plain,express,40409,400,0,0,272,52.53,167,5,354,102.665,251,3333,0.108
skewed-two-way,B5,plain,express,40407,400,0,0,292,55.565,182,1,368,105.515,269,3333,0.108
skewed-two-way,B5,plain,express,40408,400,0,0,315,60.888,192,5,408,113.03,278,3333,0.116
skewed-two-way,B5,stop1,eta-cost,40400,400,0,0,96,36.858,85,9,200,90.65,160,3333,0.136
skewed-two-way,B5,stop1,eta-cost,40401,400,0,0,119,41.94,88,13,200,94.593,165,3333,0.146
skewed-two-way,B5,stop1,eta-cost,40402,400,0,0,99,38.682,81,3,197,95.127,156,3333,0.14
skewed-two-way,B5,stop1,eta-cost,40404,400,0,0,100,40.208,87,3,205,93.685,162,3333,0.144
skewed-two-way,B5,stop1,eta-cost,40407,400,0,0,126,42.305,88,8,204,95.6,162,3333,0.141
skewed-two-way,B5,stop1,eta-cost,40405,400,0,0,97,35.468,79,11,197,87.983,152,3333,0.133
skewed-two-way,B5,stop1,eta-cost,40403,400,0,0,100,43.65,89,5,195,99.207,167,3333,0.15
skewed-two-way,B5,stop1,eta-cost,40408,400,0,0,99,36.953,83,6,204,92.472,159,3333,0.148
skewed-two-way,B5,stop1,eta-cost,40406,400,0,0,100,42.133,86,9,201,94.638,165,3333,0.14
skewed-two-way,B5,stop1,eta-cost,40409,400,0,0,137,44.547,89,2,211,98.385,168,3333,0.147
skewed-two-way,B5,stop1,eta-cost-fair,40400,400,0,0,96,36.66,85,9,200,90.45,160,3333,0.148
skewed-two-way,B5,stop1,eta-cost-fair,40401,400,0,0,119,45,90,13,200,97.665,166,3333,0.142
skewed-two-way,B5,stop1,eta-cost-fair,40402,400,0,0,100,38.565,83,3,197,95,155,3333,0.151
skewed-two-way,B5,stop1,eta-cost-fair,40404,400,0,0,99,41.12,87,3,204,94.528,162,3333,0.139
skewed-two-way,B5,stop1,eta-cost-fair,40405,400,0,0,185,34.505,79,8,225,86.995,151,3333,0.136
skewed-two-way,B5,stop1,eta-cost-fair,40409,400,0,0,99,42.667,90,2,202,96.392,165,3333,0.136
skewed-two-way,B5,stop1,eta-cost-fair,40407,400,0,0,113,40.752,85,3,192,93.907,160,3333,0.133
skewed-two-way,B5,stop1,eta-cost-fair,40403,400,0,0,100,44.038,89,5,195,99.612,167,3333,0.147
skewed-two-way,B5,stop1,eta-cost-fair,40406,400,0,0,100,42.133,86,9,201,94.638,165,3333,0.14
skewed-two-way,B5,stop1,eta-cost-fair,40408,400,0,0,99,36.108,81,6,189,91.565,159,3333,0.139
skewed-two-way,B5,stop1,nearest-car,40400,400,0,0,229,74.517,191,3,303,127.858,268,3333,0.098
skewed-two-way,B5,stop1,nearest-car,40401,400,0,0,403,98.365,232,4,486,150.665,300,3333,0.1
skewed-two-way,B5,stop1,nearest-car,40402,400,0,0,398,96.21,208,4,481,152.385,290,3333,0.095
skewed-two-way,B5,stop1,nearest-car,40405,400,0,0,310,94.775,200,5,400,147.018,279,3333,0.095
skewed-two-way,B5,stop1,nearest-car,40407,400,0,0,304,90.205,197,5,354,143.11,275,3333,0.096
skewed-two-way,B5,stop1,nearest-car,40403,400,0,0,400,114.118,228,3,490,169.243,307,3333,0.097
skewed-two-way,B5,stop1,nearest-car,40404,400,0,0,345,89.27,194,7,430,142.31,265,3333,0.098
skewed-two-way,B5,stop1,nearest-car,40408,400,0,0,319,88.54,200,7,410,143.877,268,3333,0.102
skewed-two-way,B5,stop1,nearest-car,40409,400,0,0,382,135.045,350,5,473,188.75,404,3333,0.097
skewed-two-way,B5,stop1,nearest-car-eta,40401,400,0,0,119,44.447,91,6,198,97.183,171,3333,0.12
skewed-two-way,B5,stop1,nearest-car-eta,40400,400,0,0,96,38.318,86,9,200,92.198,161,3333,0.124
skewed-two-way,B5,stop1,nearest-car-eta,40402,400,0,0,100,37.688,79,3,197,94.138,155,3333,0.122
skewed-two-way,B5,stop1,nearest-car-eta,40403,400,0,0,100,43.51,89,5,195,99.073,167,3333,0.129
skewed-two-way,B5,stop1,nearest-car-eta,40404,400,0,0,100,40.508,86,3,205,93.915,162,3333,0.114
skewed-two-way,B5,stop1,nearest-car-eta,40406,400,0,0,100,42.133,86,9,201,94.638,165,3333,0.123
skewed-two-way,B5,stop1,nearest-car-eta,40405,400,0,0,144,35.125,82,11,197,87.6,153,3333,0.11
skewed-two-way,B5,stop1,nearest-car,40406,400,0,0,431,119.233,323,2,487,171.435,364,3333,0.091
skewed-two-way,B5,stop1,nearest-car-eta,40407,400,0,0,112,39.017,85,5,198,92.355,158,3333,0.113
skewed-two-way,B5,stop1,nearest-car-eta,40408,400,0,0,99,36.953,83,6,204,92.472,159,3333,0.119
skewed-two-way,B5,stop1,round-robin,40400,400,0,0,199,82.745,164,7,289,135.482,236,3333,0.102
skewed-two-way,B5,stop1,round-robin,40404,400,0,0,214,84.075,174,7,288,136.7,239,3333,0.099
skewed-two-way,B5,stop1,round-robin,40406,400,0,0,196,83.983,172,6,287,135.54,243,3333,0.094
skewed-two-way,B5,stop1,round-robin,40401,400,0,0,200,82.022,174,10,297,133.683,227,3333,0.096
skewed-two-way,B5,stop1,round-robin,40402,400,0,0,199,86.51,176,6,286,142.085,239,3333,0.103
skewed-two-way,B5,stop1,zone-based,40401,400,0,0,419,140.5,349,6,498,192.97,406,3333,0.107
skewed-two-way,B5,stop1,round-robin,40405,400,0,0,200,86.517,173,9,280,138.347,241,3333,0.089
skewed-two-way,B5,stop1,nearest-car-eta,40409,400,0,0,137,44.547,89,2,211,98.385,168,3333,0.122
skewed-two-way,B5,stop1,round-robin,40403,400,0,0,198,83.422,171,7,285,137.907,238,3333,0.093
skewed-two-way,B5,stop1,round-robin,40407,400,0,0,191,83.45,168,8,271,135.928,244,3333,0.093
skewed-two-way,B5,stop1,zone-based,40400,400,0,0,410,147.335,323,2,474,200.975,386,3333,0.115
skewed-two-way,B5,stop1,round-robin,40409,400,0,0,202,81.493,167,10,283,134.213,234,3333,0.089
skewed-two-way,B5,stop1,round-robin,40408,400,0,0,197,84.853,176,6,271,139.428,240,3333,0.1
skewed-two-way,B5,stop1,zone-based,40403,400,0,0,344,128.938,299,6,429,184.148,356,3333,0.103
skewed-two-way,B5,stop1,zone-based,40402,400,0,0,419,141.327,371,3,519,197.632,414,3333,0.104
skewed-two-way,B5,stop1,zone-based,40405,400,0,0,472,137.445,333,13,557,189.875,378,3333,0.098
skewed-two-way,B5,stop1,zone-based,40404,400,0,0,447,143.893,342,6,485,197.268,413,3333,0.101
skewed-two-way,B5,stop1,zone-based,40406,400,0,0,399,140.202,308,5,489,192.42,373,3333,0.109
skewed-two-way,B5,stop1,zone-based,40407,400,0,0,384,137.312,327,2,468,190.35,368,3333,0.09
skewed-two-way,B5,stop1,zone-based,40409,400,0,0,399,130.92,298,7,488,184.265,367,3333,0.101
skewed-two-way,B5,stop1,zone-based,40408,400,0,0,413,126.683,339,4,499,182.075,395,3333,0.103
skewed-two-way,B5,stop1,express,40400,400,0,0,310,55.447,172,3,391,108.543,254,3333,0.12
skewed-two-way,B5,stop1,express,40401,400,0,0,395,62.417,221,10,498,114.26,305,3333,0.128
skewed-two-way,B5,stop1,express,40402,400,0,0,430,74.623,291,3,530,130.395,381,3333,0.126
skewed-two-way,B5,stop1,express,40403,400,0,0,330,70.623,246,3,434,125.433,341,3333,0.126
skewed-two-way,B5,stop1,express,40407,400,0,0,294,54.97,185,2,385,107.642,276,3333,0.12
skewed-two-way,B5,stop1,express,40405,400,0,0,342,60.703,206,4,429,112.618,295,3333,0.12
skewed-two-way,B5,stop1,express,40406,400,0,0,286,61.425,186,4,369,113.155,277,3333,0.117
skewed-two-way,B5,stop1,express,40404,400,0,0,363,63.68,206,7,456,116.507,298,3333,0.129
skewed-two-way,B5,stop1,express,40408,400,0,0,314,59.945,193,3,407,114.755,275,3333,0.122
skewed-two-way,B5,stop1,express,40409,400,0,0,298,54.265,171,2,395,107.448,262,3333,0.119
skewed-two-way,B6,plain,eta-cost,40500,400,0,0,59,26.605,54,3,115,55.615,91,4000,0.113
skewed-two-way,B6,plain,eta-cost,40501,400,0,0,59,23.492,52,1,109,52.48,94,4000,0.116
skewed-two-way,B6,plain,eta-cost,40502,400,0,0,59,23.297,52,1,109,52.337,91,4000,0.119
skewed-two-way,B6,plain,eta-cost,40503,400,0,0,59,29.085,55,2,111,58.943,98,4000,0.116
skewed-two-way,B6,plain,eta-cost,40504,400,0,0,59,24.045,52,4,117,53.367,91,4000,0.117
skewed-two-way,B6,plain,eta-cost,40509,400,0,0,59,27.72,54,4,118,56.53,95,4000,0.122
skewed-two-way,B6,plain,eta-cost,40505,400,0,0,59,22.73,50,1,110,53.362,91,4000,0.118
skewed-two-way,B6,plain,eta-cost,40506,400,0,0,59,23.642,52,6,111,52.655,91,4000,0.112
skewed-two-way,B6,plain,eta-cost,40507,400,0,0,59,27.785,55,5,117,56.705,97,4000,0.109
skewed-two-way,B6,plain,eta-cost,40508,400,0,0,64,26.427,54,6,112,56.735,95,4000,0.112
skewed-two-way,B6,plain,eta-cost-fair,40501,400,0,0,59,23.492,52,1,109,52.48,94,4000,0.117
skewed-two-way,B6,plain,eta-cost-fair,40500,400,0,0,59,26.605,54,3,115,55.615,91,4000,0.114
skewed-two-way,B6,plain,eta-cost-fair,40502,400,0,0,59,23.297,52,1,109,52.337,91,4000,0.118
skewed-two-way,B6,plain,eta-cost-fair,40503,400,0,0,59,29.085,55,2,111,58.943,98,4000,0.11
skewed-two-way,B6,plain,eta-cost-fair,40507,400,0,0,59,27.785,55,5,117,56.705,97,4000,0.11
skewed-two-way,B6,plain,eta-cost-fair,40504,400,0,0,59,24.045,52,4,117,53.367,91,4000,0.12
skewed-two-way,B6,plain,eta-cost-fair,40506,400,0,0,59,23.642,52,6,111,52.655,91,4000,0.112
skewed-two-way,B6,plain,eta-cost-fair,40505,400,0,0,59,22.73,50,1,110,53.362,91,4000,0.113
skewed-two-way,B6,plain,eta-cost-fair,40508,400,0,0,64,26.427,54,6,112,56.735,95,4000,0.12
skewed-two-way,B6,plain,nearest-car,40500,400,0,0,324,89.5,248,7,372,118.51,276,4000,0.096
skewed-two-way,B6,plain,nearest-car,40502,400,0,0,223,45.828,122,1,269,74.868,158,4000,0.096
skewed-two-way,B6,plain,nearest-car,40501,400,0,0,198,46.985,111,1,249,75.972,154,4000,0.091
skewed-two-way,B6,plain,nearest-car,40504,400,0,0,223,46.788,126,2,266,76.11,165,4000,0.098
skewed-two-way,B6,plain,nearest-car,40503,400,0,0,492,98.71,396,2,538,128.567,427,4000,0.106
skewed-two-way,B6,plain,nearest-car,40505,400,0,0,255,61.175,183,1,271,91.808,202,4000,0.085
skewed-two-way,B6,plain,nearest-car,40507,400,0,0,393,89.13,289,2,412,118.05,317,4000,0.085
skewed-two-way,B6,plain,nearest-car,40506,400,0,0,239,53.303,144,4,293,82.315,172,4000,0.095
skewed-two-way,B6,plain,nearest-car,40508,400,0,0,269,57.312,172,1,319,87.62,189,4000,0.099
skewed-two-way,B6,plain,nearest-car,40509,400,0,0,389,86.743,290,2,414,115.552,315,4000,0.102
skewed-two-way,B6,plain,eta-cost-fair,40509,400,0,0,59,27.72,54,4,118,56.53,95,4000,0.115
skewed-two-way,B6,plain,nearest-car-eta,40501,400,0,0,59,23.492,52,1,109,52.48,94,4000,0.104
skewed-two-way,B6,plain,nearest-car-eta,40500,400,0,0,59,26.805,54,3,115,55.815,94,4000,0.106
skewed-two-way,B6,plain,nearest-car-eta,40503,400,0,0,59,29.085,55,2,111,58.943,98,4000,0.11
skewed-two-way,B6,plain,nearest-car-eta,40502,400,0,0,95,23.323,52,1,109,52.362,91,4000,0.104
skewed-two-way,B6,plain,nearest-car-eta,40504,400,0,0,59,24.032,52,4,117,53.355,91,4000,0.108
skewed-two-way,B6,plain,nearest-car-eta,40505,400,0,0,59,22.73,50,1,110,53.362,91,4000,0.108
skewed-two-way,B6,plain,nearest-car-eta,40508,400,0,0,59,26.25,53,6,112,56.557,94,4000,0.111
skewed-two-way,B6,plain,nearest-car-eta,40506,400,0,0,92,23.567,53,1,111,52.58,91,4000,0.107
skewed-two-way,B6,plain,nearest-car-eta,40507,400,0,0,66,27.945,56,4,117,56.865,97,4000,0.102
skewed-two-way,B6,plain,nearest-car-eta,40509,400,0,0,59,27.67,54,4,118,56.48,95,4000,0.108
skewed-two-way,B6,plain,round-robin,40500,400,0,0,114,39.345,93,5,159,68.355,130,4000,0.093
skewed-two-way,B6,plain,round-robin,40501,400,0,0,107,39.517,91,1,152,68.505,128,4000,0.092
skewed-two-way,B6,plain,round-robin,40506,400,0,0,110,37.915,88,3,152,66.927,126,4000,0.097
skewed-two-way,B6,plain,round-robin,40502,400,0,0,119,40.312,95,1,164,69.353,131,4000,0.094
skewed-two-way,B6,plain,round-robin,40505,400,0,0,125,39.553,94,1,164,70.185,130,4000,0.101
skewed-two-way,B6,plain,round-robin,40504,400,0,0,114,37.7,87,4,161,67.022,127,4000,0.099
skewed-two-way,B6,plain,round-robin,40503,400,0,0,109,40.267,93,1,159,70.125,128,4000,0.1
skewed-two-way,B6,plain,round-robin,40507,400,0,0,117,41.06,93,1,158,69.98,130,4000,0.096
skewed-two-way,B6,plain,round-robin,40508,400,0,0,116,41.525,92,2,166,71.832,130,4000,0.103
skewed-two-way,B6,plain,round-robin,40509,400,0,0,116,38.605,89,1,174,67.415,122,4000,0.094
skewed-two-way,B6,plain,zone-based,40502,400,0,0,285,66.862,175,4,327,95.903,202,4000,0.1
skewed-two-way,B6,plain,zone-based,40500,400,0,0,237,73.427,175,3,286,102.438,203,4000,0.104
skewed-two-way,B6,plain,zone-based,40501,400,0,0,317,72.31,197,5,351,101.297,226,4000,0.096
skewed-two-way,B6,plain,zone-based,40503,400,0,0,343,80.385,207,4,394,110.243,239,4000,0.104
skewed-two-way,B6,plain,zone-based,40505,400,0,0,239,61.803,154,3,284,92.435,189,4000,0.097
skewed-two-way,B6,plain,zone-based,40506,400,0,0,273,69.94,173,4,279,98.953,205,4000,0.099
skewed-two-way,B6,plain,zone-based,40504,400,0,0,306,70.853,180,4,307,100.175,212,4000,0.105
skewed-two-way,B6,plain,zone-based,40507,400,0,0,310,79.655,217,3,359,108.575,244,4000,0.1
skewed-two-way,B6,plain,zone-based,40508,400,0,0,253,82.21,204,10,295,112.517,232,4000,0.103
skewed-two-way,B6,plain,zone-based,40509,400,0,0,296,89.625,209,1,346,118.435,242,4000,0.095
skewed-two-way,B6,plain,express,40500,400,0,0,174,29.773,94,6,217,58.782,145,4000,0.104
skewed-two-way,B6,plain,express,40501,400,0,0,178,29.685,100,1,234,58.672,147,4000,0.101
skewed-two-way,B6,plain,express,40502,400,0,0,195,31.802,103,1,247,60.843,155,4000,0.105
skewed-two-way,B6,plain,express,40503,400,0,0,282,42.94,154,1,326,72.797,206,4000,0.113
skewed-two-way,B6,plain,express,40505,400,0,0,293,41.958,182,1,344,72.59,233,4000,0.11
skewed-two-way,B6,plain,express,40506,400,0,0,178,30.517,101,3,224,59.53,154,4000,0.102
skewed-two-way,B6,plain,express,40504,400,0,0,269,37.303,134,2,321,66.625,186,4000,0.113
skewed-two-way,B6,plain,express,40507,400,0,0,245,37.157,129,2,295,66.078,178,4000,0.103
skewed-two-way,B6,plain,express,40508,400,0,0,203,36.258,110,2,256,66.565,159,4000,0.108
skewed-two-way,B6,plain,express,40509,400,0,0,143,31.79,102,1,195,60.6,151,4000,0.108
skewed-two-way,B6,stop1,eta-cost,40500,400,0,0,61,26.858,54,3,119,58.015,94,4000,0.121
skewed-two-way,B6,stop1,eta-cost,40501,400,0,0,60,23.887,52,2,110,54.862,94,4000,0.127
skewed-two-way,B6,stop1,eta-cost,40503,400,0,0,61,29.047,55,2,119,61.02,102,4000,0.127
skewed-two-way,B6,stop1,eta-cost,40502,400,0,0,61,23.64,52,2,114,54.682,97,4000,0.121
skewed-two-way,B6,stop1,eta-cost,40504,400,0,0,59,24.108,51,6,117,55.438,94,4000,0.127
skewed-two-way,B6,stop1,eta-cost,40507,400,0,0,69,28.975,56,4,117,60.042,99,4000,0.124
skewed-two-way,B6,stop1,eta-cost,40505,400,0,0,60,22.35,51,2,116,55.045,97,4000,0.124
skewed-two-way,B6,stop1,eta-cost,40506,400,0,0,59,24.547,54,5,118,55.62,94,4000,0.121
skewed-two-way,B6,stop1,eta-cost,40508,400,0,0,69,25.165,53,6,114,57.59,96,4000,0.121
skewed-two-way,B6,stop1,eta-cost,40509,400,0,0,64,27.3,54,6,123,58.215,98,4000,0.125
skewed-two-way,B6,stop1,eta-cost-fair,40500,400,0,0,61,26.878,54,3,119,57.975,97,4000,0.13
skewed-two-way,B6,stop1,eta-cost-fair,40502,400,0,0,61,23.913,52,2,114,54.96,97,4000,0.128
skewed-two-way,B6,stop1,eta-cost-fair,40501,400,0,0,60,24.175,51,2,110,55.13,93,4000,0.121
skewed-two-way,B6,stop1,eta-cost-fair,40503,400,0,0,61,29.128,56,3,120,61.097,102,4000,0.135
skewed-two-way,B6,stop1,eta-cost-fair,40507,400,0,0,69,28.938,56,5,117,59.998,100,4000,0.121
skewed-two-way,B6,stop1,eta-cost-fair,40505,400,0,0,60,22.133,51,2,116,54.815,97,4000,0.121
skewed-two-way,B6,stop1,eta-cost-fair,40506,400,0,0,58,23.985,54,2,118,55.075,94,4000,0.111
skewed-two-way,B6,stop1,nearest-car,40501,400,0,0,219,54.07,128,2,260,84.99,165,4000,0.078
skewed-two-way,B6,stop1,eta-cost-fair,40509,400,0,0,64,27.113,54,3,117,58.017,100,4000,0.129
skewed-two-way,B6,stop1,nearest-car,40500,400,0,0,267,76.778,186,3,306,107.877,216,4000,0.099
skewed-two-way,B6,stop1,eta-cost-fair,40508,400,0,0,69,25.135,53,6,114,57.56,96,4000,0.129
skewed-two-way,B6,stop1,nearest-car,40502,400,0,0,316,72.483,226,2,346,103.52,259,4000,0.095
skewed-two-way,B6,stop1,nearest-car,40507,400,0,0,457,138.947,383,7,505,170.023,421,4000,0.094
skewed-two-way,B6,stop1,nearest-car,40503,400,0,0,346,74.895,192,3,395,106.79,222,4000,0.094
skewed-two-way,B6,stop1,eta-cost-fair,40504,400,0,0,59,24.148,51,6,117,55.472,93,4000,0.127
skewed-two-way,B6,stop1,nearest-car,40504,400,0,0,300,54.102,166,4,340,85.358,190,4000,0.094
skewed-two-way,B6,stop1,nearest-car,40505,400,0,0,350,67.39,219,2,367,99.942,247,4000,0.099
skewed-two-way,B6,stop1,nearest-car,40508,400,0,0,410,80.638,217,4,466,112.97,266,4000,0.106
skewed-two-way,B6,stop1,nearest-car,40509,400,0,0,364,74.915,215,5,408,105.705,245,4000,0.095
skewed-two-way,B6,stop1,nearest-car-eta,40500,400,0,0,61,27.395,54,3,119,58.56,98,4000,0.121
skewed-two-way,B6,stop1,nearest-car-eta,40501,400,0,0,60,24.09,53,2,113,55.065,94,4000,0.113
skewed-two-way,B6,stop1,nearest-car-eta,40502,400,0,0,61,23.22,52,2,114,54.288,97,4000,0.114
skewed-two-way,B6,stop1,nearest-car-eta,40503,400,0,0,61,29.11,56,2,120,61.095,102,4000,0.117
skewed-two-way,B6,stop1,nearest-car-eta,40504,400,0,0,59,24.7,51,6,113,56.055,95,4000,0.118
skewed-two-way,B6,stop1,nearest-car,40506,400,0,0,333,58.04,150,3,381,88.983,178,4000,0.096
skewed-two-way,B6,stop1,nearest-car-eta,40505,400,0,0,60,22.788,52,2,116,55.517,98,4000,0.114
skewed-two-way,B6,stop1,nearest-car-eta,40506,400,0,0,58,23.898,54,2,118,54.995,94,4000,0.119
skewed-two-way,B6,stop1,nearest-car-eta,40507,400,0,0,69,28.785,56,4,117,59.85,99,4000,0.108
skewed-two-way,B6,stop1,nearest-car-eta,40508,400,0,0,69,25.05,53,6,114,57.472,96,4000,0.101
skewed-two-way,B6,stop1,nearest-car-eta,40509,400,0,0,95,27.895,54,5,116,58.805,99,4000,0.111
skewed-two-way,B6,stop1,round-robin,40500,400,0,0,123,40.237,92,5,170,70.752,131,4000,0.095
skewed-two-way,B6,stop1,round-robin,40502,400,0,0,126,39.682,95,2,166,70.24,132,4000,0.1
skewed-two-way,B6,stop1,round-robin,40501,400,0,0,122,39.855,94,2,169,70.31,129,4000,0.097
skewed-two-way,B6,stop1,round-robin,40503,400,0,0,119,41.672,96,2,173,73.05,135,4000,0.104
skewed-two-way,B6,stop1,round-robin,40507,400,0,0,113,42.97,98,4,165,73.5,135,4000,0.087
skewed-two-way,B6,stop1,round-robin,40505,400,0,0,109,41.835,95,2,161,73.993,137,4000,0.098
skewed-two-way,B6,stop1,round-robin,40506,400,0,0,115,40.85,93,4,162,71.338,138,4000,0.098
skewed-two-way,B6,stop1,round-robin,40504,400,0,0,115,40.46,96,5,156,71.245,137,4000,0.098
skewed-two-way,B6,stop1,round-robin,40508,400,0,0,119,42.112,96,3,177,73.955,133,4000,0.106
skewed-two-way,B6,stop1,round-robin,40509,400,0,0,113,40.795,92,2,164,71.14,129,4000,0.097
skewed-two-way,B6,stop1,zone-based,40501,400,0,0,333,68.778,202,3,383,99.74,228,4000,0.091
skewed-two-way,B6,stop1,zone-based,40502,400,0,0,324,87.308,231,3,352,118.405,262,4000,0.098
skewed-two-way,B6,stop1,zone-based,40500,400,0,0,281,84.088,221,3,312,115.17,252,4000,0.1
skewed-two-way,B6,stop1,zone-based,40503,400,0,0,343,80.665,223,3,397,112.605,261,4000,0.1
skewed-two-way,B6,stop1,zone-based,40505,400,0,0,262,73.287,197,2,296,105.873,231,4000,0.096
skewed-two-way,B6,stop1,zone-based,40504,400,0,0,283,74.87,185,4,331,106.24,226,4000,0.106
skewed-two-way,B6,stop1,zone-based,40506,400,0,0,350,86.28,231,3,370,117.355,269,4000,0.1
skewed-two-way,B6,stop1,zone-based,40507,400,0,0,472,110.985,343,3,506,141.97,378,4000,0.104
skewed-two-way,B6,stop1,zone-based,40508,400,0,0,278,82.778,207,3,317,115.165,248,4000,0.112
skewed-two-way,B6,stop1,zone-based,40509,400,0,0,358,106.905,251,7,419,137.857,290,4000,0.101
skewed-two-way,B6,stop1,express,40501,400,0,0,237,35.755,116,2,286,66.53,172,4000,0.111
skewed-two-way,B6,stop1,express,40500,400,0,0,157,29.595,95,8,218,60.487,147,4000,0.116
skewed-two-way,B6,stop1,express,40503,400,0,0,357,48.542,187,2,403,80.267,241,4000,0.115
skewed-two-way,B6,stop1,express,40502,400,0,0,250,33.075,108,2,293,63.877,162,4000,0.104
skewed-two-way,B6,stop1,express,40504,400,0,0,191,35.485,130,3,253,66.562,177,4000,0.113
skewed-two-way,B6,stop1,express,40506,400,0,0,171,30.525,96,3,224,61.337,150,4000,0.115
skewed-two-way,B6,stop1,express,40505,400,0,0,359,46.75,229,2,409,79.155,277,4000,0.116
skewed-two-way,B6,stop1,express,40507,400,0,0,221,33.16,115,5,274,63.917,168,4000,0.105
skewed-two-way,B7,plain,eta-cost,40600,400,0,0,59,24.09,52,3,111,52.528,93,1000,0.094
skewed-two-way,B6,stop1,express,40509,400,0,0,187,34.95,120,3,247,65.612,171,4000,0.115
skewed-two-way,B7,plain,eta-cost,40603,400,0,0,59,22.755,51,6,108,52.748,89,1000,0.091
skewed-two-way,B6,stop1,express,40508,400,0,0,228,37.837,122,5,284,70.022,172,4000,0.115
skewed-two-way,B7,plain,eta-cost,40601,400,0,0,57,26.125,53,6,113,56.663,93,1000,0.096
skewed-two-way,B7,plain,eta-cost,40605,400,0,0,58,23.205,50,5,107,52.822,90,1000,0.085
skewed-two-way,B7,plain,eta-cost,40604,400,0,0,57,19.707,48,3,108,50.172,89,1000,0.089
skewed-two-way,B7,plain,eta-cost,40606,400,0,0,55,19.425,43,2,105,49.615,86,1000,0.084
skewed-two-way,B7,plain,eta-cost,40602,400,0,0,59,22.07,48,1,105,51.663,91,1000,0.089
skewed-two-way,B7,plain,eta-cost,40607,400,0,0,59,25.163,52,1,111,55.59,95,1000,0.088
skewed-two-way,B7,plain,eta-cost,40608,400,0,0,67,23.712,57,2,117,52.362,92,1000,0.088
skewed-two-way,B7,plain,eta-cost,40609,400,0,0,58,21.297,49,8,105,51.63,87,1000,0.082
skewed-two-way,B7,plain,eta-cost-fair,40600,400,0,0,59,24.09,52,3,111,52.528,93,1000,0.09
skewed-two-way,B7,plain,eta-cost-fair,40601,400,0,0,57,26.125,53,6,113,56.663,93,1000,0.093
skewed-two-way,B7,plain,eta-cost-fair,40604,400,0,0,57,19.707,48,3,108,50.172,89,1000,0.085
skewed-two-way,B7,plain,eta-cost-fair,40605,400,0,0,58,23.205,50,5,107,52.822,90,1000,0.089
skewed-two-way,B7,plain,eta-cost-fair,40602,400,0,0,59,22.07,48,1,105,51.663,91,1000,0.091
skewed-two-way,B7,plain,eta-cost-fair,40606,400,0,0,55,19.425,43,2,105,49.615,86,1000,0.082
skewed-two-way,B7,plain,eta-cost-fair,40603,400,0,0,59,22.755,51,6,108,52.748,89,1000,0.088
skewed-two-way,B7,plain,eta-cost-fair,40607,400,0,0,59,25.163,52,1,111,55.59,95,1000,0.089
skewed-two-way,B7,plain,nearest-car,40601,400,0,0,213,66.335,120,3,235,96.873,161,1000,0.034
skewed-two-way,B7,plain,nearest-car,40600,400,0,0,117,41.645,109,1,168,70.082,152,1000,0.034
skewed-two-way,B7,plain,nearest-car,40603,400,0,0,122,54.513,115,5,173,84.505,159,1000,0.04
skewed-two-way,B7,plain,nearest-car,40604,400,0,0,123,51.087,113,2,173,81.552,155,1000,0.035
skewed-two-way,B7,plain,nearest-car,40602,400,0,0,222,60.39,121,1,275,89.983,171,1000,0.04
skewed-two-way,B7,plain,nearest-car,40605,400,0,0,212,59.125,115,4,221,88.743,161,1000,0.032
skewed-two-way,B7,plain,nearest-car,40606,400,0,0,140,52.002,112,2,178,82.192,154,1000,0.038
skewed-two-way,B7,plain,nearest-car,40607,400,0,0,136,50.98,115,1,185,81.407,159,1000,0.039
skewed-two-way,B7,plain,nearest-car,40608,400,0,0,121,52.83,115,2,175,81.48,156,1000,0.039
skewed-two-way,B7,plain,eta-cost-fair,40608,400,0,0,67,23.712,57,2,117,52.362,92,1000,0.09
skewed-two-way,B7,plain,nearest-car,40609,400,0,0,122,52.09,114,4,171,82.422,156,1000,0.037
skewed-two-way,B7,plain,nearest-car-eta,40600,400,0,0,59,24.517,51,3,111,52.955,93,1000,0.068
skewed-two-way,B7,plain,nearest-car-eta,40602,400,0,0,59,20.328,48,1,112,49.92,87,1000,0.064
skewed-two-way,B7,plain,nearest-car-eta,40601,400,0,0,100,23.652,48,5,116,54.19,92,1000,0.062
skewed-two-way,B7,plain,nearest-car-eta,40603,400,0,0,59,22.755,51,6,108,52.748,89,1000,0.063
skewed-two-way,B7,plain,nearest-car-eta,40604,400,0,0,87,20.567,50,4,113,51.032,94,1000,0.066
skewed-two-way,B7,plain,nearest-car-eta,40605,400,0,0,98,23.175,51,3,125,52.792,89,1000,0.067
skewed-two-way,B7,plain,nearest-car-eta,40606,400,0,0,55,19.328,42,2,105,49.517,86,1000,0.06
skewed-two-way,B7,plain,round-robin,40600,400,0,0,114,50.415,102,2,166,78.853,139,1000,0.037
skewed-two-way,B7,plain,round-robin,40602,400,0,0,117,54.252,105,3,167,83.845,145,1000,0.036
skewed-two-way,B7,plain,round-robin,40601,400,0,0,115,55.002,107,11,169,85.54,148,1000,0.035
skewed-two-way,B7,plain,nearest-car-eta,40607,400,0,0,68,25.705,57,1,124,56.133,99,1000,0.068
skewed-two-way,B7,plain,nearest-car-eta,40608,400,0,0,67,23.698,57,2,117,52.347,92,1000,0.065
skewed-two-way,B7,plain,round-robin,40603,400,0,0,116,53.407,105,6,161,83.4,146,1000,0.031
skewed-two-way,B7,plain,round-robin,40604,400,0,0,115,54.825,106,5,171,85.29,146,1000,0.035
skewed-two-way,B7,plain,nearest-car-eta,40609,400,0,0,65,22.39,49,5,114,52.722,87,1000,0.062
skewed-two-way,B7,plain,round-robin,40605,400,0,0,115,54.61,105,6,161,84.228,140,1000,0.038
skewed-two-way,B7,plain,round-robin,40607,400,0,0,115,55.36,106,6,171,85.787,145,1000,0.034
skewed-two-way,B7,plain,round-robin,40609,400,0,0,116,51.69,104,8,173,82.022,144,1000,0.04
skewed-two-way,B7,plain,round-robin,40606,400,0,0,117,50.255,100,4,172,80.445,137,1000,0.039
skewed-two-way,B7,plain,round-robin,40608,400,0,0,116,52.513,107,2,170,81.162,145,1000,0.034
skewed-two-way,B7,plain,eta-cost-fair,40609,400,0,0,58,21.297,49,8,105,51.63,87,1000,0.087
skewed-two-way,B7,plain,zone-based,40600,400,0,0,240,87.885,210,4,285,116.323,237,1000,0.042
skewed-two-way,B7,plain,zone-based,40602,400,0,0,230,80.885,217,3,281,110.478,235,1000,0.041
skewed-two-way,B7,plain,zone-based,40601,400,0,0,230,77.775,183,6,276,108.312,225,1000,0.041
skewed-two-way,B7,plain,zone-based,40604,400,0,0,230,84.338,176,6,279,114.802,218,1000,0.041
skewed-two-way,B7,plain,zone-based,40603,400,0,0,239,87.41,213,5,287,117.403,234,1000,0.041
skewed-two-way,B7,plain,zone-based,40605,400,0,0,252,95.39,230,1,302,125.007,259,1000,0.047
skewed-two-way,B7,plain,zone-based,40607,400,0,0,219,81.537,182,3,268,111.965,219,1000,0.042
skewed-two-way,B7,plain,zone-based,40606,400,0,0,211,75.877,184,3,266,106.067,218,1000,0.038
skewed-two-way,B7,plain,zone-based,40608,400,0,0,244,86.142,201,2,299,114.793,237,1000,0.041
skewed-two-way,B7,plain,zone-based,40609,400,0,0,201,73.39,180,3,253,103.722,210,1000,0.035
skewed-two-way,B7,plain,express,40601,400,0,0,117,30.492,104,2,174,61.03,154,1000,0.061
skewed-two-way,B7,plain,express,40602,400,0,0,125,31.367,108,3,176,60.96,156,1000,0.067
skewed-two-way,B7,plain,express,40600,400,0,0,126,27.435,96,1,174,55.873,148,1000,0.069
skewed-two-way,B7,plain,express,40605,400,0,0,132,30.4,98,3,183,60.017,150,1000,0.065
skewed-two-way,B7,plain,express,40603,400,0,0,137,30.255,104,2,193,60.248,148,1000,0.061
skewed-two-way,B7,plain,express,40608,400,0,0,125,28.578,96,2,177,57.227,146,1000,0.066
skewed-two-way,B7,plain,express,40606,400,0,0,124,30.375,97,4,175,60.565,146,1000,0.061
skewed-two-way,B7,plain,express,40604,400,0,0,118,28.672,98,3,171,59.138,148,1000,0.064
skewed-two-way,B7,plain,express,40607,400,0,0,182,42.545,135,4,237,72.972,186,1000,0.071
skewed-two-way,B7,plain,express,40609,400,0,0,143,31.968,99,1,187,62.3,147,1000,0.064
skewed-two-way,B7,stop1,eta-cost,40600,400,0,0,60,25.108,53,6,126,59.557,105,1000,0.139
skewed-two-way,B7,stop1,eta-cost,40601,400,0,0,64,27.2,56,9,131,63.88,107,1000,0.137
skewed-two-way,B7,stop1,eta-cost,40602,400,0,0,59,21.422,49,2,119,56.555,97,1000,0.127
skewed-two-way,B7,stop1,eta-cost,40603,400,0,0,60,23.99,53,4,120,59.922,104,1000,0.131
skewed-two-way,B7,stop1,eta-cost,40606,400,0,0,57,20.19,47,5,118,55.612,100,1000,0.112
skewed-two-way,B7,stop1,eta-cost,40609,400,0,0,66,24.01,52,9,132,59.877,103,1000,0.123
skewed-two-way,B7,stop1,eta-cost,40604,400,0,0,69,25.948,57,3,141,62.305,108,1000,0.14
skewed-two-way,B7,stop1,eta-cost,40607,400,0,0,69,24.948,54,4,124,61.167,108,1000,0.128
skewed-two-way,B7,stop1,eta-cost,40608,400,0,0,71,25.148,55,3,133,59.517,107,1000,0.126
skewed-two-way,B7,stop1,eta-cost,40605,400,0,0,90,23.453,58,3,138,58.703,106,1000,0.125
skewed-two-way,B7,stop1,eta-cost-fair,40600,400,0,0,59,24.797,51,6,125,58.797,103,1000,0.131
skewed-two-way,B7,stop1,eta-cost-fair,40602,400,0,0,113,20.707,47,2,135,55.763,95,1000,0.129
skewed-two-way,B7,stop1,eta-cost-fair,40601,400,0,0,64,26.44,56,4,129,62.93,105,1000,0.13
skewed-two-way,B7,stop1,eta-cost-fair,40606,400,0,0,57,19.663,45,3,118,54.985,96,1000,0.118
skewed-two-way,B7,stop1,eta-cost-fair,40605,400,0,0,61,23.115,52,7,121,58.385,102,1000,0.117
skewed-two-way,B7,stop1,eta-cost-fair,40609,400,0,0,56,22.297,47,8,123,58.278,100,1000,0.128
skewed-two-way,B7,stop1,eta-cost-fair,40604,400,0,0,68,24.615,52,2,129,60.242,107,1000,0.128
skewed-two-way,B7,stop1,eta-cost-fair,40603,400,0,0,60,23.135,51,3,120,58.873,99,1000,0.135
skewed-two-way,B7,stop1,nearest-car,40600,400,0,0,134,57.188,124,4,198,91.015,176,1000,0.036
skewed-two-way,B7,stop1,nearest-car,40601,400,0,0,266,84.48,152,3,311,120.922,204,1000,0.039
skewed-two-way,B7,stop1,eta-cost-fair,40608,400,0,0,71,26.253,57,3,133,60.557,108,1000,0.132
skewed-two-way,B7,stop1,eta-cost-fair,40607,400,0,0,69,25.585,54,2,122,61.65,104,1000,0.135
skewed-two-way,B7,stop1,nearest-car,40602,400,0,0,250,73.422,147,4,308,108.89,194,1000,0.043
skewed-two-way,B7,stop1,nearest-car,40603,400,0,0,156,62.167,130,4,215,97.98,180,1000,0.041
skewed-two-way,B7,stop1,nearest-car,40604,400,0,0,377,93.29,267,3,439,129.165,308,1000,0.044
skewed-two-way,B7,stop1,nearest-car,40605,400,0,0,245,60.953,131,4,260,96.157,184,1000,0.04
skewed-two-way,B7,stop1,nearest-car,40606,400,0,0,132,48.04,123,4,184,83.245,168,1000,0.038
skewed-two-way,B7,stop1,nearest-car,40608,400,0,0,272,73.79,158,2,338,107.933,224,1000,0.04
skewed-two-way,B7,stop1,nearest-car,40607,400,0,0,384,97.323,267,5,433,133.44,316,1000,0.047
skewed-two-way,B7,stop1,nearest-car,40609,400,0,0,137,57.477,127,3,197,93.33,177,1000,0.044
skewed-two-way,B7,stop1,nearest-car-eta,40600,400,0,0,76,27.155,58,7,139,61.675,108,1000,0.09
skewed-two-way,B7,stop1,nearest-car-eta,40603,400,0,0,61,24.04,52,5,123,60.227,104,1000,0.09
skewed-two-way,B7,stop1,nearest-car-eta,40601,400,0,0,103,24.317,51,3,129,61.233,110,1000,0.089
skewed-two-way,B7,stop1,nearest-car-eta,40605,400,0,0,117,23.035,52,4,135,58.735,106,1000,0.093
skewed-two-way,B7,stop1,nearest-car-eta,40602,400,0,0,76,30.777,62,8,150,66.517,114,1000,0.098
skewed-two-way,B7,stop1,nearest-car-eta,40604,400,0,0,124,24.575,54,4,151,60.892,106,1000,0.088
skewed-two-way,B7,stop1,nearest-car-eta,40606,400,0,0,84,19.655,49,3,130,55.083,100,1000,0.082
skewed-two-way,B7,stop1,nearest-car-eta,40607,400,0,0,88,24.672,52,4,124,61.282,108,1000,0.092
skewed-two-way,B7,stop1,nearest-car-eta,40608,400,0,0,71,24.892,55,3,134,59.458,107,1000,0.093
skewed-two-way,B7,stop1,round-robin,40600,400,0,0,130,56.583,113,5,190,89.71,159,1000,0.036
skewed-two-way,B7,stop1,round-robin,40601,400,0,0,131,60.28,117,7,199,95.935,158,1000,0.043
skewed-two-way,B7,stop1,nearest-car-eta,40609,400,0,0,77,25.575,54,6,139,61.995,107,1000,0.088
skewed-two-way,B7,stop1,round-robin,40602,400,0,0,143,58.432,117,3,186,93.13,165,1000,0.037
skewed-two-way,B7,stop1,round-robin,40604,400,0,0,126,58.623,118,6,186,93.757,164,1000,0.036
skewed-two-way,B7,stop1,round-robin,40606,400,0,0,128,58.075,112,3,180,92.433,152,1000,0.042
skewed-two-way,B7,stop1,round-robin,40605,400,0,0,133,59.18,116,4,193,93.63,156,1000,0.039
skewed-two-way,B7,stop1,round-robin,40603,400,0,0,127,59.25,116,6,194,94.257,159,1000,0.037
skewed-two-way,B7,stop1,round-robin,40607,400,0,0,130,54.938,113,3,195,90.207,156,1000,0.04
skewed-two-way,B7,stop1,round-robin,40608,400,0,0,130,56.23,116,3,180,89.638,159,1000,0.035
skewed-two-way,B7,stop1,round-robin,40609,400,0,0,127,57.95,114,6,187,93.088,155,1000,0.039
skewed-two-way,B7,stop1,zone-based,40601,400,0,0,273,93.62,250,2,341,129.945,295,1000,0.048
skewed-two-way,B7,stop1,zone-based,40602,400,0,0,342,105.73,260,5,392,141.167,312,1000,0.045
skewed-two-way,B7,stop1,zone-based,40600,400,0,0,277,89.138,214,5,341,123.045,256,1000,0.04
skewed-two-way,B7,stop1,zone-based,40604,400,0,0,244,91.12,196,5,299,126.99,251,1000,0.04
skewed-two-way,B7,stop1,zone-based,40606,400,0,0,288,96.168,257,4,344,131.715,292,1000,0.048
skewed-two-way,B7,stop1,zone-based,40603,400,0,0,263,86.95,240,6,320,122.86,269,1000,0.04
skewed-two-way,B7,stop1,zone-based,40605,400,0,0,236,86.892,211,4,297,122.265,255,1000,0.041
skewed-two-way,B7,stop1,zone-based,40609,400,0,0,255,92.172,214,5,315,127.95,262,1000,0.043
skewed-two-way,B7,stop1,zone-based,40607,400,0,0,243,82.983,201,2,272,118.808,244,1000,0.049
skewed-two-way,B7,stop1,zone-based,40608,400,0,0,284,103.205,262,2,348,137.528,307,1000,0.048
skewed-two-way,B7,stop1,express,40600,400,0,0,153,30.08,109,2,208,62.71,163,1000,0.081
skewed-two-way,B7,stop1,express,40602,400,0,0,185,42.18,141,2,239,76.215,199,1000,0.092
skewed-two-way,B7,stop1,express,40601,400,0,0,144,35.67,120,3,211,70.713,175,1000,0.083
skewed-two-way,B7,stop1,express,40606,400,0,0,163,31.668,110,5,221,65.92,164,1000,0.082
skewed-two-way,B7,stop1,express,40605,400,0,0,160,33.163,114,2,226,67.013,169,1000,0.087
interior-hub,B1,plain,eta-cost,50000,400,0,0,51,11.648,29,2,72,26.367,51,2000,0.071
skewed-two-way,B7,stop1,express,40603,400,0,0,164,33.21,117,4,237,67.735,175,1000,0.083
skewed-two-way,B7,stop1,express,40604,400,0,0,178,38.78,129,4,234,73.22,185,1000,0.087
skewed-two-way,B7,stop1,express,40609,400,0,0,169,35.475,123,2,227,70.205,174,1000,0.088
skewed-two-way,B7,stop1,express,40608,400,0,0,174,32.01,111,3,228,65.055,161,1000,0.086
skewed-two-way,B7,stop1,express,40607,400,0,0,261,58.19,200,3,308,93.007,259,1000,0.099
interior-hub,B1,plain,eta-cost,50001,400,0,0,51,11.852,33,1,80,27.22,54,2000,0.076
interior-hub,B1,plain,eta-cost,50005,400,0,0,54,10.238,27,1,80,25.545,50,2000,0.076
interior-hub,B1,plain,eta-cost,50002,400,0,0,57,10.045,28,1,85,25.407,50,2000,0.074
interior-hub,B1,plain,eta-cost,50004,400,0,0,45,10.117,28,1,70,25.17,50,2000,0.073
interior-hub,B1,plain,eta-cost,50003,400,0,0,48,10.49,29,2,71,25.23,50,2000,0.081
interior-hub,B1,plain,eta-cost,50009,400,0,0,53,12.29,32,2,77,28.025,54,2000,0.072
interior-hub,B1,plain,eta-cost,50006,400,0,0,45,10.182,27,1,65,25.668,48,2000,0.073
interior-hub,B1,plain,eta-cost,50007,400,0,0,56,10.885,29,1,79,26.602,51,2000,0.074
interior-hub,B1,plain,eta-cost,50008,400,0,0,57,11.527,29,1,84,26.24,52,2000,0.072
interior-hub,B1,plain,eta-cost-fair,50000,400,0,0,51,11.707,29,2,72,26.427,51,2000,0.075
interior-hub,B1,plain,eta-cost-fair,50002,400,0,0,57,10.082,28,1,85,25.445,51,2000,0.077
interior-hub,B1,plain,eta-cost-fair,50001,400,0,0,51,11.633,31,1,80,27,52,2000,0.075
interior-hub,B1,plain,eta-cost-fair,50004,400,0,0,52,10.38,28,1,70,25.433,52,2000,0.073
interior-hub,B1,plain,eta-cost-fair,50003,400,0,0,48,10.48,29,2,69,25.22,49,2000,0.072
interior-hub,B1,plain,nearest-car,50001,400,0,0,109,29.407,88,2,130,44.775,106,2000,0.049
interior-hub,B1,plain,eta-cost-fair,50005,400,0,0,48,10.318,27,1,74,25.625,50,2000,0.075
interior-hub,B1,plain,eta-cost-fair,50006,400,0,0,45,10.182,27,1,65,25.668,48,2000,0.072
interior-hub,B1,plain,eta-cost-fair,50007,400,0,0,56,10.648,29,1,79,26.365,50,2000,0.073
interior-hub,B1,plain,eta-cost-fair,50008,400,0,0,57,11.56,29,2,84,26.273,52,2000,0.074
interior-hub,B1,plain,nearest-car,50000,400,0,0,111,25.56,81,1,132,40.28,98,2000,0.05
interior-hub,B1,plain,eta-cost-fair,50009,400,0,0,53,11.66,29,2,77,27.395,53,2000,0.074
interior-hub,B1,plain,nearest-car,50002,400,0,0,113,23.195,73,1,142,38.557,90,2000,0.052
interior-hub,B1,plain,nearest-car,50003,400,0,0,103,24.887,87,1,124,39.627,103,2000,0.052
interior-hub,B1,plain,nearest-car,50005,400,0,0,106,25.582,78,2,127,40.89,99,2000,0.051
interior-hub,B1,plain,nearest-car,50004,400,0,0,113,26.615,89,1,133,41.667,106,2000,0.053
interior-hub,B1,plain,nearest-car,50006,400,0,0,110,25.942,76,1,127,41.428,92,2000,0.047
interior-hub,B1,plain,nearest-car,50007,400,0,0,110,25.83,81,1,139,41.547,98,2000,0.051
interior-hub,B1,plain,nearest-car,50008,400,0,0,106,25.578,73,1,127,40.29,91,2000,0.048
interior-hub,B1,plain,nearest-car,50009,400,0,0,113,28.425,84,1,137,44.16,105,2000,0.043
interior-hub,B1,plain,nearest-car-eta,50000,400,0,0,112,13.363,38,1,118,28.082,61,2000,0.062
interior-hub,B1,plain,nearest-car-eta,50001,400,0,0,89,14.26,52,2,110,29.628,68,2000,0.066
interior-hub,B1,plain,nearest-car-eta,50004,400,0,0,83,11.242,29,1,108,26.295,53,2000,0.062
interior-hub,B1,plain,nearest-car-eta,50002,400,0,0,85,12.252,41,2,106,27.615,57,2000,0.066
interior-hub,B1,plain,nearest-car-eta,50003,400,0,0,80,11.637,36,2,98,26.378,55,2000,0.067
interior-hub,B1,plain,nearest-car-eta,50005,400,0,0,95,12.232,33,1,112,27.54,54,2000,0.066
interior-hub,B1,plain,nearest-car-eta,50008,400,0,0,77,11.758,33,2,86,26.47,54,2000,0.065
interior-hub,B1,plain,nearest-car-eta,50006,400,0,0,73,10.66,33,1,82,26.145,54,2000,0.067
interior-hub,B1,plain,nearest-car-eta,50007,400,0,0,55,11.455,31,1,78,27.172,52,2000,0.068
interior-hub,B1,plain,nearest-car-eta,50009,400,0,0,88,14.305,45,2,109,30.04,65,2000,0.064
interior-hub,B1,plain,round-robin,50000,400,0,0,110,33.718,80,1,122,48.438,99,2000,0.051
interior-hub,B1,plain,round-robin,50001,400,0,0,107,36.693,86,1,133,52.06,102,2000,0.053
interior-hub,B1,plain,round-robin,50002,400,0,0,105,30.413,71,1,129,45.775,94,2000,0.053
interior-hub,B1,plain,round-robin,50003,400,0,0,107,31.715,82,3,136,46.455,97,2000,0.051
interior-hub,B1,plain,round-robin,50004,400,0,0,105,31.98,83,1,132,47.032,102,2000,0.054
interior-hub,B1,plain,round-robin,50005,400,0,0,109,35.682,84,2,134,50.99,106,2000,0.051
interior-hub,B1,plain,round-robin,50009,400,0,0,103,39.922,87,3,126,55.657,106,2000,0.048
interior-hub,B1,plain,round-robin,50008,400,0,0,102,32.722,79,1,116,47.435,97,2000,0.051
interior-hub,B1,plain,round-robin,50006,400,0,0,103,32.727,74,1,130,48.212,89,2000,0.052
interior-hub,B1,plain,round-robin,50007,400,0,0,110,35.93,88,2,129,51.648,106,2000,0.058
interior-hub,B1,plain,zone-based,50000,400,0,0,116,34.892,89,1,136,49.612,101,2000,0.051
interior-hub,B1,plain,zone-based,50001,400,0,0,119,37.612,93,5,143,52.98,108,2000,0.048
interior-hub,B1,plain,zone-based,50002,400,0,0,114,31.457,87,2,130,46.82,100,2000,0.051
interior-hub,B1,plain,zone-based,50003,400,0,0,111,31.457,90,2,128,46.197,107,2000,0.051
interior-hub,B1,plain,zone-based,50005,400,0,0,107,36.333,89,3,126,51.64,103,2000,0.054
interior-hub,B1,plain,zone-based,50006,400,0,0,104,35.663,90,1,122,51.148,102,2000,0.054
interior-hub,B1,plain,zone-based,50004,400,0,0,118,36.178,91,1,132,51.23,110,2000,0.055
interior-hub,B1,plain,zone-based,50008,400,0,0,107,35.117,94,3,131,49.83,108,2000,0.057
interior-hub,B1,plain,zone-based,50007,400,0,0,113,37.96,96,3,142,53.678,111,2000,0.056
interior-hub,B1,plain,zone-based,50009,400,0,0,113,33.705,86,2,136,49.44,106,2000,0.049
interior-hub,B1,plain,express,50000,400,0,0,63,15.845,37,2,84,30.565,57,2000,0.071
interior-hub,B1,plain,express,50002,400,0,0,62,16.195,43,2,88,31.558,66,2000,0.075
interior-hub,B1,plain,express,50003,400,0,0,65,16.477,41,1,81,31.218,59,2000,0.075
interior-hub,B1,plain,express,50004,400,0,0,64,14.402,37,1,76,29.455,60,2000,0.076
interior-hub,B1,plain,express,50006,400,0,0,52,13.443,34,1,77,28.927,54,2000,0.071
interior-hub,B1,plain,express,50007,400,0,0,56,15.1,36,1,82,30.817,58,2000,0.077
interior-hub,B1,plain,express,50008,400,0,0,60,14.13,35,1,84,28.843,55,2000,0.07
interior-hub,B1,plain,express,50005,400,0,0,57,15.562,38,1,84,30.87,58,2000,0.07
interior-hub,B1,plain,express,50009,400,0,0,55,17.093,38,2,83,32.828,63,2000,0.078
interior-hub,B1,stop1,eta-cost,50000,400,0,0,67,11.932,33,3,90,28.115,56,2000,0.086
interior-hub,B1,stop1,eta-cost,50001,400,0,0,54,13.082,33,2,85,30.032,56,2000,0.092
interior-hub,B1,stop1,eta-cost,50002,400,0,0,57,10.655,32,2,87,27.465,56,2000,0.084
interior-hub,B1,stop1,eta-cost,50007,400,0,0,51,11.73,30,3,80,28.9,53,2000,0.082
interior-hub,B1,stop1,eta-cost,50005,400,0,0,50,10.67,29,2,76,27.395,54,2000,0.09
interior-hub,B1,stop1,eta-cost,50003,400,0,0,59,12.367,33,2,81,28.61,55,2000,0.077
interior-hub,B1,plain,express,50001,400,0,0,53,15.835,40,1,81,31.203,61,2000,0.066
interior-hub,B1,stop1,eta-cost,50004,400,0,0,73,10.553,30,2,86,27.008,54,2000,0.082
interior-hub,B1,stop1,eta-cost,50006,400,0,0,50,11.713,32,2,77,28.585,55,2000,0.082
interior-hub,B1,stop1,eta-cost,50008,400,0,0,60,12.672,35,2,90,28.902,58,2000,0.085
interior-hub,B1,stop1,eta-cost-fair,50002,400,0,0,57,10.553,32,2,87,27.325,55,2000,0.085
interior-hub,B1,stop1,eta-cost,50009,400,0,0,67,13.883,34,2,94,31.168,59,2000,0.08
interior-hub,B1,stop1,eta-cost-fair,50000,400,0,0,56,12.607,35,2,84,28.8,56,2000,0.08
interior-hub,B1,stop1,eta-cost-fair,50001,400,0,0,60,12.625,34,3,81,29.55,58,2000,0.086
interior-hub,B1,stop1,eta-cost-fair,50004,400,0,0,73,11.375,30,2,85,27.77,57,2000,0.086
interior-hub,B1,stop1,eta-cost-fair,50003,400,0,0,50,12.027,31,2,80,28.262,53,2000,0.089
interior-hub,B1,stop1,eta-cost-fair,50005,400,0,0,50,11.05,29,2,76,27.782,52,2000,0.085
interior-hub,B1,stop1,eta-cost-fair,50006,400,0,0,50,11.38,31,2,74,28.242,54,2000,0.078
interior-hub,B1,stop1,eta-cost-fair,50007,400,0,0,50,11.383,29,2,79,28.55,52,2000,0.084
interior-hub,B1,stop1,eta-cost-fair,50008,400,0,0,59,12.988,34,2,89,29.137,57,2000,0.083
interior-hub,B1,stop1,nearest-car,50000,400,0,0,127,28.677,95,2,147,45.065,114,2000,0.053
interior-hub,B1,stop1,nearest-car,50001,400,0,0,119,33.483,100,3,150,50.597,115,2000,0.052
interior-hub,B1,stop1,eta-cost-fair,50009,400,0,0,68,14.41,33,3,85,31.723,57,2000,0.084
interior-hub,B1,stop1,nearest-car,50002,400,0,0,117,25.5,76,3,143,42.307,98,2000,0.056
interior-hub,B1,stop1,nearest-car,50003,400,0,0,121,27.712,90,2,148,44.078,105,2000,0.052
interior-hub,B1,stop1,nearest-car,50005,400,0,0,119,27.442,86,2,147,44.303,109,2000,0.049
interior-hub,B1,stop1,nearest-car,50004,400,0,0,116,26.4,90,2,146,42.992,107,2000,0.056
interior-hub,B1,stop1,nearest-car,50007,400,0,0,122,30.348,101,3,152,47.633,124,2000,0.049
interior-hub,B1,stop1,nearest-car,50008,400,0,0,125,30.47,94,3,153,46.795,113,2000,0.05
interior-hub,B1,stop1,nearest-car,50006,400,0,0,122,29.365,92,2,149,46.335,108,2000,0.056
interior-hub,B1,stop1,nearest-car,50009,400,0,0,119,32.038,98,2,149,49.435,116,2000,0.05
interior-hub,B1,stop1,nearest-car-eta,50001,400,0,0,98,14.283,44,2,120,31.27,66,2000,0.075
interior-hub,B1,stop1,nearest-car-eta,50000,400,0,0,112,15.523,55,2,120,31.812,73,2000,0.074
interior-hub,B1,stop1,nearest-car-eta,50002,400,0,0,93,12.515,46,2,112,29.302,63,2000,0.073
interior-hub,B1,stop1,round-robin,50000,400,0,0,116,36.633,87,2,135,52.79,108,2000,0.055
interior-hub,B1,stop1,nearest-car-eta,50005,400,0,0,112,13.168,39,2,134,30.008,59,2000,0.068
interior-hub,B1,stop1,nearest-car-eta,50004,400,0,0,71,12.04,37,2,102,28.442,60,2000,0.078
interior-hub,B1,stop1,nearest-car-eta,50003,400,0,0,82,12.92,39,3,93,29.155,63,2000,0.071
interior-hub,B1,stop1,nearest-car-eta,50006,400,0,0,97,14.345,52,2,119,31.265,69,2000,0.076
interior-hub,B1,stop1,nearest-car-eta,50009,400,0,0,76,13.162,33,2,92,30.52,59,2000,0.076
interior-hub,B1,stop1,nearest-car-eta,50007,400,0,0,85,12.252,32,2,92,29.51,58,2000,0.071
interior-hub,B1,stop1,nearest-car-eta,50008,400,0,0,77,14.223,45,2,89,30.43,63,2000,0.069
interior-hub,B1,stop1,round-robin,50001,400,0,0,117,38.74,95,3,146,55.532,115,2000,0.052
interior-hub,B1,stop1,round-robin,50002,400,0,0,113,33.712,81,3,135,50.385,103,2000,0.056
interior-hub,B1,stop1,round-robin,50004,400,0,0,114,37.282,90,2,142,53.672,112,2000,0.052
interior-hub,B1,stop1,round-robin,50006,400,0,0,103,34.653,82,2,120,51.468,99,2000,0.054
interior-hub,B1,stop1,round-robin,50005,400,0,0,115,41.58,95,2,144,58.315,113,2000,0.055
interior-hub,B1,stop1,round-robin,50007,400,0,0,116,38.112,91,2,147,55.175,111,2000,0.055
interior-hub,B1,stop1,round-robin,50009,400,0,0,110,41.465,97,4,132,58.733,116,2000,0.049
interior-hub,B1,stop1,zone-based,50000,400,0,0,139,39.08,103,2,168,56.13,125,2000,0.05
interior-hub,B1,stop1,round-robin,50008,400,0,0,119,37.638,87,3,141,53.735,106,2000,0.055
interior-hub,B1,stop1,zone-based,50001,400,0,0,160,44.053,113,2,173,61.82,131,2000,0.054
interior-hub,B1,stop1,zone-based,50003,400,0,0,125,41.227,108,4,151,58.188,127,2000,0.057
interior-hub,B1,stop1,zone-based,50002,400,0,0,126,34.23,92,2,147,51.755,107,2000,0.056
interior-hub,B1,stop1,zone-based,50005,400,0,0,137,39.6,100,3,160,57.19,119,2000,0.057
interior-hub,B1,stop1,zone-based,50004,400,0,0,147,42.602,105,2,162,59.862,124,2000,0.052
interior-hub,B1,stop1,zone-based,50006,400,0,0,121,40.502,105,2,146,58.362,128,2000,0.06
interior-hub,B1,stop1,zone-based,50007,400,0,0,126,40.932,108,3,151,58.998,121,2000,0.056
interior-hub,B1,stop1,zone-based,50009,400,0,0,142,41.26,105,3,154,59.248,128,2000,0.043
interior-hub,B1,stop1,round-robin,50003,400,0,0,111,36.748,86,2,137,52.883,107,2000,0.057
interior-hub,B1,stop1,zone-based,50008,400,0,0,131,39.19,104,3,153,56.105,115,2000,0.053
interior-hub,B1,stop1,express,50000,400,0,0,62,16.938,41,3,92,33.38,62,2000,0.084
interior-hub,B1,stop1,express,50001,400,0,0,64,18.038,43,3,88,35.175,68,2000,0.086
interior-hub,B1,stop1,express,50004,400,0,0,59,17.308,42,3,85,33.987,67,2000,0.073
interior-hub,B1,stop1,express,50003,400,0,0,65,17.517,41,3,88,33.943,62,2000,0.088
interior-hub,B1,stop1,express,50005,400,0,0,69,18.07,45,2,99,35.013,68,2000,0.084
interior-hub,B1,stop1,express,50002,400,0,0,66,15.658,44,2,97,32.682,70,2000,0.086
interior-hub,B2,plain,eta-cost,50100,200,0,0,57,17.43,40,1,81,31.605,60,2000,0.04
interior-hub,B1,stop1,express,50006,400,0,0,71,16.57,41,3,89,33.625,64,2000,0.08
interior-hub,B1,stop1,express,50008,400,0,0,77,18.145,42,2,95,34.602,66,2000,0.089
interior-hub,B1,stop1,express,50007,400,0,0,64,18.635,45,3,84,36.028,70,2000,0.09
interior-hub,B1,stop1,express,50009,400,0,0,67,18.402,43,2,84,36.055,71,2000,0.088
interior-hub,B2,plain,eta-cost,50101,200,0,0,58,19.125,51,2,87,33.835,68,2000,0.034
interior-hub,B2,plain,eta-cost,50103,200,0,0,83,20.05,49,1,111,35.245,72,2000,0.037
interior-hub,B2,plain,eta-cost,50104,200,0,0,85,19.97,46,2,89,34.46,68,2000,0.031
interior-hub,B2,plain,eta-cost,50105,200,0,0,72,19.585,46,2,99,34.485,70,2000,0.039
interior-hub,B2,plain,eta-cost,50102,200,0,0,87,18.77,47,1,111,34.23,73,2000,0.035
interior-hub,B2,plain,eta-cost,50106,200,0,0,80,21.62,51,4,103,37.14,74,2000,0.034
interior-hub,B2,plain,eta-cost,50107,200,0,0,64,20.655,51,2,91,36.36,75,2000,0.034
interior-hub,B2,plain,eta-cost,50109,200,0,0,75,17.76,41,2,97,32.835,64,2000,0.034
interior-hub,B2,plain,eta-cost,50108,200,0,0,73,19.015,47,2,86,34.84,70,2000,0.035
interior-hub,B2,plain,eta-cost-fair,50100,200,0,0,57,18.015,40,1,81,32.19,60,2000,0.035
interior-hub,B2,plain,eta-cost-fair,50101,200,0,0,58,20.53,51,2,76,35.24,67,2000,0.036
interior-hub,B2,plain,eta-cost-fair,50104,200,0,0,85,19.49,42,2,89,33.98,64,2000,0.034
interior-hub,B2,plain,eta-cost-fair,50103,200,0,0,69,20.61,49,1,87,35.805,71,2000,0.034
interior-hub,B2,plain,eta-cost-fair,50102,200,0,0,87,18.575,46,1,111,34.035,60,2000,0.038
interior-hub,B2,plain,eta-cost-fair,50106,200,0,0,80,21.62,51,4,103,37.14,74,2000,0.035
interior-hub,B2,plain,eta-cost-fair,50105,200,0,0,59,20.61,47,3,87,35.51,68,2000,0.035
interior-hub,B2,plain,eta-cost-fair,50107,200,0,0,80,19.63,51,2,107,35.335,69,2000,0.035
interior-hub,B2,plain,nearest-car,50100,200,0,0,95,27.985,76,2,122,42.16,94,2000,0.031
interior-hub,B2,plain,eta-cost-fair,50108,200,0,0,79,19.47,48,2,97,35.295,71,2000,0.038
interior-hub,B2,plain,eta-cost-fair,50109,200,0,0,75,17.77,43,2,97,32.845,64,2000,0.037
interior-hub,B2,plain,nearest-car,50104,200,0,0,108,34.675,86,2,121,49.165,100,2000,0.029
interior-hub,B2,plain,nearest-car,50101,200,0,0,110,26.88,73,2,122,41.59,92,2000,0.026
interior-hub,B2,plain,nearest-car,50105,200,0,0,96,25.56,68,1,116,40.46,82,2000,0.028
interior-hub,B2,plain,nearest-car,50102,200,0,0,100,24.67,64,1,116,40.13,80,2000,0.029
interior-hub,B2,plain,nearest-car,50103,200,0,0,94,29.79,81,1,122,44.985,99,2000,0.026
interior-hub,B2,plain,nearest-car,50106,200,0,0,104,30.035,88,4,132,45.555,100,2000,0.028
interior-hub,B2,plain,nearest-car,50107,200,0,0,103,31.8,87,1,132,47.505,104,2000,0.029
interior-hub,B2,plain,nearest-car-eta,50100,200,0,0,96,20.835,50,1,98,35.01,71,2000,0.028
interior-hub,B2,plain,nearest-car,50108,200,0,0,107,30.09,80,1,132,45.915,101,2000,0.029
interior-hub,B2,plain,nearest-car,50109,200,0,0,101,27.57,70,1,109,42.645,87,2000,0.026
interior-hub,B2,plain,nearest-car-eta,50101,200,0,0,107,22.46,56,2,130,37.17,73,2000,0.033
interior-hub,B2,plain,nearest-car-eta,50103,200,0,0,110,22.99,71,1,121,38.185,87,2000,0.032
interior-hub,B2,plain,nearest-car-eta,50104,200,0,0,108,23.055,56,2,117,37.545,71,2000,0.034
interior-hub,B2,plain,nearest-car-eta,50108,200,0,0,99,21.95,66,2,120,37.775,82,2000,0.039
interior-hub,B2,plain,nearest-car-eta,50102,200,0,0,79,20.485,54,1,91,35.945,72,2000,0.036
interior-hub,B2,plain,nearest-car-eta,50107,200,0,0,106,26.87,80,2,136,42.575,89,2000,0.028
interior-hub,B2,plain,nearest-car-eta,50105,200,0,0,96,20.99,54,1,118,35.89,73,2000,0.033
interior-hub,B2,plain,nearest-car-eta,50106,200,0,0,95,23.16,61,2,110,38.68,78,2000,0.027
interior-hub,B2,plain,nearest-car-eta,50109,200,0,0,93,20.755,53,1,122,35.83,69,2000,0.037
interior-hub,B2,plain,round-robin,50100,200,0,0,109,29.85,71,1,137,44.025,87,2000,0.031
interior-hub,B2,plain,round-robin,50104,200,0,0,104,38.23,87,5,118,52.72,105,2000,0.03
interior-hub,B2,plain,round-robin,50102,200,0,0,108,34.14,84,1,135,49.6,99,2000,0.034
interior-hub,B2,plain,round-robin,50101,200,0,0,108,34.635,82,3,121,49.345,99,2000,0.03
interior-hub,B2,plain,round-robin,50105,200,0,0,111,33.05,81,1,136,47.95,103,2000,0.024
interior-hub,B2,plain,round-robin,50103,200,0,0,101,35.745,75,1,124,50.94,94,2000,0.026
interior-hub,B2,plain,round-robin,50106,200,0,0,107,40.095,91,8,127,55.615,108,2000,0.023
interior-hub,B2,plain,zone-based,50101,200,0,0,113,34.1,83,4,135,48.81,98,2000,0.023
interior-hub,B2,plain,round-robin,50107,200,0,0,114,39.315,89,4,135,55.02,109,2000,0.03
interior-hub,B2,plain,zone-based,50102,200,0,0,101,33.6,82,4,112,49.06,97,2000,0.032
interior-hub,B2,plain,round-robin,50108,200,0,0,105,35.305,82,6,133,51.13,103,2000,0.031
interior-hub,B2,plain,zone-based,50100,200,0,1,111,31.535,79,6,139,45.71,94,2000,0.025
interior-hub,B2,plain,zone-based,50103,200,0,0,110,32.775,87,3,140,47.97,103,2000,0.027
interior-hub,B2,plain,round-robin,50109,200,0,0,95,34.86,79,2,118,49.935,95,2000,0.031
interior-hub,B2,plain,zone-based,50107,200,0,0,105,30.99,77,4,119,46.695,95,2000,0.024
interior-hub,B2,plain,zone-based,50104,200,0,0,108,39.295,95,4,123,53.785,109,2000,0.03
interior-hub,B2,plain,zone-based,50109,200,0,0,107,32.61,83,2,131,47.685,99,2000,0.026
interior-hub,B2,plain,zone-based,50105,200,0,0,115,31.275,86,4,139,46.175,102,2000,0.035
interior-hub,B2,plain,zone-based,50108,200,0,0,113,34.275,89,6,133,50.1,108,2000,0.029
interior-hub,B2,plain,zone-based,50106,200,0,0,111,35.91,87,5,127,51.43,104,2000,0.028
interior-hub,B2,plain,express,50100,200,0,0,104,45.575,93,5,126,59.75,110,2000,0.044
interior-hub,B2,plain,express,50101,200,0,1,116,50.055,96,4,127,64.765,112,2000,0.037
interior-hub,B2,plain,express,50102,200,0,0,113,44.355,88,2,122,59.815,104,2000,0.043
interior-hub,B2,plain,express,50103,200,0,0,142,47.32,95,4,172,62.515,113,2000,0.037
interior-hub,B2,plain,express,50105,200,0,0,116,46.34,92,4,138,61.24,110,2000,0.04
interior-hub,B2,plain,express,50104,200,0,0,108,47.77,98,1,129,62.26,112,2000,0.037
interior-hub,B2,plain,express,50106,200,0,0,114,50.67,100,8,132,66.19,118,2000,0.039
interior-hub,B2,plain,express,50107,200,0,0,147,50.605,101,5,153,66.31,119,2000,0.039
interior-hub,B2,plain,express,50108,200,0,0,109,47.23,97,9,125,63.055,115,2000,0.04
interior-hub,B2,plain,express,50109,200,0,0,113,49.755,96,2,132,64.83,115,2000,0.034
interior-hub,B2,stop1,eta-cost,50100,200,0,0,60,19.88,45,3,85,35.505,71,2000,0.036
interior-hub,B2,stop1,eta-cost,50101,200,0,0,78,22.29,57,2,96,38.42,75,2000,0.043
interior-hub,B2,stop1,eta-cost,50103,200,0,0,77,21.445,49,2,89,38.175,73,2000,0.036
interior-hub,B2,stop1,eta-cost,50106,200,0,0,67,22.555,50,3,97,39.65,78,2000,0.039
interior-hub,B2,stop1,eta-cost,50104,200,0,0,78,21.19,49,4,94,37.19,74,2000,0.038
interior-hub,B2,stop1,eta-cost,50102,200,0,0,84,20.715,44,2,106,37.63,65,2000,0.043
interior-hub,B2,stop1,eta-cost,50105,200,0,0,79,20.105,51,2,107,36.38,69,2000,0.04
interior-hub,B2,stop1,eta-cost,50107,200,0,0,96,23.745,59,3,125,41.04,83,2000,0.037
interior-hub,B2,stop1,eta-cost,50108,200,0,0,87,22.855,54,5,95,40.09,76,2000,0.04
interior-hub,B2,stop1,eta-cost,50109,200,0,0,81,20.16,52,2,108,36.66,71,2000,0.04
interior-hub,B2,stop1,eta-cost-fair,50100,200,0,0,60,19.935,45,3,85,35.555,71,2000,0.039
interior-hub,B2,stop1,eta-cost-fair,50104,200,0,0,73,20.84,47,3,91,36.835,68,2000,0.035
interior-hub,B2,stop1,eta-cost-fair,50101,200,0,0,64,22.34,55,2,83,38.55,74,2000,0.039
interior-hub,B2,stop1,eta-cost-fair,50106,200,0,0,76,21.935,51,3,107,39.01,76,2000,0.039
interior-hub,B2,stop1,eta-cost-fair,50103,200,0,0,77,21.445,49,2,89,38.175,73,2000,0.042
interior-hub,B2,stop1,eta-cost-fair,50102,200,0,0,66,21.355,47,2,95,38.205,66,2000,0.038
interior-hub,B2,stop1,eta-cost-fair,50105,200,0,0,84,20.52,51,2,105,36.82,71,2000,0.041
interior-hub,B2,stop1,eta-cost-fair,50108,200,0,0,71,21.81,51,4,101,39.055,76,2000,0.041
interior-hub,B2,stop1,eta-cost-fair,50109,200,0,0,81,20.545,49,2,108,36.975,75,2000,0.039
interior-hub,B2,stop1,eta-cost-fair,50107,200,0,0,96,24.22,58,3,125,41.49,81,2000,0.039
interior-hub,B2,stop1,nearest-car,50100,200,0,0,104,28.95,83,3,129,44.72,105,2000,0.029
interior-hub,B2,stop1,nearest-car,50104,200,0,0,111,38.995,94,3,126,55.1,109,2000,0.026
interior-hub,B2,stop1,nearest-car,50103,200,0,0,117,37.71,94,4,130,54.49,116,2000,0.032
interior-hub,B2,stop1,nearest-car,50101,200,0,0,108,31.48,88,3,137,47.755,101,2000,0.025
interior-hub,B2,stop1,nearest-car,50105,200,0,0,114,30.375,94,3,146,46.805,118,2000,0.029
interior-hub,B2,stop1,nearest-car,50102,200,0,0,120,34.685,88,4,143,51.69,104,2000,0.033
interior-hub,B2,stop1,nearest-car,50106,200,0,0,112,33.135,79,4,143,50.17,99,2000,0.025
interior-hub,B2,stop1,nearest-car,50107,200,0,0,112,35.46,92,3,127,52.86,116,2000,0.027
interior-hub,B2,stop1,nearest-car,50108,200,0,0,117,36.565,104,3,144,53.9,120,2000,0.034
interior-hub,B2,stop1,nearest-car-eta,50101,200,0,0,92,26.33,70,2,120,42.51,89,2000,0.036
interior-hub,B2,stop1,nearest-car-eta,50102,200,0,0,85,23.475,61,2,95,40.425,79,2000,0.037
interior-hub,B2,stop1,nearest-car,50109,200,0,0,118,29.93,91,2,137,46.485,109,2000,0.03
interior-hub,B2,stop1,nearest-car-eta,50100,200,0,0,92,20.69,58,2,115,36.385,73,2000,0.035
interior-hub,B2,stop1,nearest-car-eta,50103,200,0,0,97,24.795,80,2,128,41.585,92,2000,0.034
interior-hub,B2,stop1,round-robin,50100,200,0,0,112,36.02,84,2,134,51.57,100,2000,0.033
interior-hub,B2,stop1,nearest-car-eta,50104,200,0,0,124,24.65,62,3,152,40.66,83,2000,0.034
interior-hub,B2,stop1,nearest-car-eta,50109,200,0,0,106,23.615,59,3,116,40.19,84,2000,0.039
interior-hub,B2,stop1,nearest-car-eta,50106,200,0,0,87,23.23,55,3,116,40.35,82,2000,0.037
interior-hub,B2,stop1,nearest-car-eta,50105,200,0,0,95,23.265,69,2,122,39.62,81,2000,0.032
interior-hub,B2,stop1,nearest-car-eta,50108,200,0,0,102,23.585,66,4,130,40.83,86,2000,0.033
interior-hub,B2,stop1,round-robin,50101,200,0,0,116,40.865,92,8,137,56.995,114,2000,0.03
interior-hub,B2,stop1,nearest-car-eta,50107,200,0,0,105,25.6,72,2,135,42.93,84,2000,0.036
interior-hub,B2,stop1,round-robin,50104,200,0,0,111,38.725,89,2,133,54.75,105,2000,0.023
interior-hub,B2,stop1,round-robin,50106,200,0,0,112,45.09,101,10,138,62.115,118,2000,0.03
interior-hub,B2,stop1,round-robin,50102,200,0,0,113,33.79,87,4,126,50.635,106,2000,0.025
interior-hub,B2,stop1,round-robin,50105,200,0,0,106,37.02,90,3,133,53.26,106,2000,0.031
interior-hub,B2,stop1,round-robin,50107,200,0,0,121,39.17,95,6,145,56.38,113,2000,0.036
interior-hub,B2,stop1,round-robin,50103,200,0,0,118,39.535,84,3,139,56.235,102,2000,0.027
interior-hub,B2,stop1,round-robin,50109,200,0,0,107,39.35,95,2,132,55.835,109,2000,0.027
interior-hub,B2,stop1,round-robin,50108,200,0,0,116,38.04,89,2,138,55.3,108,2000,0.025
interior-hub,B2,stop1,zone-based,50101,200,0,0,122,37.29,98,5,145,53.76,109,2000,0.023
interior-hub,B2,stop1,zone-based,50100,200,0,0,111,38.8,88,2,136,54.84,112,2000,0.035
interior-hub,B2,stop1,zone-based,50102,200,0,0,102,34.695,87,8,117,52.015,106,2000,0.03
interior-hub,B2,stop1,zone-based,50103,200,0,0,126,38.665,100,5,152,55.83,116,2000,0.034
interior-hub,B2,stop1,zone-based,50104,200,0,0,121,43.535,107,7,145,60.1,121,2000,0.026
interior-hub,B2,stop1,zone-based,50105,200,0,0,121,35.785,95,2,138,52.56,111,2000,0.025
interior-hub,B2,stop1,zone-based,50107,200,0,0,123,35.785,95,2,149,53.565,115,2000,0.024
interior-hub,B2,stop1,zone-based,50106,200,0,0,116,41.97,103,5,146,59.645,120,2000,0.032
interior-hub,B2,stop1,zone-based,50109,200,0,0,126,39.365,94,2,143,56.275,110,2000,0.028
interior-hub,B2,stop1,zone-based,50108,200,0,0,101,36.605,86,5,130,54.24,102,2000,0.031
interior-hub,B2,stop1,express,50100,200,0,0,130,53.835,113,4,163,70.32,130,2000,0.049
interior-hub,B2,stop1,express,50101,200,0,0,132,58.97,116,2,155,75.985,136,2000,0.049
interior-hub,B2,stop1,express,50103,200,0,0,172,56.46,114,7,181,73.97,133,2000,0.039
interior-hub,B2,stop1,express,50104,200,0,0,146,54.335,108,6,150,71.265,124,2000,0.049
interior-hub,B2,stop1,express,50102,200,0,0,126,57.695,109,8,142,75.405,130,2000,0.049
interior-hub,B2,stop1,express,50105,200,0,0,130,50.945,113,5,157,67.98,133,2000,0.048
interior-hub,B2,stop1,express,50106,200,0,0,129,56.385,113,10,156,74.425,135,2000,0.042
interior-hub,B2,stop1,express,50107,200,0,0,205,60.27,113,4,212,78.35,136,2000,0.045
interior-hub,B2,stop1,express,50109,200,0,0,119,54.96,104,7,146,72.215,125,2000,0.047
interior-hub,B2,stop1,express,50108,200,0,0,208,53.735,108,8,213,71.84,129,2000,0.047
interior-hub,B3,plain,eta-cost,50201,800,0,0,59,6.151,18,1,89,21.425,40,2000,0.179
interior-hub,B3,plain,eta-cost,50200,800,0,0,41,5.742,18,1,63,20.441,41,2000,0.169
interior-hub,B3,plain,eta-cost,50203,800,0,0,57,6.359,18,1,85,21.975,41,2000,0.176
interior-hub,B3,plain,eta-cost,50204,800,0,0,57,6.361,19,1,85,21.42,40,2000,0.18
interior-hub,B3,plain,eta-cost,50202,800,0,0,66,6.674,18,1,89,21.858,40,2000,0.169
interior-hub,B3,plain,eta-cost,50206,800,0,0,51,6.058,18,1,69,20.99,40,2000,0.17
interior-hub,B3,plain,eta-cost,50205,800,0,0,52,6.596,19,1,77,21.796,42,2000,0.177
interior-hub,B3,plain,eta-cost,50207,800,0,0,51,6.369,20,1,73,21.668,42,2000,0.17
interior-hub,B3,plain,eta-cost,50208,800,0,0,38,6.44,19,1,63,21.611,41,2000,0.176
interior-hub,B3,plain,eta-cost,50209,800,0,0,66,7.634,21,1,86,23.215,42,2000,0.169
interior-hub,B3,plain,eta-cost-fair,50200,800,0,0,41,5.764,17,1,63,20.462,40,2000,0.174
interior-hub,B3,plain,eta-cost-fair,50201,800,0,0,59,6.055,17,1,89,21.329,39,2000,0.163
interior-hub,B3,plain,eta-cost-fair,50203,800,0,0,57,6.447,18,1,85,22.064,41,2000,0.176
interior-hub,B3,plain,eta-cost-fair,50202,800,0,0,52,6.44,18,1,75,21.624,40,2000,0.168
interior-hub,B3,plain,eta-cost-fair,50205,800,0,0,52,6.251,19,1,77,21.451,41,2000,0.18
interior-hub,B3,plain,eta-cost-fair,50206,800,0,0,47,6.232,19,1,65,21.165,40,2000,0.177
interior-hub,B3,plain,eta-cost-fair,50204,800,0,0,57,6.258,19,1,85,21.316,40,2000,0.176
interior-hub,B3,plain,eta-cost-fair,50207,800,0,0,51,6.45,21,1,73,21.749,40,2000,0.175
interior-hub,B3,plain,eta-cost-fair,50208,800,0,0,38,6.29,19,1,63,21.461,40,2000,0.172
interior-hub,B3,plain,eta-cost-fair,50209,800,0,0,66,8.081,22,2,86,23.663,43,2000,0.178
interior-hub,B3,plain,nearest-car,50201,800,0,0,109,23.95,89,1,138,39.224,105,2000,0.094
interior-hub,B3,plain,nearest-car,50200,800,0,0,105,19.651,77,1,133,34.35,95,2000,0.095
interior-hub,B3,plain,nearest-car,50208,800,0,0,119,22.859,80,1,147,38.03,97,2000,0.095
interior-hub,B3,plain,nearest-car,50204,800,0,0,112,21.746,80,1,136,36.805,96,2000,0.09
interior-hub,B3,plain,nearest-car,50202,800,0,0,113,23.241,80,1,140,38.425,97,2000,0.086
interior-hub,B3,plain,nearest-car,50205,800,0,0,115,19.233,76,1,138,34.432,90,2000,0.089
interior-hub,B3,plain,nearest-car,50203,800,0,0,141,24.692,89,1,169,40.309,104,2000,0.094
interior-hub,B3,plain,nearest-car,50206,800,0,0,114,19.196,73,1,142,34.129,87,2000,0.097
interior-hub,B3,plain,nearest-car,50207,800,0,0,152,21.569,81,1,179,36.867,90,2000,0.086
interior-hub,B3,plain,nearest-car,50209,800,0,0,115,22.146,78,1,139,37.727,96,2000,0.097
interior-hub,B3,plain,nearest-car-eta,50200,800,0,0,85,7.551,26,1,99,22.25,47,2000,0.143
interior-hub,B3,plain,nearest-car-eta,50202,800,0,0,74,7.787,24,1,89,22.971,46,2000,0.151
interior-hub,B3,plain,nearest-car-eta,50203,800,0,0,80,8.406,28,1,99,24.023,48,2000,0.149
interior-hub,B3,plain,nearest-car-eta,50204,800,0,0,102,7.559,25,1,128,22.617,46,2000,0.146
interior-hub,B3,plain,nearest-car-eta,50201,800,0,0,77,7.314,23,1,101,22.587,44,2000,0.152
interior-hub,B3,plain,nearest-car-eta,50207,800,0,0,81,8.696,32,1,99,23.995,50,2000,0.154
interior-hub,B3,plain,nearest-car-eta,50206,800,0,0,84,7.522,23,1,104,22.455,44,2000,0.146
interior-hub,B3,plain,round-robin,50200,800,0,0,105,34.288,76,1,132,48.986,96,2000,0.095
interior-hub,B3,plain,nearest-car-eta,50205,800,0,0,87,7.322,23,1,105,22.523,44,2000,0.136
interior-hub,B3,plain,nearest-car-eta,50209,800,0,0,81,7.862,22,1,102,23.444,43,2000,0.146
interior-hub,B3,plain,nearest-car-eta,50208,800,0,0,75,7.864,26,1,92,23.035,50,2000,0.159
interior-hub,B3,plain,round-robin,50201,800,0,0,111,34.015,79,1,140,49.289,99,2000,0.096
interior-hub,B3,plain,round-robin,50207,800,0,0,107,34.16,81,2,133,49.459,95,2000,0.092
interior-hub,B3,plain,round-robin,50204,800,0,0,104,33.296,74,1,129,48.355,93,2000,0.093
interior-hub,B3,plain,round-robin,50202,800,0,0,114,32.858,78,1,138,48.041,97,2000,0.098
interior-hub,B3,plain,round-robin,50208,800,0,0,105,33.72,79,1,131,48.891,95,2000,0.096
interior-hub,B3,plain,round-robin,50203,800,0,0,105,35.084,80,1,130,50.7,97,2000,0.085
interior-hub,B3,plain,round-robin,50206,800,0,0,115,33.695,82,2,137,48.627,103,2000,0.101
interior-hub,B3,plain,round-robin,50209,800,0,0,111,37.359,88,2,133,52.94,108,2000,0.096
interior-hub,B3,plain,zone-based,50200,800,0,0,122,32.784,94,1,149,47.483,111,2000,0.101
interior-hub,B3,plain,zone-based,50201,800,0,0,136,34.26,99,1,147,49.534,117,2000,0.098
interior-hub,B3,plain,zone-based,50202,800,0,0,139,32.557,90,3,146,47.741,106,2000,0.098
interior-hub,B3,plain,zone-based,50204,800,0,0,154,33.01,97,1,175,48.069,110,2000,0.1
interior-hub,B3,plain,zone-based,50203,800,0,0,151,33.362,94,1,173,48.979,110,2000,0.095
interior-hub,B3,plain,zone-based,50205,800,0,0,160,33.819,98,1,189,49.019,113,2000,0.098
interior-hub,B3,plain,zone-based,50206,800,0,0,142,33.471,99,1,144,48.404,113,2000,0.095
interior-hub,B3,plain,zone-based,50208,800,0,0,170,32.477,93,1,172,47.649,109,2000,0.099
interior-hub,B3,plain,zone-based,50207,800,0,0,140,32.616,96,1,164,47.915,113,2000,0.098
interior-hub,B3,plain,round-robin,50205,800,0,0,108,35.821,83,1,136,51.021,102,2000,0.105
interior-hub,B3,plain,zone-based,50209,800,0,0,139,35.69,99,1,152,51.271,118,2000,0.096
interior-hub,B3,plain,express,50201,800,0,0,59,8.543,22,1,89,23.816,42,2000,0.167
interior-hub,B3,plain,express,50200,800,0,0,41,8.71,23,2,64,23.409,43,2000,0.164
interior-hub,B3,plain,express,50202,800,0,0,66,8.623,24,1,89,23.806,45,2000,0.162
interior-hub,B3,plain,express,50203,800,0,0,57,8.58,23,1,85,24.196,46,2000,0.169
interior-hub,B3,plain,express,50204,800,0,0,57,8.404,22,1,85,23.462,44,2000,0.163
interior-hub,B3,plain,express,50207,800,0,0,51,8.486,25,1,73,23.785,46,2000,0.168
interior-hub,B3,plain,express,50206,800,0,0,55,8.524,23,1,70,23.456,43,2000,0.164
interior-hub,B3,plain,express,50209,800,0,0,66,8.93,23,1,86,24.511,45,2000,0.17
interior-hub,B3,plain,express,50208,800,0,0,44,8.544,24,1,72,23.715,47,2000,0.17
interior-hub,B3,stop1,eta-cost,50200,800,0,0,54,6.651,21,2,81,22.935,44,2000,0.206
interior-hub,B3,plain,express,50205,800,0,0,52,8.887,24,1,77,24.087,47,2000,0.17
interior-hub,B3,stop1,eta-cost,50202,800,0,0,72,7.075,21,2,98,23.775,45,2000,0.212
interior-hub,B3,stop1,eta-cost,50203,800,0,0,60,6.941,21,2,92,24.113,46,2000,0.205
interior-hub,B3,stop1,eta-cost,50204,800,0,0,63,6.98,22,2,93,23.576,45,2000,0.211
interior-hub,B3,stop1,eta-cost,50205,800,0,0,58,7.286,21,2,84,24.027,46,2000,0.207
interior-hub,B3,stop1,eta-cost,50206,800,0,0,54,6.518,20,2,74,22.955,43,2000,0.193
interior-hub,B3,stop1,eta-cost,50201,800,0,0,66,6.716,20,2,101,23.53,45,2000,0.208
interior-hub,B3,stop1,eta-cost,50208,800,0,0,45,7.147,23,2,75,23.848,47,2000,0.207
interior-hub,B3,stop1,eta-cost,50207,800,0,0,55,6.694,22,2,85,23.526,45,2000,0.206
interior-hub,B3,stop1,eta-cost,50209,800,0,0,58,8.037,22,2,80,25.275,44,2000,0.208
interior-hub,B3,stop1,eta-cost-fair,50200,800,0,0,39,6.683,19,2,66,22.898,42,2000,0.199
interior-hub,B3,stop1,eta-cost-fair,50201,800,0,0,64,6.906,19,2,98,23.707,42,2000,0.208
interior-hub,B3,stop1,nearest-car,50200,800,0,0,171,24.615,87,2,178,40.984,104,2000,0.095
interior-hub,B3,stop1,eta-cost-fair,50203,800,0,0,59,7.207,21,2,91,24.319,45,2000,0.208
interior-hub,B3,stop1,eta-cost-fair,50202,800,0,0,54,7.696,23,2,78,24.34,46,2000,0.202
interior-hub,B3,stop1,eta-cost-fair,50205,800,0,0,58,6.513,18,2,84,23.164,43,2000,0.201
interior-hub,B3,stop1,eta-cost-fair,50207,800,0,0,55,7.379,22,2,83,24.151,45,2000,0.218
interior-hub,B3,stop1,eta-cost-fair,50208,800,0,0,41,7.1,22,2,65,23.754,46,2000,0.213
interior-hub,B3,stop1,eta-cost-fair,50204,800,0,0,63,6.93,21,2,93,23.47,43,2000,0.209
interior-hub,B3,stop1,nearest-car,50201,800,0,0,181,27.098,96,2,188,44.055,115,2000,0.097
interior-hub,B3,stop1,eta-cost-fair,50206,800,0,0,54,7.086,21,2,74,23.517,44,2000,0.202
interior-hub,B3,stop1,nearest-car,50202,800,0,0,120,25.449,87,2,145,42.193,110,2000,0.098
interior-hub,B3,stop1,eta-cost-fair,50209,800,0,0,52,7.87,21,2,73,25.058,44,2000,0.208
interior-hub,B3,stop1,nearest-car,50205,800,0,0,126,26.099,90,2,151,42.939,106,2000,0.097
interior-hub,B3,stop1,nearest-car,50204,800,0,0,130,23.71,94,2,154,40.438,108,2000,0.093
interior-hub,B3,stop1,nearest-car,50203,800,0,0,176,26.619,95,2,209,43.985,111,2000,0.094
interior-hub,B3,stop1,nearest-car,50207,800,0,0,185,26.839,92,2,215,43.855,114,2000,0.091
interior-hub,B3,stop1,nearest-car,50206,800,0,0,120,22.962,74,2,147,39.523,94,2000,0.096
interior-hub,B3,stop1,nearest-car,50209,800,0,0,130,26.745,92,2,150,44.039,107,2000,0.096
interior-hub,B3,stop1,nearest-car,50208,800,0,0,150,23.78,91,2,162,40.551,109,2000,0.096
interior-hub,B3,stop1,nearest-car-eta,50200,800,0,0,89,7.6,27,2,115,23.941,49,2000,0.17
interior-hub,B3,stop1,nearest-car-eta,50201,800,0,0,73,7.494,23,2,101,24.375,45,2000,0.167
interior-hub,B3,stop1,nearest-car-eta,50205,800,0,0,92,7.957,24,2,109,24.741,48,2000,0.18
interior-hub,B3,stop1,nearest-car-eta,50203,800,0,0,88,7.96,27,2,104,25.189,48,2000,0.172
interior-hub,B3,stop1,nearest-car-eta,50202,800,0,0,98,8.098,29,2,125,24.887,51,2000,0.17
interior-hub,B3,stop1,nearest-car-eta,50204,800,0,0,80,8.35,29,2,110,25.024,52,2000,0.178
interior-hub,B3,stop1,nearest-car-eta,50206,800,0,0,87,7.62,24,2,99,24.179,47,2000,0.175
interior-hub,B3,stop1,nearest-car-eta,50207,800,0,0,91,8.63,32,2,114,25.495,52,2000,0.177
interior-hub,B3,stop1,nearest-car-eta,50208,800,0,0,81,7.216,25,2,96,23.97,48,2000,0.167
interior-hub,B3,stop1,round-robin,50200,800,0,0,116,37.195,88,5,146,53.275,103,2000,0.1
interior-hub,B3,stop1,nearest-car-eta,50209,800,0,0,81,8.516,25,2,111,25.856,48,2000,0.171
interior-hub,B3,stop1,round-robin,50201,800,0,0,117,38.095,87,2,145,54.791,107,2000,0.094
interior-hub,B3,stop1,round-robin,50202,800,0,0,118,37.208,85,4,146,53.78,107,2000,0.101
interior-hub,B3,stop1,round-robin,50204,800,0,0,114,37.09,84,3,129,53.54,105,2000,0.098
interior-hub,B3,stop1,round-robin,50203,800,0,0,115,38.176,83,3,139,55.148,101,2000,0.1
interior-hub,B3,stop1,round-robin,50205,800,0,0,118,39.684,88,2,138,56.261,110,2000,0.099
interior-hub,B3,stop1,round-robin,50206,800,0,0,116,36.5,88,3,133,52.805,109,2000,0.1
interior-hub,B3,stop1,round-robin,50208,800,0,0,120,36.803,86,2,148,53.322,107,2000,0.099
interior-hub,B3,stop1,zone-based,50200,800,0,0,159,35.672,109,2,186,52.519,125,2000,0.099
interior-hub,B3,stop1,round-robin,50207,800,0,0,119,36.716,83,4,135,53.428,102,2000,0.09
interior-hub,B3,stop1,round-robin,50209,800,0,0,121,40.824,96,2,142,57.834,116,2000,0.092
interior-hub,B3,stop1,zone-based,50201,800,0,0,186,38.395,110,2,210,55.73,131,2000,0.095
interior-hub,B3,stop1,zone-based,50204,800,0,0,152,36.119,109,2,174,53.325,128,2000,0.099
interior-hub,B3,stop1,zone-based,50203,800,0,0,156,35.804,101,3,178,53.56,123,2000,0.101
interior-hub,B3,stop1,zone-based,50202,800,0,0,152,36.889,108,3,171,54.201,123,2000,0.107
interior-hub,B3,stop1,zone-based,50207,800,0,0,170,36.407,108,3,185,53.779,123,2000,0.099
interior-hub,B3,stop1,zone-based,50206,800,0,0,160,37.025,108,2,192,54.195,127,2000,0.098
interior-hub,B3,stop1,zone-based,50205,800,0,0,153,35.61,103,2,183,52.867,125,2000,0.105
interior-hub,B3,stop1,zone-based,50209,800,0,0,158,38.275,109,4,179,56.041,131,2000,0.102
interior-hub,B3,stop1,zone-based,50208,800,0,0,161,36.459,107,2,186,53.785,127,2000,0.109
interior-hub,B3,stop1,express,50200,800,0,0,54,10.428,27,2,84,26.872,50,2000,0.207
interior-hub,B3,stop1,express,50201,800,0,0,66,9.989,26,2,101,27.076,51,2000,0.206
interior-hub,B4,plain,eta-cost,50300,400,0,0,24,5.067,14,1,38,12.8,25,1000,0.049
interior-hub,B3,stop1,express,50202,800,0,0,72,9.9,26,2,96,26.759,50,2000,0.206
interior-hub,B3,stop1,express,50204,800,0,0,63,9.721,26,2,93,26.497,49,2000,0.217
interior-hub,B3,stop1,express,50205,800,0,0,62,9.83,27,2,84,26.725,49,2000,0.208
interior-hub,B3,stop1,express,50206,800,0,0,54,9.021,22,2,74,25.805,46,2000,0.191
interior-hub,B3,stop1,express,50203,800,0,0,60,10.238,27,2,92,27.587,52,2000,0.207
interior-hub,B3,stop1,express,50207,800,0,0,60,10.047,30,2,85,27.091,53,2000,0.178
interior-hub,B4,plain,eta-cost,50301,400,0,0,27,5.795,15,1,39,13.525,27,1000,0.049
interior-hub,B3,stop1,express,50208,800,0,0,52,9.526,27,2,81,26.457,52,2000,0.204
interior-hub,B4,plain,eta-cost,50302,400,0,0,22,5.152,14,1,32,12.78,26,1000,0.047
interior-hub,B3,stop1,express,50209,800,0,0,58,10.309,27,2,80,27.706,50,2000,0.197
interior-hub,B4,plain,eta-cost,50303,400,0,0,21,5.385,14,1,33,12.895,25,1000,0.049
interior-hub,B4,plain,eta-cost,50305,400,0,0,25,5.67,14,1,39,13.377,28,1000,0.043
interior-hub,B4,plain,eta-cost,50304,400,0,0,29,5.128,15,1,41,12.695,28,1000,0.051
interior-hub,B4,plain,eta-cost-fair,50300,400,0,0,26,4.832,13,1,40,12.565,25,1000,0.05
interior-hub,B4,plain,eta-cost,50307,400,0,0,33,5.048,13,1,38,12.498,24,1000,0.043
interior-hub,B4,plain,eta-cost,50306,400,0,0,28,5.478,15,1,42,13.295,27,1000,0.051
interior-hub,B4,plain,eta-cost,50309,400,0,0,27,5.022,14,1,40,12.758,27,1000,0.056
interior-hub,B4,plain,eta-cost,50308,400,0,0,34,5.39,14,1,41,12.935,27,1000,0.049
interior-hub,B4,plain,eta-cost-fair,50301,400,0,0,25,5.832,15,1,39,13.562,27,1000,0.05
interior-hub,B4,plain,eta-cost-fair,50302,400,0,0,22,4.952,14,1,32,12.58,26,1000,0.049
interior-hub,B4,plain,eta-cost-fair,50303,400,0,0,21,5.402,14,1,33,12.912,25,1000,0.054
interior-hub,B4,plain,nearest-car,50300,400,0,0,55,12.338,39,1,69,20.07,47,1000,0.027
interior-hub,B4,plain,eta-cost-fair,50304,400,0,0,29,5.022,14,1,41,12.59,25,1000,0.044
interior-hub,B4,plain,eta-cost-fair,50305,400,0,0,25,5.34,14,1,38,13.047,27,1000,0.049
interior-hub,B4,plain,eta-cost-fair,50306,400,0,0,28,5.228,15,1,42,13.045,26,1000,0.051
interior-hub,B4,plain,eta-cost-fair,50307,400,0,0,33,5.048,13,1,38,12.498,24,1000,0.05
interior-hub,B4,plain,nearest-car,50301,400,0,0,50,12.262,38,1,62,19.992,47,1000,0.025
interior-hub,B4,plain,nearest-car,50302,400,0,0,57,12.287,41,1,65,19.915,50,1000,0.023
interior-hub,B4,plain,eta-cost-fair,50308,400,0,0,24,5.08,14,1,36,12.625,26,1000,0.049
interior-hub,B4,plain,eta-cost-fair,50309,400,0,0,27,5.202,14,1,40,12.938,26,1000,0.051
interior-hub,B4,plain,nearest-car,50305,400,0,0,57,12.41,36,1,68,20.117,43,1000,0.024
interior-hub,B4,plain,nearest-car,50304,400,0,0,50,10.967,32,1,61,18.535,44,1000,0.029
interior-hub,B4,plain,nearest-car,50303,400,0,0,54,10.84,33,1,65,18.35,42,1000,0.025
interior-hub,B4,plain,nearest-car,50308,400,0,0,56,11.685,39,1,71,19.23,47,1000,0.026
interior-hub,B4,plain,nearest-car,50307,400,0,0,57,11.505,39,1,69,18.955,48,1000,0.026
interior-hub,B4,plain,nearest-car,50306,400,0,0,54,11.745,39,1,69,19.562,47,1000,0.025
interior-hub,B4,plain,nearest-car,50309,400,0,0,54,8.842,32,1,67,16.578,42,1000,0.025
interior-hub,B4,plain,nearest-car-eta,50300,400,0,0,56,5.798,16,1,60,13.53,28,1000,0.046
interior-hub,B4,plain,nearest-car-eta,50302,400,0,0,55,6.81,24,1,62,14.438,31,1000,0.041
interior-hub,B4,plain,nearest-car-eta,50301,400,0,0,40,6.617,22,1,54,14.348,30,1000,0.044
interior-hub,B4,plain,nearest-car-eta,50303,400,0,0,37,5.75,17,1,43,13.26,26,1000,0.044
interior-hub,B4,plain,nearest-car-eta,50306,400,0,0,36,5.857,18,1,50,13.675,29,1000,0.043
interior-hub,B4,plain,nearest-car-eta,50304,400,0,0,35,5.747,18,1,43,13.315,28,1000,0.042
interior-hub,B4,plain,nearest-car-eta,50309,400,0,0,41,5.935,18,1,53,13.67,28,1000,0.046
interior-hub,B4,plain,nearest-car-eta,50305,400,0,0,41,6.612,24,1,53,14.32,31,1000,0.046
interior-hub,B4,plain,nearest-car-eta,50308,400,0,0,43,6.245,19,1,58,13.79,29,1000,0.038
interior-hub,B4,plain,nearest-car-eta,50307,400,0,0,35,6.188,19,1,48,13.637,28,1000,0.042
interior-hub,B4,plain,round-robin,50300,400,0,0,55,16.75,42,2,64,24.483,48,1000,0.027
interior-hub,B4,plain,round-robin,50301,400,0,0,54,18.47,43,1,65,26.2,53,1000,0.025
interior-hub,B4,plain,round-robin,50302,400,0,0,54,16.86,42,1,64,24.488,50,1000,0.029
interior-hub,B4,plain,round-robin,50303,400,0,0,52,18.06,42,3,65,25.57,50,1000,0.031
interior-hub,B4,plain,round-robin,50306,400,0,0,51,15.825,41,1,62,23.642,51,1000,0.026
interior-hub,B4,plain,round-robin,50304,400,0,0,51,16.293,39,1,59,23.86,48,1000,0.027
interior-hub,B4,plain,round-robin,50307,400,0,0,53,14.697,35,2,58,22.148,44,1000,0.025
interior-hub,B4,plain,round-robin,50308,400,0,0,51,16.445,40,2,61,23.99,50,1000,0.024
interior-hub,B4,plain,round-robin,50305,400,0,0,52,16.72,38,2,65,24.427,47,1000,0.03
interior-hub,B4,plain,round-robin,50309,400,0,0,53,15.617,39,1,65,23.352,49,1000,0.026
interior-hub,B4,plain,zone-based,50301,400,0,0,55,16.812,45,1,70,24.543,54,1000,0.029
interior-hub,B4,plain,zone-based,50300,400,0,0,55,17.157,48,1,67,24.89,55,1000,0.028
interior-hub,B4,plain,zone-based,50302,400,0,0,66,19.012,47,2,75,26.64,54,1000,0.029
interior-hub,B4,plain,zone-based,50303,400,0,0,56,17.753,45,1,64,25.262,53,1000,0.028
interior-hub,B4,plain,zone-based,50305,400,0,0,55,17.852,44,1,64,25.56,51,1000,0.029
interior-hub,B4,plain,zone-based,50308,400,0,0,54,17.71,47,2,66,25.255,52,1000,0.025
interior-hub,B4,plain,zone-based,50304,400,0,0,50,16.512,43,2,62,24.08,49,1000,0.03
interior-hub,B4,plain,zone-based,50307,400,0,0,58,16.642,45,2,70,24.093,52,1000,0.029
interior-hub,B4,plain,zone-based,50306,400,0,0,57,17.11,47,1,68,24.927,53,1000,0.027
interior-hub,B4,plain,zone-based,50309,400,0,0,56,16.7,43,1,67,24.435,51,1000,0.031
interior-hub,B4,plain,express,50300,400,0,0,37,7.395,19,1,51,15.127,29,1000,0.046
interior-hub,B4,plain,express,50302,400,0,0,34,7.577,18,1,38,15.205,29,1000,0.049
interior-hub,B4,plain,express,50307,400,0,0,32,7.585,21,1,41,15.035,30,1000,0.049
interior-hub,B4,plain,express,50301,400,0,0,31,8.125,20,1,43,15.855,32,1000,0.05
interior-hub,B4,plain,express,50303,400,0,0,29,7.445,18,1,41,14.955,29,1000,0.051
interior-hub,B4,plain,express,50305,400,0,0,28,7.322,17,1,43,15.03,30,1000,0.047
interior-hub,B4,plain,express,50306,400,0,0,29,8.01,20,1,42,15.828,30,1000,0.048
interior-hub,B4,plain,express,50308,400,0,0,33,8.078,20,1,43,15.623,31,1000,0.048
interior-hub,B4,plain,express,50304,400,0,0,29,7.692,18,1,41,15.26,30,1000,0.051
interior-hub,B4,plain,express,50309,400,0,0,27,7.065,19,1,40,14.8,30,1000,0.05
interior-hub,B4,stop1,eta-cost,50302,400,0,0,38,6.883,18,2,44,16.032,31,1000,0.063
interior-hub,B4,stop1,eta-cost,50300,400,0,0,31,5.947,16,2,47,15.125,29,1000,0.062
interior-hub,B4,stop1,eta-cost,50304,400,0,0,32,5.75,17,2,45,14.807,29,1000,0.065
interior-hub,B4,stop1,eta-cost,50301,400,0,0,25,6.83,18,2,40,16.032,31,1000,0.059
interior-hub,B4,stop1,eta-cost,50303,400,0,0,31,6.58,16,2,40,15.588,29,1000,0.063
interior-hub,B4,stop1,eta-cost,50306,400,0,0,30,6.045,18,2,45,15.273,31,1000,0.061
interior-hub,B4,stop1,eta-cost,50307,400,0,0,30,6.018,16,2,44,14.925,28,1000,0.064
interior-hub,B4,stop1,eta-cost,50305,400,0,0,26,6.987,18,2,43,16.175,31,1000,0.054
interior-hub,B4,stop1,eta-cost,50308,400,0,0,25,7.003,19,2,42,16.137,31,1000,0.065
interior-hub,B4,stop1,eta-cost,50309,400,0,0,29,6.577,18,2,46,15.738,32,1000,0.06
interior-hub,B4,stop1,eta-cost-fair,50300,400,0,0,28,6.395,17,2,44,15.533,30,1000,0.062
interior-hub,B4,stop1,eta-cost-fair,50301,400,0,0,28,6.705,17,2,42,15.928,29,1000,0.052
interior-hub,B4,stop1,eta-cost-fair,50304,400,0,0,33,6.44,16,2,46,15.42,31,1000,0.062
interior-hub,B4,stop1,eta-cost-fair,50303,400,0,0,31,6.565,15,2,43,15.572,28,1000,0.062
interior-hub,B4,stop1,eta-cost-fair,50306,400,0,0,29,6.55,17,2,43,15.762,30,1000,0.065
interior-hub,B4,stop1,eta-cost-fair,50305,400,0,0,30,7.062,18,2,44,16.168,31,1000,0.063
interior-hub,B4,stop1,nearest-car,50300,400,0,0,66,14.688,48,2,77,23.977,58,1000,0.027
interior-hub,B4,stop1,eta-cost-fair,50307,400,0,0,24,6.395,16,2,37,15.27,28,1000,0.057
interior-hub,B4,stop1,nearest-car,50301,400,0,0,64,14.953,45,2,76,24.233,56,1000,0.028
interior-hub,B4,stop1,eta-cost-fair,50308,400,0,0,32,6.982,19,2,45,16.032,31,1000,0.066
interior-hub,B4,stop1,eta-cost-fair,50309,400,0,0,27,6.065,17,2,44,15.248,30,1000,0.057
interior-hub,B4,stop1,nearest-car,50303,400,0,0,72,17.235,54,2,89,26.448,64,1000,0.029
interior-hub,B4,stop1,nearest-car,50302,400,0,0,69,14.902,50,2,82,24.255,59,1000,0.028
interior-hub,B4,stop1,nearest-car,50304,400,0,0,59,12.207,33,2,74,21.332,44,1000,0.029
interior-hub,B4,stop1,nearest-car,50305,400,0,0,69,15.86,49,2,82,25.19,61,1000,0.028
interior-hub,B4,stop1,nearest-car,50308,400,0,0,66,14.92,47,2,75,24.128,57,1000,0.029
interior-hub,B4,stop1,nearest-car,50306,400,0,0,62,14.495,45,2,74,23.885,57,1000,0.027
interior-hub,B4,stop1,nearest-car,50307,400,0,0,65,14.685,46,2,76,23.677,55,1000,0.028
interior-hub,B4,stop1,nearest-car,50309,400,0,0,74,14.412,49,2,78,23.8,62,1000,0.03
interior-hub,B4,stop1,nearest-car-eta,50300,400,0,0,43,7.105,25,2,58,16.42,34,1000,0.049
interior-hub,B4,stop1,nearest-car-eta,50301,400,0,0,54,7.565,22,2,65,16.85,34,1000,0.052
interior-hub,B4,stop1,nearest-car-eta,50302,400,0,0,54,7.838,28,2,63,17.087,36,1000,0.055
interior-hub,B4,stop1,nearest-car-eta,50303,400,0,0,48,6.968,22,2,64,16.04,33,1000,0.05
interior-hub,B4,stop1,nearest-car-eta,50304,400,0,0,45,7.303,25,2,58,16.37,35,1000,0.05
interior-hub,B4,stop1,nearest-car-eta,50305,400,0,0,50,9.07,28,2,65,18.32,39,1000,0.052
interior-hub,B4,stop1,nearest-car-eta,50307,400,0,0,65,7.115,24,2,70,16.102,33,1000,0.047
interior-hub,B4,stop1,nearest-car-eta,50306,400,0,0,52,7.338,24,2,66,16.665,36,1000,0.051
interior-hub,B4,stop1,eta-cost-fair,50302,400,0,0,26,6.808,18,2,41,15.925,31,1000,0.064
interior-hub,B4,stop1,nearest-car-eta,50308,400,0,0,53,8.56,31,2,70,17.745,40,1000,0.054
interior-hub,B4,stop1,round-robin,50300,400,0,0,62,20.43,47,2,71,29.598,56,1000,0.028
interior-hub,B4,stop1,round-robin,50301,400,0,0,64,22.615,52,3,76,31.808,64,1000,0.029
interior-hub,B4,stop1,round-robin,50303,400,0,0,63,20.683,50,2,78,29.68,59,1000,0.028
interior-hub,B4,stop1,round-robin,50302,400,0,0,64,22.198,50,2,82,31.288,61,1000,0.028
interior-hub,B4,stop1,round-robin,50305,400,0,0,64,20.793,48,3,75,29.933,57,1000,0.029
interior-hub,B4,stop1,round-robin,50304,400,0,0,57,19.027,44,4,68,27.98,54,1000,0.031
interior-hub,B4,stop1,round-robin,50306,400,0,0,59,18.65,46,3,74,27.885,54,1000,0.027
interior-hub,B4,stop1,nearest-car-eta,50309,400,0,0,63,6.95,23,2,77,16.238,34,1000,0.049
interior-hub,B4,stop1,round-robin,50307,400,0,0,60,19.448,49,2,71,28.325,56,1000,0.03
interior-hub,B4,stop1,round-robin,50308,400,0,0,63,21.63,50,2,82,30.628,58,1000,0.026
interior-hub,B4,stop1,round-robin,50309,400,0,0,62,17.955,45,2,75,27.135,54,1000,0.029
interior-hub,B4,stop1,zone-based,50302,400,0,0,82,22.33,62,3,98,32.175,70,1000,0.031
interior-hub,B4,stop1,zone-based,50301,400,0,0,76,21.18,58,2,94,31.163,69,1000,0.027
interior-hub,B4,stop1,zone-based,50300,400,0,0,70,20.657,58,2,87,30.488,70,1000,0.031
interior-hub,B4,stop1,zone-based,50304,400,0,0,72,21.075,58,2,83,30.875,68,1000,0.032
interior-hub,B4,stop1,zone-based,50303,400,0,0,81,22.835,64,2,94,32.68,73,1000,0.028
interior-hub,B4,stop1,zone-based,50306,400,0,0,70,21.715,58,2,80,31.695,68,1000,0.033
interior-hub,B4,stop1,zone-based,50305,400,0,0,67,21.168,59,2,83,30.983,68,1000,0.029
interior-hub,B4,stop1,zone-based,50308,400,0,0,84,22.017,58,2,99,31.867,67,1000,0.025
interior-hub,B4,stop1,zone-based,50307,400,0,0,72,21.358,57,2,81,30.95,69,1000,0.024
interior-hub,B4,stop1,zone-based,50309,400,0,0,67,22.535,56,3,80,32.443,67,1000,0.034
interior-hub,B4,stop1,express,50306,400,0,0,38,10.905,25,3,51,20.442,39,1000,0.069
interior-hub,B4,stop1,express,50302,400,0,0,46,9.555,22,2,62,18.995,35,1000,0.059
interior-hub,B4,stop1,express,50300,400,0,0,44,10.16,23,2,55,19.598,35,1000,0.067
interior-hub,B4,stop1,express,50304,400,0,0,34,10.015,23,2,48,19.26,37,1000,0.063
interior-hub,B4,stop1,express,50305,400,0,0,35,10.582,26,2,49,19.942,36,1000,0.065
interior-hub,B4,stop1,express,50301,400,0,0,36,10.227,23,2,48,19.688,37,1000,0.065
interior-hub,B4,stop1,express,50303,400,0,0,42,10.877,25,2,56,20.185,37,1000,0.062
interior-hub,B4,stop1,express,50307,400,0,0,46,9.535,23,3,60,18.645,33,1000,0.062
interior-hub,B4,stop1,express,50309,400,0,0,34,8.912,24,2,50,18.325,37,1000,0.058
interior-hub,B4,stop1,express,50308,400,0,0,49,10.393,26,2,64,19.77,37,1000,0.069
interior-hub,B5,plain,eta-cost,50401,400,0,0,99,17.988,49,1,136,42.837,91,3333,0.102
interior-hub,B5,plain,eta-cost,50400,400,0,0,97,19.707,53,2,129,45.422,92,3333,0.102
interior-hub,B5,plain,eta-cost,50405,400,0,0,82,20.655,51,1,121,45.837,93,3333,0.104
interior-hub,B5,plain,eta-cost,50406,400,0,0,77,19.105,47,2,122,45.153,85,3333,0.101
interior-hub,B5,plain,eta-cost,50404,400,0,0,79,17.067,47,1,124,41.98,84,3333,0.102
interior-hub,B5,plain,eta-cost,50402,400,0,0,80,18.637,52,2,121,44.655,88,3333,0.109
interior-hub,B5,plain,eta-cost,50409,400,0,0,85,18.18,49,1,116,43.953,88,3333,0.1
interior-hub,B5,plain,eta-cost,50407,400,0,0,92,17.385,47,1,128,42.392,81,3333,0.104
interior-hub,B5,plain,eta-cost,50408,400,0,0,84,18.762,48,2,115,44.068,87,3333,0.105
interior-hub,B5,plain,eta-cost-fair,50401,400,0,0,90,18.2,53,2,136,43.05,92,3333,0.105
interior-hub,B5,plain,eta-cost-fair,50400,400,0,0,97,19.312,49,2,129,45.028,90,3333,0.114
interior-hub,B5,plain,eta-cost,50403,400,0,0,109,16.55,46,1,145,41.708,85,3333,0.108
interior-hub,B5,plain,eta-cost-fair,50403,400,0,0,85,16.918,47,1,130,42.075,86,3333,0.108
interior-hub,B5,plain,eta-cost-fair,50402,400,0,0,86,18.145,49,2,119,44.163,84,3333,0.105
interior-hub,B5,plain,eta-cost-fair,50404,400,0,0,79,17.185,46,1,124,42.097,83,3333,0.102
interior-hub,B5,plain,eta-cost-fair,50405,400,0,0,82,20.805,51,1,120,45.987,93,3333,0.107
interior-hub,B5,plain,eta-cost-fair,50406,400,0,0,77,19.277,47,2,122,45.325,85,3333,0.106
interior-hub,B5,plain,eta-cost-fair,50407,400,0,0,92,17.558,47,1,128,42.565,81,3333,0.103
interior-hub,B5,plain,eta-cost-fair,50408,400,0,0,86,18.707,49,2,115,44.013,88,3333,0.105
interior-hub,B5,plain,nearest-car,50403,400,0,0,178,39.005,129,2,206,64.162,154,3333,0.086
interior-hub,B5,plain,nearest-car,50401,400,0,0,189,39.1,124,2,215,63.95,152,3333,0.087
interior-hub,B5,plain,nearest-car,50400,400,0,0,195,40.8,129,2,217,66.515,152,3333,0.094
interior-hub,B5,plain,nearest-car,50402,400,0,0,190,49.642,146,1,235,75.66,175,3333,0.082
interior-hub,B5,plain,nearest-car,50404,400,0,0,186,36.523,114,1,228,61.435,149,3333,0.077
interior-hub,B5,plain,nearest-car,50405,400,0,0,183,46.165,145,2,217,71.347,175,3333,0.078
interior-hub,B5,plain,nearest-car,50408,400,0,0,191,40.877,137,3,214,66.183,162,3333,0.08
interior-hub,B5,plain,nearest-car,50407,400,0,0,183,48.525,150,1,223,73.532,174,3333,0.082
interior-hub,B5,plain,eta-cost-fair,50409,400,0,0,85,18.383,50,1,124,44.155,88,3333,0.102
interior-hub,B5,plain,nearest-car,50406,400,0,0,182,45.805,159,2,223,71.853,189,3333,0.084
interior-hub,B5,plain,nearest-car-eta,50405,400,0,0,156,23.863,78,1,187,49.045,101,3333,0.096
interior-hub,B5,plain,nearest-car-eta,50402,400,0,0,129,20.843,69,2,170,46.86,99,3333,0.095
interior-hub,B5,plain,nearest-car-eta,50401,400,0,0,136,21.867,70,1,157,46.718,106,3333,0.099
interior-hub,B5,plain,nearest-car-eta,50403,400,0,0,147,20.148,64,2,168,45.305,103,3333,0.098
interior-hub,B5,plain,nearest-car-eta,50404,400,0,0,160,20.767,57,1,200,45.68,96,3333,0.097
interior-hub,B5,plain,nearest-car-eta,50406,400,0,0,170,22.5,69,2,211,48.547,99,3333,0.099
interior-hub,B5,plain,nearest-car-eta,50407,400,0,0,139,19.698,53,1,175,44.705,85,3333,0.095
interior-hub,B5,plain,nearest-car-eta,50408,400,0,0,137,21.18,57,2,177,46.485,96,3333,0.089
interior-hub,B5,plain,nearest-car,50409,400,0,0,181,46.428,149,2,212,72.2,182,3333,0.082
interior-hub,B5,plain,nearest-car-eta,50400,400,0,0,129,21.598,73,2,148,47.312,109,3333,0.105
interior-hub,B5,plain,round-robin,50401,400,0,0,188,55.96,140,2,222,80.81,167,3333,0.092
interior-hub,B5,plain,round-robin,50400,400,0,0,178,56.907,143,2,222,82.623,175,3333,0.092
interior-hub,B5,plain,round-robin,50403,400,0,0,169,53.947,127,2,203,79.105,154,3333,0.084
interior-hub,B5,plain,round-robin,50402,400,0,0,183,64.82,151,1,216,90.838,180,3333,0.089
interior-hub,B5,plain,nearest-car-eta,50409,400,0,0,133,19.935,63,1,166,45.708,96,3333,0.097
interior-hub,B5,plain,round-robin,50406,400,0,0,179,57.6,140,2,217,83.647,166,3333,0.082
interior-hub,B5,plain,round-robin,50404,400,0,0,171,55.275,139,2,219,80.188,168,3333,0.082
interior-hub,B5,plain,round-robin,50405,400,0,0,188,58.017,138,4,204,83.2,170,3333,0.086
interior-hub,B5,plain,round-robin,50407,400,0,0,186,55.758,138,2,211,80.765,166,3333,0.088
interior-hub,B5,plain,round-robin,50408,400,0,0,181,59.288,133,3,228,84.593,172,3333,0.081
interior-hub,B5,plain,round-robin,50409,400,0,0,178,57.502,145,3,220,83.275,178,3333,0.083
interior-hub,B5,plain,zone-based,50402,400,0,0,195,58.917,152,4,222,84.935,179,3333,0.086
interior-hub,B5,plain,zone-based,50400,400,0,0,197,52.85,147,7,221,78.565,166,3333,0.088
interior-hub,B5,plain,zone-based,50401,400,0,0,181,51.375,152,3,219,76.225,174,3333,0.084
interior-hub,B5,plain,zone-based,50404,400,0,0,218,54.49,148,5,246,79.403,173,3333,0.084
interior-hub,B5,plain,zone-based,50406,400,0,0,221,61.883,166,7,246,87.93,194,3333,0.084
interior-hub,B5,plain,zone-based,50403,400,0,0,187,55.093,144,3,220,80.25,164,3333,0.091
interior-hub,B5,plain,zone-based,50405,400,0,0,189,60.84,152,4,222,86.022,178,3333,0.082
interior-hub,B5,plain,zone-based,50407,400,0,0,209,65.353,164,4,225,90.36,195,3333,0.089
interior-hub,B5,plain,zone-based,50408,400,0,0,193,56.502,149,7,214,81.808,174,3333,0.077
interior-hub,B5,plain,zone-based,50409,400,0,0,194,55.72,150,5,226,81.493,175,3333,0.075
interior-hub,B5,plain,express,50400,400,0,0,118,28.645,75,1,161,54.36,108,3333,0.116
interior-hub,B5,plain,express,50401,400,0,0,134,27.445,74,1,184,52.295,109,3333,0.109
interior-hub,B5,plain,express,50404,400,0,0,106,25.203,65,2,135,50.115,100,3333,0.101
interior-hub,B5,plain,express,50402,400,0,0,111,27.85,71,4,150,53.867,108,3333,0.102
interior-hub,B5,plain,express,50405,400,0,0,109,25.462,60,1,132,50.645,95,3333,0.106
interior-hub,B5,plain,express,50403,400,0,0,113,27.305,65,3,149,52.462,104,3333,0.106
interior-hub,B5,plain,express,50406,400,0,0,112,26.11,59,3,151,52.157,101,3333,0.111
interior-hub,B5,plain,express,50407,400,0,0,111,27.672,69,4,147,52.68,101,3333,0.094
interior-hub,B5,plain,express,50408,400,0,0,138,26.753,62,2,153,52.057,97,3333,0.107
interior-hub,B5,plain,express,50409,400,0,0,111,25.448,58,1,129,51.22,97,3333,0.111
interior-hub,B5,stop1,eta-cost,50400,400,0,0,100,20.012,52,3,136,47.17,89,3333,0.104
interior-hub,B5,stop1,eta-cost,50401,400,0,0,100,20.23,56,3,139,46.538,92,3333,0.113
interior-hub,B5,stop1,eta-cost,50403,400,0,0,112,17.163,48,3,150,43.705,90,3333,0.119
interior-hub,B5,stop1,eta-cost,50406,400,0,0,84,19.875,48,3,132,47.41,89,3333,0.12
interior-hub,B5,stop1,eta-cost,50402,400,0,0,82,19.48,51,3,123,46.983,89,3333,0.116
interior-hub,B5,stop1,eta-cost,50404,400,0,0,106,18.992,51,3,149,45.278,89,3333,0.114
interior-hub,B5,stop1,eta-cost,50405,400,0,0,86,21.848,57,3,126,48.602,96,3333,0.117
interior-hub,B5,stop1,eta-cost,50407,400,0,0,84,18.76,49,3,130,45.24,88,3333,0.113
interior-hub,B5,stop1,eta-cost,50408,400,0,0,86,19.395,50,3,119,46.157,90,3333,0.111
interior-hub,B5,stop1,eta-cost,50409,400,0,0,90,18.955,48,2,112,46.242,88,3333,0.114
interior-hub,B5,stop1,eta-cost-fair,50401,400,0,0,93,19.802,53,3,146,46.102,89,3333,0.114
interior-hub,B5,stop1,eta-cost-fair,50402,400,0,0,82,19.19,51,3,125,46.675,88,3333,0.116
interior-hub,B5,stop1,eta-cost-fair,50400,400,0,0,100,20.468,52,3,126,47.627,89,3333,0.118
interior-hub,B5,stop1,eta-cost-fair,50404,400,0,0,100,18.51,48,3,137,44.82,89,3333,0.111
interior-hub,B5,stop1,eta-cost-fair,50403,400,0,0,112,17.242,48,3,150,43.788,89,3333,0.116
interior-hub,B5,stop1,eta-cost-fair,50405,400,0,0,79,21.497,55,3,126,48.21,97,3333,0.119
interior-hub,B5,stop1,eta-cost-fair,50406,400,0,0,69,21.082,50,4,113,48.557,91,3333,0.116
interior-hub,B5,stop1,eta-cost-fair,50407,400,0,0,106,20.328,51,2,139,46.797,91,3333,0.115
interior-hub,B5,stop1,eta-cost-fair,50408,400,0,0,102,20.87,55,3,121,47.623,93,3333,0.11
interior-hub,B5,stop1,eta-cost-fair,50409,400,0,0,90,18.64,47,2,112,45.907,88,3333,0.106
interior-hub,B5,stop1,nearest-car,50401,400,0,0,281,36.733,120,2,324,63.13,140,3333,0.09
interior-hub,B5,stop1,nearest-car,50402,400,0,0,203,50.46,164,4,250,78.065,201,3333,0.087
interior-hub,B5,stop1,nearest-car,50404,400,0,0,192,40.465,118,2,239,66.903,141,3333,0.088
interior-hub,B5,stop1,nearest-car,50400,400,0,0,197,45.718,143,2,247,72.955,174,3333,0.093
interior-hub,B5,stop1,nearest-car,50405,400,0,0,197,50.675,158,3,239,77.498,190,3333,0.087
interior-hub,B5,stop1,nearest-car,50403,400,0,0,192,44.365,145,4,231,71.002,178,3333,0.073
interior-hub,B5,stop1,nearest-car,50406,400,0,0,199,47.182,149,2,225,74.695,170,3333,0.082
interior-hub,B5,stop1,nearest-car,50408,400,0,0,206,46.205,159,3,245,73.142,194,3333,0.079
interior-hub,B5,stop1,nearest-car,50407,400,0,0,202,47.608,147,2,232,74.105,174,3333,0.089
interior-hub,B5,stop1,nearest-car,50409,400,0,0,184,50.935,150,2,222,78.297,179,3333,0.072
interior-hub,B5,stop1,nearest-car-eta,50400,400,0,0,135,20.948,67,3,158,48.097,102,3333,0.096
interior-hub,B5,stop1,nearest-car-eta,50404,400,0,0,164,22.378,64,2,202,48.705,95,3333,0.108
interior-hub,B5,stop1,nearest-car-eta,50403,400,0,0,155,20.95,61,2,179,47.523,98,3333,0.109
interior-hub,B5,stop1,nearest-car-eta,50401,400,0,0,163,24.727,81,2,212,51.07,117,3333,0.104
interior-hub,B5,stop1,nearest-car-eta,50405,400,0,0,158,25.242,76,3,192,51.975,110,3333,0.107
interior-hub,B5,stop1,nearest-car-eta,50402,400,0,0,135,21.922,68,3,177,49.398,99,3333,0.113
interior-hub,B5,stop1,nearest-car-eta,50406,400,0,0,141,22.365,60,2,166,49.965,102,3333,0.103
interior-hub,B5,stop1,nearest-car-eta,50408,400,0,0,143,24.4,72,3,185,51.24,102,3333,0.107
interior-hub,B5,stop1,nearest-car-eta,50407,400,0,0,137,21.337,58,2,180,47.898,93,3333,0.104
interior-hub,B5,stop1,nearest-car-eta,50409,400,0,0,120,18.933,53,2,145,46.205,90,3333,0.102
interior-hub,B5,stop1,round-robin,50400,400,0,0,189,61.883,146,3,222,88.935,183,3333,0.085
interior-hub,B5,stop1,round-robin,50405,400,0,0,187,63.18,147,7,206,89.77,175,3333,0.087
interior-hub,B5,stop1,round-robin,50402,400,0,0,192,66.612,156,2,229,93.995,184,3333,0.091
interior-hub,B5,stop1,round-robin,50401,400,0,0,182,60.295,146,6,232,86.517,172,3333,0.09
interior-hub,B5,stop1,round-robin,50403,400,0,0,177,57.938,131,3,218,84.425,165,3333,0.096
interior-hub,B5,stop1,round-robin,50404,400,0,0,194,60,148,3,246,86.252,180,3333,0.093
interior-hub,B5,stop1,round-robin,50406,400,0,0,187,59.74,146,3,236,87.17,178,3333,0.085
interior-hub,B5,stop1,round-robin,50407,400,0,0,192,61.083,141,2,221,87.455,171,3333,0.092
interior-hub,B5,stop1,round-robin,50409,400,0,0,177,60.21,153,2,214,87.392,184,3333,0.071
interior-hub,B5,stop1,round-robin,50408,400,0,0,193,70.483,151,6,239,97.265,184,3333,0.071
interior-hub,B5,stop1,zone-based,50400,400,0,0,212,65.06,167,4,237,92.993,196,3333,0.096
interior-hub,B5,stop1,zone-based,50401,400,0,0,203,56.475,163,3,251,83.39,184,3333,0.079
interior-hub,B5,stop1,zone-based,50402,400,0,0,211,65.58,170,7,248,93.915,202,3333,0.092
interior-hub,B5,stop1,zone-based,50405,400,0,0,197,63.833,163,3,238,91.438,191,3333,0.084
interior-hub,B5,stop1,zone-based,50403,400,0,0,212,63.375,165,7,235,90.748,192,3333,0.089
interior-hub,B5,stop1,zone-based,50404,400,0,0,193,59.52,162,2,241,86.625,187,3333,0.086
interior-hub,B5,stop1,zone-based,50406,400,0,0,247,63.903,168,5,256,92.218,199,3333,0.085
interior-hub,B5,stop1,zone-based,50407,400,0,0,240,69.983,181,6,283,97.345,212,3333,0.086
interior-hub,B5,stop1,zone-based,50408,400,0,0,197,65.75,163,8,223,93.332,193,3333,0.082
interior-hub,B5,stop1,zone-based,50409,400,0,0,210,57.922,161,4,249,85.983,187,3333,0.083
interior-hub,B5,stop1,express,50400,400,0,0,133,29.062,73,3,160,56.443,111,3333,0.118
interior-hub,B5,stop1,express,50401,400,0,0,137,30.54,78,3,162,57.14,117,3333,0.115
interior-hub,B5,stop1,express,50402,400,0,0,145,32.035,75,3,169,59.745,115,3333,0.129
interior-hub,B5,stop1,express,50404,400,0,0,111,29.275,68,3,152,55.843,107,3333,0.118
interior-hub,B5,stop1,express,50403,400,0,0,117,26.863,62,4,155,53.6,101,3333,0.114
interior-hub,B5,stop1,express,50406,400,0,0,107,29.83,70,2,139,57.615,103,3333,0.118
interior-hub,B5,stop1,express,50405,400,0,0,117,30.795,73,4,167,57.767,109,3333,0.112
interior-hub,B5,stop1,express,50407,400,0,0,121,28.915,74,3,169,55.6,104,3333,0.115
interior-hub,B5,stop1,express,50408,400,0,0,110,28.42,68,5,145,55.487,101,3333,0.113
interior-hub,B5,stop1,express,50409,400,0,0,96,28.75,70,2,149,56.25,108,3333,0.118
interior-hub,B6,plain,eta-cost,50500,400,0,0,50,8.693,27,1,71,23.935,49,4000,0.105
interior-hub,B6,plain,eta-cost,50503,400,0,0,48,9.158,26,1,72,24.218,48,4000,0.097
interior-hub,B6,plain,eta-cost,50502,400,0,0,54,9.235,26,1,82,24.582,47,4000,0.087
interior-hub,B6,plain,eta-cost,50504,400,0,0,48,8.805,27,1,71,23.93,50,4000,0.107
interior-hub,B6,plain,eta-cost,50501,400,0,0,50,9.65,28,1,78,25.6,51,4000,0.098
interior-hub,B6,plain,eta-cost,50506,400,0,0,37,8.035,25,1,60,23.902,50,4000,0.108
interior-hub,B6,plain,eta-cost,50505,400,0,0,53,9.523,29,1,81,25.395,52,4000,0.111
interior-hub,B6,plain,eta-cost,50507,400,0,0,48,9.168,28,1,71,24.86,49,4000,0.102
interior-hub,B6,plain,eta-cost,50508,400,0,0,57,8.135,24,1,81,23.392,45,4000,0.113
interior-hub,B6,plain,eta-cost,50509,400,0,0,47,8.42,28,1,68,23.337,47,4000,0.105
interior-hub,B6,plain,eta-cost-fair,50500,400,0,0,50,8.81,27,1,71,24.052,50,4000,0.095
interior-hub,B6,plain,eta-cost-fair,50503,400,0,0,48,9.113,26,1,72,24.172,48,4000,0.097
interior-hub,B6,plain,eta-cost-fair,50502,400,0,0,50,9.178,26,1,68,24.525,46,4000,0.084
interior-hub,B6,plain,eta-cost-fair,50501,400,0,0,47,9.26,27,1,75,25.21,50,4000,0.111
interior-hub,B6,plain,eta-cost-fair,50504,400,0,0,48,8.805,27,1,71,23.93,49,4000,0.1
interior-hub,B6,plain,eta-cost-fair,50505,400,0,0,51,9.525,29,1,79,25.398,52,4000,0.102
interior-hub,B6,plain,eta-cost-fair,50506,400,0,0,37,8.035,25,1,60,23.902,50,4000,0.098
interior-hub,B6,plain,eta-cost-fair,50507,400,0,0,48,9.172,28,1,71,24.865,49,4000,0.102
interior-hub,B6,plain,nearest-car,50500,400,0,0,106,16.03,65,1,133,31.273,77,4000,0.083
interior-hub,B6,plain,nearest-car,50502,400,0,0,107,20.602,71,1,127,35.95,84,4000,0.077
interior-hub,B6,plain,eta-cost-fair,50509,400,0,0,39,8.338,28,1,68,23.255,47,4000,0.099
interior-hub,B6,plain,nearest-car,50503,400,0,0,107,18.675,70,1,122,33.735,83,4000,0.082
interior-hub,B6,plain,nearest-car,50501,400,0,0,109,16.355,57,1,133,32.305,80,4000,0.094
interior-hub,B6,plain,nearest-car,50505,400,0,0,108,17.422,63,1,130,33.295,84,4000,0.086
interior-hub,B6,plain,nearest-car,50504,400,0,0,101,17.515,60,1,129,32.64,79,4000,0.083
interior-hub,B6,plain,nearest-car,50506,400,0,0,102,15.033,55,1,128,30.9,74,4000,0.093
interior-hub,B6,plain,nearest-car,50507,400,0,0,105,17.24,59,2,118,32.932,77,4000,0.089
interior-hub,B6,plain,eta-cost-fair,50508,400,0,0,57,8.71,24,1,81,23.968,46,4000,0.111
interior-hub,B6,plain,nearest-car,50508,400,0,0,83,13.432,47,1,92,28.69,67,4000,0.09
interior-hub,B6,plain,nearest-car,50509,400,0,0,100,15.3,59,1,117,30.218,75,4000,0.074
interior-hub,B6,plain,nearest-car-eta,50500,400,0,0,78,9.428,28,1,100,24.67,51,4000,0.099
interior-hub,B6,plain,nearest-car-eta,50502,400,0,0,75,9.745,27,1,99,25.093,49,4000,0.097
interior-hub,B6,plain,nearest-car-eta,50501,400,0,0,82,10.273,29,1,110,26.223,54,4000,0.089
interior-hub,B6,plain,nearest-car-eta,50503,400,0,0,71,9.61,26,1,85,24.67,48,4000,0.093
interior-hub,B6,plain,nearest-car-eta,50504,400,0,0,70,9.367,28,1,86,24.492,52,4000,0.097
interior-hub,B6,plain,nearest-car-eta,50506,400,0,0,67,8.355,26,1,77,24.223,52,4000,0.109
interior-hub,B6,plain,nearest-car-eta,50505,400,0,0,79,10.078,30,1,103,25.95,56,4000,0.084
interior-hub,B6,plain,nearest-car-eta,50507,400,0,0,108,10.055,29,1,136,25.747,53,4000,0.101
interior-hub,B6,plain,nearest-car-eta,50509,400,0,0,69,8.602,28,1,88,23.52,48,4000,0.089
interior-hub,B6,plain,round-robin,50500,400,0,0,71,17.075,46,1,98,32.318,66,4000,0.093
interior-hub,B6,plain,nearest-car-eta,50508,400,0,0,79,9.225,27,2,101,24.483,48,4000,0.104
interior-hub,B6,plain,round-robin,50503,400,0,0,95,20.225,57,1,110,35.285,79,4000,0.081
interior-hub,B6,plain,round-robin,50502,400,0,0,95,18.99,53,1,111,34.337,73,4000,0.09
interior-hub,B6,plain,round-robin,50504,400,0,0,100,19.045,52,1,117,34.17,72,4000,0.088
interior-hub,B6,plain,round-robin,50501,400,0,0,98,19.128,49,1,124,35.078,70,4000,0.091
interior-hub,B6,plain,round-robin,50505,400,0,0,97,22.848,60,3,119,38.72,78,4000,0.092
interior-hub,B6,plain,round-robin,50506,400,0,0,92,19.545,53,1,99,35.413,73,4000,0.09
interior-hub,B6,plain,round-robin,50507,400,0,0,86,20.957,55,1,109,36.65,72,4000,0.081
interior-hub,B6,plain,round-robin,50509,400,0,0,83,17.613,51,1,105,32.53,69,4000,0.08
interior-hub,B6,plain,round-robin,50508,400,0,0,103,18.738,46,2,126,33.995,65,4000,0.096
interior-hub,B6,plain,zone-based,50502,400,0,0,103,25.898,74,4,121,41.245,89,4000,0.086
interior-hub,B6,plain,zone-based,50503,400,0,0,119,30.433,89,1,137,45.492,102,4000,0.077
interior-hub,B6,plain,zone-based,50504,400,0,0,130,26.538,82,3,153,41.663,93,4000,0.092
interior-hub,B6,plain,zone-based,50500,400,0,0,118,25.817,80,3,144,41.06,93,4000,0.085
interior-hub,B6,plain,zone-based,50501,400,0,0,98,22.242,68,1,121,38.193,84,4000,0.095
interior-hub,B6,plain,zone-based,50505,400,0,0,115,27.087,77,2,123,42.96,94,4000,0.083
interior-hub,B6,plain,zone-based,50506,400,0,0,127,26.74,79,1,152,42.608,96,4000,0.086
interior-hub,B6,plain,express,50502,400,0,0,55,12.81,35,1,80,28.157,56,4000,0.094
interior-hub,B6,plain,zone-based,50508,400,0,0,100,23.003,70,4,110,38.26,83,4000,0.089
interior-hub,B6,plain,zone-based,50509,400,0,0,96,24.13,73,2,125,39.047,86,4000,0.088
interior-hub,B6,plain,zone-based,50507,400,0,0,107,28.858,82,2,122,44.55,97,4000,0.091
interior-hub,B6,plain,express,50500,400,0,0,50,11.41,31,1,73,26.652,55,4000,0.103
interior-hub,B6,plain,express,50501,400,0,0,66,12.717,31,1,96,28.668,56,4000,0.11
interior-hub,B6,plain,express,50504,400,0,0,55,12.283,30,1,84,27.407,55,4000,0.105
interior-hub,B6,plain,express,50505,400,0,0,59,13.412,36,1,89,29.285,57,4000,0.099
interior-hub,B6,plain,express,50507,400,0,0,69,12.835,32,1,83,28.527,57,4000,0.1
interior-hub,B6,plain,express,50506,400,0,0,54,11.627,32,1,78,27.495,57,4000,0.103
interior-hub,B6,plain,express,50508,400,0,0,60,11.848,33,2,83,27.105,54,4000,0.103
interior-hub,B6,plain,express,50509,400,0,0,55,11.595,30,1,78,26.512,53,4000,0.106
interior-hub,B6,stop1,eta-cost,50500,400,0,0,55,8.77,28,2,75,25.185,52,4000,0.118
interior-hub,B6,plain,express,50503,400,0,0,48,11.925,29,1,72,26.985,52,4000,0.092
interior-hub,B6,stop1,eta-cost,50501,400,0,0,43,10.03,29,2,74,27.148,55,4000,0.107
interior-hub,B6,stop1,eta-cost,50502,400,0,0,54,9.51,30,2,85,26.1,50,4000,0.107
interior-hub,B6,stop1,eta-cost,50503,400,0,0,41,8.652,25,2,68,24.935,48,4000,0.103
interior-hub,B6,stop1,eta-cost,50504,400,0,0,50,9.675,27,2,73,26.003,52,4000,0.108
interior-hub,B6,stop1,eta-cost,50505,400,0,0,57,10.082,29,2,87,27.18,55,4000,0.11
interior-hub,B6,stop1,eta-cost,50506,400,0,0,50,8.715,27,2,78,25.777,53,4000,0.108
interior-hub,B6,stop1,eta-cost,50507,400,0,0,56,9.387,28,2,77,26.282,51,4000,0.109
interior-hub,B6,stop1,eta-cost,50509,400,0,0,40,8.305,25,2,70,24.422,49,4000,0.096
interior-hub,B6,stop1,eta-cost-fair,50500,400,0,0,52,8.72,28,2,75,25.115,52,4000,0.107
interior-hub,B6,stop1,eta-cost,50508,400,0,0,61,9.325,25,2,83,25.745,48,4000,0.11
interior-hub,B6,stop1,eta-cost-fair,50501,400,0,0,52,10.277,28,2,82,27.378,54,4000,0.117
interior-hub,B6,stop1,eta-cost-fair,50503,400,0,0,41,8.928,25,2,68,25.215,49,4000,0.108
interior-hub,B6,stop1,eta-cost-fair,50502,400,0,0,56,9.748,29,2,86,26.3,49,4000,0.109
interior-hub,B6,stop1,eta-cost-fair,50504,400,0,0,48,9.533,28,2,75,25.867,51,4000,0.106
interior-hub,B6,stop1,eta-cost-fair,50505,400,0,0,54,10.123,30,2,83,27.215,55,4000,0.108
interior-hub,B6,stop1,eta-cost-fair,50507,400,0,0,52,9.432,27,2,74,26.328,50,4000,0.113
interior-hub,B6,stop1,eta-cost-fair,50506,400,0,0,50,8.887,27,2,78,25.948,53,4000,0.106
interior-hub,B6,stop1,nearest-car,50500,400,0,0,143,20.593,69,2,154,37.105,92,4000,0.085
interior-hub,B6,stop1,nearest-car,50503,400,0,0,103,17.745,64,2,126,34.053,81,4000,0.08
interior-hub,B6,stop1,nearest-car,50501,400,0,0,117,17.715,66,3,134,34.943,84,4000,0.087
interior-hub,B6,stop1,eta-cost-fair,50509,400,0,0,40,8.45,25,2,70,24.545,48,4000,0.108
interior-hub,B6,stop1,nearest-car,50502,400,0,0,109,19.742,70,2,136,36.392,92,4000,0.07
interior-hub,B6,stop1,nearest-car,50505,400,0,0,136,20.293,71,2,152,37.435,90,4000,0.084
interior-hub,B6,stop1,nearest-car,50504,400,0,0,121,21.108,72,2,143,37.48,95,4000,0.09
interior-hub,B6,stop1,nearest-car,50506,400,0,0,116,17.695,72,2,142,34.867,92,4000,0.086
interior-hub,B6,stop1,nearest-car,50507,400,0,0,112,20.175,66,3,126,37.115,87,4000,0.083
interior-hub,B6,stop1,nearest-car,50508,400,0,0,126,18.6,61,3,153,35.085,77,4000,0.079
interior-hub,B6,stop1,nearest-car,50509,400,0,0,123,17.305,60,2,138,33.477,81,4000,0.09
interior-hub,B6,stop1,nearest-car-eta,50500,400,0,0,88,9.77,29,2,94,26.223,53,4000,0.105
interior-hub,B6,stop1,eta-cost-fair,50508,400,0,0,58,8.995,25,3,83,25.402,48,4000,0.119
interior-hub,B6,stop1,nearest-car-eta,50502,400,0,0,89,10.8,37,2,111,27.39,57,4000,0.096
interior-hub,B6,stop1,nearest-car-eta,50501,400,0,0,59,10.602,30,2,75,27.773,56,4000,0.107
interior-hub,B6,stop1,nearest-car-eta,50503,400,0,0,76,8.98,25,2,89,25.267,49,4000,0.096
interior-hub,B6,stop1,nearest-car-eta,50504,400,0,0,74,10.043,28,2,87,26.398,52,4000,0.098
interior-hub,B6,stop1,nearest-car-eta,50505,400,0,0,82,11.215,31,2,108,28.325,59,4000,0.104
interior-hub,B6,stop1,nearest-car-eta,50506,400,0,0,62,8.992,28,2,78,26.102,53,4000,0.099
interior-hub,B6,stop1,nearest-car-eta,50508,400,0,0,65,9.84,29,2,78,26.308,50,4000,0.108
interior-hub,B6,stop1,nearest-car-eta,50507,400,0,0,71,10.037,29,2,86,26.965,55,4000,0.108
interior-hub,B6,stop1,round-robin,50500,400,0,0,89,18.35,49,2,104,34.67,71,4000,0.085
interior-hub,B6,stop1,round-robin,50501,400,0,0,103,19.517,51,2,130,36.56,74,4000,0.094
interior-hub,B6,stop1,nearest-car-eta,50509,400,0,0,66,8.475,28,2,95,24.622,51,4000,0.099
interior-hub,B6,stop1,round-robin,50502,400,0,0,98,20.36,58,2,117,36.792,80,4000,0.083
interior-hub,B6,stop1,round-robin,50503,400,0,0,105,22.5,62,2,121,38.635,86,4000,0.08
interior-hub,B6,stop1,round-robin,50504,400,0,0,106,20.08,55,2,125,36.275,73,4000,0.09
interior-hub,B6,stop1,round-robin,50507,400,0,0,93,22.442,61,2,120,39.225,79,4000,0.086
interior-hub,B6,stop1,round-robin,50505,400,0,0,103,25.938,67,3,124,42.932,90,4000,0.083
interior-hub,B6,stop1,round-robin,50506,400,0,0,104,20.247,56,2,108,37.193,78,4000,0.09
interior-hub,B6,stop1,round-robin,50509,400,0,0,89,18.587,52,2,112,34.578,74,4000,0.089
interior-hub,B6,stop1,round-robin,50508,400,0,0,74,19.497,49,3,95,35.825,68,4000,0.099
interior-hub,B6,stop1,zone-based,50502,400,0,0,125,29.315,83,4,158,46.205,102,4000,0.081
interior-hub,B6,stop1,zone-based,50501,400,0,0,139,26.495,95,3,159,43.865,109,4000,0.096
interior-hub,B6,stop1,zone-based,50504,400,0,0,128,30.942,91,2,149,47.515,108,4000,0.089
interior-hub,B6,stop1,zone-based,50503,400,0,0,117,35.925,97,4,148,52.5,115,4000,0.087
interior-hub,B6,stop1,zone-based,50505,400,0,0,153,30.052,89,3,184,47.395,108,4000,0.085
interior-hub,B6,stop1,zone-based,50506,400,0,0,133,29.707,89,2,157,47.07,106,4000,0.096
interior-hub,B6,stop1,zone-based,50507,400,0,0,113,30.587,83,2,129,47.755,102,4000,0.085
interior-hub,B6,stop1,zone-based,50508,400,0,0,115,26.63,75,2,141,43.34,92,4000,0.08
interior-hub,B6,stop1,zone-based,50509,400,0,0,113,26.49,80,4,141,42.873,96,4000,0.089
interior-hub,B6,stop1,zone-based,50500,400,0,0,129,29.73,84,2,149,46.432,99,4000,0.091
interior-hub,B6,stop1,express,50500,400,0,0,52,12.435,34,2,74,28.927,58,4000,0.116
interior-hub,B6,stop1,express,50503,400,0,0,63,12.648,31,2,79,29,57,4000,0.098
interior-hub,B6,stop1,express,50501,400,0,0,62,12.7,33,2,92,29.905,58,4000,0.113
interior-hub,B6,stop1,express,50502,400,0,0,59,13.262,35,2,85,29.94,57,4000,0.103
interior-hub,B6,stop1,express,50504,400,0,0,60,13.422,32,2,88,29.837,56,4000,0.109
interior-hub,B6,stop1,express,50505,400,0,0,57,13.797,38,2,87,30.997,60,4000,0.121
interior-hub,B6,stop1,express,50506,400,0,0,57,12.4,35,2,85,29.54,58,4000,0.112
interior-hub,B6,stop1,express,50507,400,0,0,59,12.89,33,3,82,29.837,58,4000,0.101
interior-hub,B6,stop1,express,50508,400,0,0,67,12.523,35,2,89,29.008,56,4000,0.11
interior-hub,B7,plain,eta-cost,50600,400,0,0,59,13.58,33,1,73,27.957,56,1000,0.066
interior-hub,B7,plain,eta-cost,50602,400,0,0,50,14.268,33,1,71,29.337,55,1000,0.067
interior-hub,B7,plain,eta-cost,50601,400,0,0,51,13.46,34,1,75,28.695,56,1000,0.063
interior-hub,B6,stop1,express,50509,400,0,0,54,12.588,35,2,81,28.76,57,4000,0.1
interior-hub,B7,plain,eta-cost,50603,400,0,0,59,13.6,32,1,85,28.685,55,1000,0.073
interior-hub,B7,plain,eta-cost,50604,400,0,0,56,14.682,34,2,86,30.555,55,1000,0.065
interior-hub,B7,plain,eta-cost,50605,400,0,0,66,15.467,37,1,88,30.36,56,1000,0.068
interior-hub,B7,plain,eta-cost,50606,400,0,0,59,14.015,32,2,85,29.433,55,1000,0.073
interior-hub,B7,plain,eta-cost,50607,400,0,0,55,15.06,38,2,77,30.325,61,1000,0.069
interior-hub,B7,plain,eta-cost,50608,400,0,0,59,14.89,33,1,89,30.455,53,1000,0.068
interior-hub,B7,plain,eta-cost,50609,400,0,0,56,13.68,33,2,77,28.52,53,1000,0.066
interior-hub,B7,plain,eta-cost-fair,50600,400,0,0,48,14.145,31,1,72,28.523,55,1000,0.068
interior-hub,B7,plain,eta-cost-fair,50601,400,0,0,71,14.908,35,2,100,30.142,53,1000,0.068
interior-hub,B7,plain,eta-cost-fair,50604,400,0,0,56,14.755,35,2,86,30.628,58,1000,0.067
interior-hub,B7,plain,eta-cost-fair,50602,400,0,0,50,13.955,33,1,73,29.025,55,1000,0.066
interior-hub,B7,plain,eta-cost-fair,50603,400,0,0,58,13.075,31,1,85,28.16,53,1000,0.069
interior-hub,B7,plain,eta-cost-fair,50605,400,0,0,61,16.637,36,1,79,31.53,56,1000,0.069
interior-hub,B7,plain,nearest-car,50600,400,0,0,114,38.938,99,1,136,53.315,114,1000,0.033
interior-hub,B7,plain,nearest-car,50601,400,0,0,116,42.17,106,2,141,57.405,121,1000,0.032
interior-hub,B7,plain,eta-cost-fair,50606,400,0,0,59,14.03,34,2,85,29.448,56,1000,0.067
interior-hub,B7,plain,nearest-car,50602,400,0,0,117,41.318,108,2,143,56.388,120,1000,0.032
interior-hub,B7,plain,nearest-car,50603,400,0,0,115,40.258,100,3,141,55.343,118,1000,0.03
interior-hub,B7,plain,nearest-car,50604,400,0,0,111,39.392,100,1,138,55.265,116,1000,0.033
interior-hub,B7,plain,eta-cost-fair,50607,400,0,0,51,14.207,34,1,77,29.473,56,1000,0.07
interior-hub,B7,plain,eta-cost-fair,50608,400,0,0,59,15.488,36,2,89,31.052,58,1000,0.069
interior-hub,B7,plain,eta-cost-fair,50609,400,0,0,56,13.162,30,2,77,28.003,52,1000,0.067
interior-hub,B7,plain,nearest-car,50605,400,0,0,114,42.065,105,3,142,56.958,119,1000,0.032
interior-hub,B7,plain,nearest-car,50606,400,0,0,112,41.725,105,2,141,57.142,123,1000,0.035
interior-hub,B7,plain,nearest-car,50607,400,0,0,112,40.502,97,2,132,55.767,117,1000,0.035
interior-hub,B7,plain,nearest-car,50608,400,0,0,115,42.028,105,2,143,57.593,124,1000,0.036
interior-hub,B7,plain,nearest-car,50609,400,0,0,111,37.52,96,2,135,52.36,113,1000,0.032
interior-hub,B7,plain,nearest-car-eta,50601,400,0,0,81,16.488,48,1,103,31.723,70,1000,0.057
interior-hub,B7,plain,nearest-car-eta,50600,400,0,0,88,19.312,62,3,108,33.69,73,1000,0.055
interior-hub,B7,plain,nearest-car-eta,50603,400,0,0,115,15.918,55,1,135,31.003,71,1000,0.054
interior-hub,B7,plain,nearest-car-eta,50602,400,0,0,93,19.902,64,1,113,34.972,76,1000,0.056
interior-hub,B7,plain,nearest-car-eta,50604,400,0,0,94,18.02,59,2,116,33.892,77,1000,0.055
interior-hub,B7,plain,round-robin,50600,400,0,0,115,44.273,94,1,134,58.65,109,1000,0.03
interior-hub,B7,plain,nearest-car-eta,50607,400,0,0,98,21.532,69,2,120,36.797,80,1000,0.06
interior-hub,B7,plain,nearest-car-eta,50605,400,0,0,89,15.648,46,1,101,30.54,68,1000,0.052
interior-hub,B7,plain,nearest-car-eta,50606,400,0,0,92,19.305,56,2,117,34.722,79,1000,0.057
interior-hub,B7,plain,nearest-car-eta,50608,400,0,0,101,24.65,72,3,119,40.215,91,1000,0.059
interior-hub,B7,plain,nearest-car-eta,50609,400,0,0,99,21.192,76,2,117,36.032,89,1000,0.058
interior-hub,B7,plain,round-robin,50602,400,0,0,113,45.638,94,3,133,60.708,110,1000,0.034
interior-hub,B7,plain,round-robin,50601,400,0,0,115,48.542,100,1,140,63.778,117,1000,0.031
interior-hub,B7,plain,round-robin,50603,400,0,0,109,46.483,91,2,133,61.568,110,1000,0.031
interior-hub,B7,plain,round-robin,50605,400,0,0,113,46.938,96,4,139,61.83,112,1000,0.033
interior-hub,B7,plain,round-robin,50609,400,0,0,113,46.083,94,3,140,60.922,110,1000,0.032
interior-hub,B7,plain,round-robin,50604,400,0,0,111,50.865,100,3,138,66.737,117,1000,0.036
interior-hub,B7,plain,round-robin,50608,400,0,0,113,49.553,95,2,137,65.118,117,1000,0.035
interior-hub,B7,plain,round-robin,50607,400,0,0,112,46.407,94,3,131,61.672,111,1000,0.037
interior-hub,B7,plain,round-robin,50606,400,0,0,115,46.778,98,2,134,62.195,116,1000,0.039
interior-hub,B7,plain,zone-based,50601,400,0,0,128,40.145,105,2,144,55.38,118,1000,0.035
interior-hub,B7,plain,zone-based,50602,400,0,0,113,39.89,101,2,135,54.96,115,1000,0.03
interior-hub,B7,plain,zone-based,50600,400,0,0,111,41.273,96,1,132,55.65,110,1000,0.028
interior-hub,B7,plain,zone-based,50603,400,0,0,120,41.608,102,3,138,56.693,118,1000,0.034
interior-hub,B7,plain,zone-based,50604,400,0,0,112,42.458,100,3,138,58.33,116,1000,0.034
interior-hub,B7,plain,zone-based,50605,400,0,0,116,40.485,97,2,141,55.377,117,1000,0.034
interior-hub,B7,plain,zone-based,50608,400,0,0,131,43.117,106,1,154,58.682,118,1000,0.035
interior-hub,B7,plain,zone-based,50607,400,0,0,112,39.303,106,2,137,54.568,119,1000,0.034
interior-hub,B7,plain,zone-based,50606,400,0,0,132,44.983,103,4,155,60.4,119,1000,0.036
interior-hub,B7,plain,zone-based,50609,400,0,0,115,38.64,99,1,138,53.48,112,1000,0.035
interior-hub,B7,plain,express,50600,400,0,0,69,21.282,46,1,92,35.66,66,1000,0.075
interior-hub,B7,plain,express,50602,400,0,0,55,17.64,40,1,83,32.71,60,1000,0.06
interior-hub,B7,plain,express,50605,400,0,0,61,20.175,45,3,82,35.068,65,1000,0.07
interior-hub,B7,plain,express,50603,400,0,0,68,20.225,48,1,85,35.31,64,1000,0.073
interior-hub,B7,plain,express,50601,400,0,0,94,19.57,45,2,111,34.805,63,1000,0.068
interior-hub,B7,plain,express,50604,400,0,0,87,19.37,41,2,96,35.242,65,1000,0.067
interior-hub,B7,plain,express,50609,400,0,0,106,19.372,44,3,111,34.212,64,1000,0.072
interior-hub,B7,plain,express,50607,400,0,0,55,19.652,44,2,80,34.917,65,1000,0.072
interior-hub,B7,plain,express,50606,400,0,0,65,19.305,45,2,88,34.722,67,1000,0.07
interior-hub,B7,plain,express,50608,400,0,0,73,20.777,45,1,89,36.343,66,1000,0.072
interior-hub,B7,stop1,eta-cost,50602,400,0,0,72,15.05,37,3,87,32.27,60,1000,0.085
interior-hub,B7,stop1,eta-cost,50601,400,0,0,59,15.178,35,3,82,32.758,60,1000,0.086
interior-hub,B7,stop1,eta-cost,50600,400,0,0,63,17.288,40,3,97,34.008,65,1000,0.092
interior-hub,B7,stop1,eta-cost,50604,400,0,0,74,20.328,50,3,101,38.638,74,1000,0.095
interior-hub,B7,stop1,eta-cost,50605,400,0,0,79,18.782,48,2,103,36.08,69,1000,0.097
interior-hub,B7,stop1,eta-cost,50603,400,0,0,67,16.858,42,2,97,34.195,65,1000,0.097
interior-hub,B7,stop1,eta-cost,50606,400,0,0,60,15.555,43,2,90,33.21,66,1000,0.084
interior-hub,B7,stop1,eta-cost,50609,400,0,0,59,15.602,38,3,82,32.597,61,1000,0.09
interior-hub,B7,stop1,eta-cost,50607,400,0,0,71,18.117,44,2,89,35.675,68,1000,0.089
interior-hub,B7,stop1,eta-cost,50608,400,0,0,59,17.165,43,2,92,34.928,69,1000,0.093
interior-hub,B7,stop1,eta-cost-fair,50600,400,0,0,63,17.84,42,2,87,34.502,65,1000,0.098
interior-hub,B7,stop1,eta-cost-fair,50603,400,0,0,56,16.475,39,3,85,33.693,64,1000,0.088
interior-hub,B7,stop1,eta-cost-fair,50601,400,0,0,59,18.17,44,4,82,35.587,66,1000,0.095
interior-hub,B7,stop1,nearest-car,50600,400,0,0,129,42.303,112,2,151,59.11,134,1000,0.031
interior-hub,B7,stop1,eta-cost-fair,50602,400,0,0,115,18.66,42,2,144,35.87,65,1000,0.097
interior-hub,B7,stop1,eta-cost-fair,50604,400,0,0,62,16.83,37,2,95,34.88,62,1000,0.089
interior-hub,B7,stop1,eta-cost-fair,50607,400,0,0,80,16.567,39,3,94,33.922,66,1000,0.092
interior-hub,B7,stop1,eta-cost-fair,50606,400,0,0,68,16.523,42,2,98,34.123,66,1000,0.075
interior-hub,B7,stop1,eta-cost-fair,50605,400,0,0,74,18.19,40,2,93,35.333,67,1000,0.089
interior-hub,B7,stop1,eta-cost-fair,50608,400,0,0,60,16.968,39,2,94,34.617,64,1000,0.096
interior-hub,B7,stop1,eta-cost-fair,50609,400,0,0,59,16.105,37,2,86,32.977,61,1000,0.094
interior-hub,B7,stop1,nearest-car,50603,400,0,0,133,44.203,120,3,164,61.855,139,1000,0.033
interior-hub,B7,stop1,nearest-car,50604,400,0,0,132,46.795,122,2,161,65.108,143,1000,0.038
interior-hub,B7,stop1,nearest-car,50602,400,0,0,129,39.75,106,4,154,57.123,127,1000,0.029
interior-hub,B7,stop1,nearest-car,50601,400,0,0,141,46.188,120,2,179,63.975,140,1000,0.035
interior-hub,B7,stop1,nearest-car,50605,400,0,0,138,45.72,116,2,162,63.075,139,1000,0.035
interior-hub,B7,stop1,nearest-car,50606,400,0,0,130,46.56,112,2,162,64.53,137,1000,0.036
interior-hub,B7,stop1,nearest-car,50607,400,0,0,133,42.235,111,2,163,59.898,128,1000,0.036
interior-hub,B7,stop1,nearest-car,50609,400,0,0,129,45.023,115,3,149,62.195,134,1000,0.034
interior-hub,B7,stop1,nearest-car,50608,400,0,0,139,46.61,116,2,160,64.573,139,1000,0.033
interior-hub,B7,stop1,nearest-car-eta,50601,400,0,0,105,22.582,68,5,134,40.325,88,1000,0.074
interior-hub,B7,stop1,nearest-car-eta,50602,400,0,0,97,19.488,58,3,125,36.795,74,1000,0.066
interior-hub,B7,stop1,nearest-car-eta,50600,400,0,0,114,20.663,64,2,145,37.795,77,1000,0.074
interior-hub,B7,stop1,nearest-car-eta,50603,400,0,0,102,21.145,64,2,121,38.633,78,1000,0.07
interior-hub,B7,stop1,round-robin,50600,400,0,0,128,54.61,108,4,153,71.192,129,1000,0.035
interior-hub,B7,stop1,nearest-car-eta,50604,400,0,0,114,23.543,77,4,139,41.75,92,1000,0.073
interior-hub,B7,stop1,nearest-car-eta,50606,400,0,0,119,24.753,72,3,145,42.733,93,1000,0.077
interior-hub,B7,stop1,nearest-car-eta,50605,400,0,0,106,25.755,79,3,130,43.275,94,1000,0.077
interior-hub,B7,stop1,nearest-car-eta,50607,400,0,0,99,23.223,73,2,130,40.785,94,1000,0.072
interior-hub,B7,stop1,nearest-car-eta,50609,400,0,0,105,20.348,68,4,123,37.483,82,1000,0.066
interior-hub,B7,stop1,round-robin,50602,400,0,0,125,49.303,104,8,143,66.448,125,1000,0.036
interior-hub,B7,stop1,nearest-car-eta,50608,400,0,0,120,25.5,74,3,145,43.477,96,1000,0.073
interior-hub,B7,stop1,round-robin,50603,400,0,0,126,52.273,105,6,156,69.545,125,1000,0.032
interior-hub,B7,stop1,round-robin,50601,400,0,0,135,52.828,112,2,155,70.29,133,1000,0.036
interior-hub,B7,stop1,round-robin,50604,400,0,0,123,52.972,108,4,152,70.96,130,1000,0.031
interior-hub,B7,stop1,round-robin,50605,400,0,0,130,52.59,110,4,152,69.718,128,1000,0.037
interior-hub,B7,stop1,round-robin,50607,400,0,0,120,53.562,107,4,151,70.905,124,1000,0.035
interior-hub,B7,stop1,round-robin,50606,400,0,0,127,52.46,110,5,151,69.987,130,1000,0.037
interior-hub,B7,stop1,zone-based,50600,400,0,0,140,47.987,116,4,165,66.142,135,1000,0.033
interior-hub,B7,stop1,zone-based,50601,400,0,0,175,47.722,123,3,217,66.612,141,1000,0.034
interior-hub,B7,stop1,round-robin,50608,400,0,0,123,55.64,109,3,152,73.243,130,1000,0.037
interior-hub,B7,stop1,zone-based,50603,400,0,0,138,49.672,125,3,173,68.343,147,1000,0.038
interior-hub,B7,stop1,round-robin,50609,400,0,0,125,48.665,108,7,146,65.695,124,1000,0.035
interior-hub,B7,stop1,zone-based,50602,400,0,0,142,45.575,120,2,173,64.225,137,1000,0.03
interior-hub,B7,stop1,zone-based,50604,400,0,0,139,50.81,125,3,167,70.513,143,1000,0.041
interior-hub,B7,stop1,zone-based,50605,400,0,0,156,47.925,127,2,190,66.755,143,1000,0.037
interior-hub,B7,stop1,zone-based,50609,400,0,0,134,48.468,117,3,163,66.77,138,1000,0.038
interior-hub,B7,stop1,zone-based,50607,400,0,0,156,49.498,128,5,179,68.44,151,1000,0.038
interior-hub,B7,stop1,zone-based,50606,400,0,0,153,49.858,126,5,190,69.188,149,1000,0.034
interior-hub,B7,stop1,zone-based,50608,400,0,0,157,49.797,127,2,173,68.983,151,1000,0.031
interior-hub,B7,stop1,express,50602,400,0,0,78,23.363,53,2,101,41.105,81,1000,0.106
interior-hub,B7,stop1,express,50601,400,0,0,80,23.508,53,3,97,41.42,77,1000,0.107
interior-hub,B7,stop1,express,50603,400,0,0,89,23.617,58,3,113,41.578,81,1000,0.102
interior-hub,B7,stop1,express,50604,400,0,0,77,22.468,53,3,105,41.023,77,1000,0.098
interior-hub,B7,stop1,express,50600,400,0,0,82,25.665,55,3,104,42.947,80,1000,0.099
interior-hub,B7,stop1,express,50605,400,0,0,86,23.457,53,2,107,41.19,79,1000,0.087
interior-hub,B7,stop1,express,50609,400,0,0,97,22.177,48,3,127,39.778,70,1000,0.094
interior-hub,B7,stop1,express,50606,400,0,0,109,25.19,56,2,127,43.38,83,1000,0.097
interior-hub,B7,stop1,express,50608,400,0,0,78,25.285,55,4,113,43.523,77,1000,0.108
interior-hub,B7,stop1,express,50607,400,0,0,87,25.363,56,4,96,43.328,80,1000,0.1
lunch-bursts,B1,plain,eta-cost,60001,400,0,0,96,13.29,49,1,134,43.072,90,2000,0.088
lunch-bursts,B1,plain,eta-cost,60002,400,0,0,99,13.912,57,1,118,42.538,102,2000,0.094
lunch-bursts,B1,plain,eta-cost,60004,400,0,0,86,11.908,51,1,116,42.515,87,2000,0.084
lunch-bursts,B1,plain,eta-cost,60000,400,0,0,108,16.24,61,1,140,45.36,114,2000,0.092
lunch-bursts,B1,plain,eta-cost,60003,400,0,0,104,13.015,56,1,161,43.892,108,2000,0.09
lunch-bursts,B1,plain,eta-cost,60005,400,0,0,109,13.027,54,1,132,43.665,100,2000,0.095
lunch-bursts,B1,plain,eta-cost,60007,400,0,0,89,15.258,61,1,126,45.877,108,2000,0.095
lunch-bursts,B1,plain,eta-cost,60006,400,0,0,117,17.315,57,2,118,47.44,109,2000,0.09
lunch-bursts,B1,plain,eta-cost,60009,400,0,0,83,14.755,58,1,118,45.383,108,2000,0.088
lunch-bursts,B1,plain,eta-cost,60008,400,0,0,100,16.625,60,1,145,46.547,108,2000,0.097
lunch-bursts,B1,plain,eta-cost-fair,60001,400,0,0,96,13.145,51,1,134,42.928,92,2000,0.088
lunch-bursts,B1,plain,eta-cost-fair,60002,400,0,0,99,13.682,57,1,118,42.307,102,2000,0.087
lunch-bursts,B1,plain,eta-cost-fair,60003,400,0,0,108,12.453,54,1,118,43.33,100,2000,0.092
lunch-bursts,B1,plain,eta-cost-fair,60000,400,0,0,108,16.585,61,1,132,45.705,114,2000,0.092
lunch-bursts,B1,plain,eta-cost-fair,60004,400,0,0,74,11.985,49,1,116,42.593,82,2000,0.092
lunch-bursts,B1,plain,eta-cost-fair,60006,400,0,0,117,17.415,57,2,118,47.54,108,2000,0.091
lunch-bursts,B1,plain,eta-cost-fair,60005,400,0,0,109,13.027,54,1,132,43.665,100,2000,0.09
lunch-bursts,B1,plain,eta-cost-fair,60007,400,0,0,89,14.592,59,1,126,45.212,104,2000,0.091
lunch-bursts,B1,plain,eta-cost-fair,60008,400,0,0,104,17.438,60,1,120,47.36,108,2000,0.093
lunch-bursts,B1,plain,nearest-car,60000,400,0,0,309,30.413,108,1,324,59.532,134,2000,0.051
lunch-bursts,B1,plain,eta-cost-fair,60009,400,0,0,92,15.332,58,1,118,45.96,108,2000,0.09
lunch-bursts,B1,plain,nearest-car,60001,400,0,0,155,34.62,107,1,186,64.403,150,2000,0.053
lunch-bursts,B1,plain,nearest-car,60002,400,0,0,290,36.987,115,1,310,65.612,144,2000,0.057
lunch-bursts,B1,plain,nearest-car,60003,400,0,0,313,37.33,115,1,332,68.207,160,2000,0.044
lunch-bursts,B1,plain,nearest-car,60004,400,0,0,211,28.1,102,1,234,58.708,140,2000,0.05
lunch-bursts,B1,plain,nearest-car,60005,400,0,0,130,31.253,109,1,189,61.89,140,2000,0.057
lunch-bursts,B1,plain,nearest-car,60007,400,0,0,489,39.392,120,1,510,70.013,158,2000,0.057
lunch-bursts,B1,plain,nearest-car,60006,400,0,0,229,36.242,118,2,230,66.368,162,2000,0.052
lunch-bursts,B1,plain,nearest-car,60008,400,0,0,221,29.948,108,1,230,59.87,151,2000,0.051
lunch-bursts,B1,plain,nearest-car,60009,400,0,0,336,32.615,115,1,340,63.242,138,2000,0.044
lunch-bursts,B1,plain,nearest-car-eta,60001,400,0,0,111,22.273,87,1,130,52.055,116,2000,0.079
lunch-bursts,B1,plain,nearest-car-eta,60002,400,0,0,134,16.76,70,1,159,45.385,110,2000,0.076
lunch-bursts,B1,plain,nearest-car-eta,60000,400,0,0,112,16.46,70,1,167,45.58,112,2000,0.081
lunch-bursts,B1,plain,nearest-car-eta,60005,400,0,0,206,20.76,82,1,208,51.398,112,2000,0.077
lunch-bursts,B1,plain,nearest-car-eta,60004,400,0,0,111,16.805,73,1,158,47.413,106,2000,0.076
lunch-bursts,B1,plain,nearest-car-eta,60003,400,0,0,111,14.94,75,1,167,45.818,94,2000,0.077
lunch-bursts,B1,plain,nearest-car-eta,60006,400,0,0,117,19.372,72,2,136,49.498,108,2000,0.076
lunch-bursts,B1,plain,nearest-car-eta,60007,400,0,0,114,21.045,69,1,152,51.665,112,2000,0.078
lunch-bursts,B1,plain,round-robin,60000,400,0,0,112,39.303,95,1,149,68.422,126,2000,0.056
lunch-bursts,B1,plain,round-robin,60002,400,0,0,110,41.203,92,1,147,69.828,124,2000,0.054
lunch-bursts,B1,plain,nearest-car-eta,60008,400,0,0,104,15.025,69,1,157,44.947,106,2000,0.071
lunch-bursts,B1,plain,round-robin,60001,400,0,0,112,44.977,97,1,161,74.76,131,2000,0.054
lunch-bursts,B1,plain,round-robin,60003,400,0,0,114,41.255,96,4,156,72.132,135,2000,0.055
lunch-bursts,B1,plain,nearest-car-eta,60009,400,0,0,114,15.385,73,1,170,46.013,104,2000,0.08
lunch-bursts,B1,plain,round-robin,60004,400,0,0,115,44.825,99,1,159,75.433,133,2000,0.059
lunch-bursts,B1,plain,round-robin,60005,400,0,0,112,42.172,98,1,167,72.81,124,2000,0.057
lunch-bursts,B1,plain,round-robin,60007,400,0,0,113,45.008,100,3,151,75.627,128,2000,0.054
lunch-bursts,B1,plain,round-robin,60006,400,0,0,117,42.445,96,2,159,72.57,124,2000,0.052
lunch-bursts,B1,plain,round-robin,60009,400,0,0,115,43.335,95,1,160,73.963,136,2000,0.057
lunch-bursts,B1,plain,zone-based,60000,400,0,0,190,42.87,124,2,233,71.99,158,2000,0.055
lunch-bursts,B1,plain,round-robin,60008,400,0,0,114,39.678,93,2,161,69.6,130,2000,0.052
lunch-bursts,B1,plain,zone-based,60002,400,0,0,212,41.46,130,3,260,70.085,164,2000,0.058
lunch-bursts,B1,plain,zone-based,60001,400,0,0,467,80.802,349,1,515,110.585,374,2000,0.061
lunch-bursts,B1,plain,zone-based,60003,400,0,0,210,48.675,111,6,244,79.552,156,2000,0.058
lunch-bursts,B1,plain,zone-based,60004,400,0,0,336,94.608,310,3,394,125.215,345,2000,0.063
lunch-bursts,B1,plain,zone-based,60006,400,0,0,192,47.39,128,2,233,77.515,164,2000,0.06
lunch-bursts,B1,plain,zone-based,60007,400,0,0,228,53.358,150,2,279,83.978,192,2000,0.057
lunch-bursts,B1,plain,zone-based,60008,400,0,0,218,50.148,130,2,221,80.07,167,2000,0.056
lunch-bursts,B1,plain,zone-based,60009,400,0,0,234,54.383,140,2,283,85.01,177,2000,0.058
lunch-bursts,B1,plain,express,60000,400,0,0,111,25.992,99,1,168,55.112,150,2000,0.076
lunch-bursts,B1,plain,express,60002,400,0,0,122,25.608,96,1,165,54.233,142,2000,0.063
lunch-bursts,B1,plain,express,60003,400,0,0,216,25.648,95,1,258,56.525,145,2000,0.08
lunch-bursts,B1,plain,express,60001,400,0,0,133,26.692,96,1,184,56.475,148,2000,0.076
lunch-bursts,B1,plain,express,60004,400,0,0,124,25.032,96,1,173,55.64,143,2000,0.073
lunch-bursts,B1,plain,express,60005,400,0,0,333,29.535,99,1,374,60.172,147,2000,0.072
lunch-bursts,B1,plain,express,60006,400,0,0,160,32.01,116,2,204,62.135,162,2000,0.078
lunch-bursts,B1,plain,express,60007,400,0,0,156,28.595,98,1,198,59.215,144,2000,0.079
lunch-bursts,B1,plain,zone-based,60005,400,0,0,252,58.245,214,6,304,88.882,229,2000,0.049
lunch-bursts,B1,plain,express,60008,400,0,0,114,25.75,96,1,168,55.672,148,2000,0.079
lunch-bursts,B1,plain,express,60009,400,0,0,113,27.945,97,1,168,58.572,146,2000,0.079
lunch-bursts,B1,stop1,eta-cost,60001,400,0,0,91,14.488,56,2,145,47.053,102,2000,0.109
lunch-bursts,B1,stop1,eta-cost,60002,400,0,0,97,14.735,61,2,142,45.998,110,2000,0.107
lunch-bursts,B1,stop1,eta-cost,60000,400,0,0,96,16.345,61,2,148,48.068,115,2000,0.113
lunch-bursts,B1,stop1,eta-cost,60003,400,0,0,92,11.435,44,2,132,45.142,75,2000,0.104
lunch-bursts,B1,stop1,eta-cost,60005,400,0,0,102,12.863,52,2,131,46.39,97,2000,0.105
lunch-bursts,B1,stop1,eta-cost,60004,400,0,0,77,13.418,55,2,124,46.922,97,2000,0.105
lunch-bursts,B1,stop1,eta-cost,60008,400,0,0,99,13.412,55,2,154,46.25,102,2000,0.111
lunch-bursts,B1,stop1,eta-cost,60006,400,0,0,126,17.69,61,3,130,50.502,114,2000,0.123
lunch-bursts,B1,stop1,eta-cost,60007,400,0,0,86,15.13,63,2,129,48.46,110,2000,0.117
lunch-bursts,B1,stop1,eta-cost,60009,400,0,0,81,15.037,63,2,133,48.523,115,2000,0.108
lunch-bursts,B1,stop1,eta-cost-fair,60000,400,0,0,88,16.297,62,2,147,47.987,115,2000,0.099
lunch-bursts,B1,stop1,eta-cost-fair,60002,400,0,0,90,13.678,60,2,130,45.017,108,2000,0.116
lunch-bursts,B1,stop1,eta-cost-fair,60004,400,0,0,77,14.277,56,2,126,47.81,96,2000,0.116
lunch-bursts,B1,stop1,eta-cost-fair,60003,400,0,0,89,11.373,44,2,131,45.042,70,2000,0.109
lunch-bursts,B1,stop1,eta-cost-fair,60005,400,0,0,111,13.248,54,2,129,46.73,102,2000,0.112
lunch-bursts,B1,stop1,nearest-car,60000,400,0,0,281,32.852,120,2,283,64.847,160,2000,0.048
lunch-bursts,B1,stop1,eta-cost-fair,60006,400,0,0,126,16.317,61,3,130,49.165,113,2000,0.111
lunch-bursts,B1,stop1,eta-cost-fair,60008,400,0,0,93,13.71,55,2,146,46.375,87,2000,0.104
lunch-bursts,B1,stop1,nearest-car,60001,400,0,0,345,42.403,129,2,356,75.16,175,2000,0.051
lunch-bursts,B1,stop1,eta-cost-fair,60007,400,0,0,97,14.82,60,2,131,48.06,113,2000,0.117
lunch-bursts,B1,stop1,eta-cost-fair,60009,400,0,0,79,14.77,55,2,135,48.182,88,2000,0.105
lunch-bursts,B1,stop1,eta-cost-fair,60001,400,0,0,93,15.01,47,2,142,47.608,94,2000,0.093
lunch-bursts,B1,stop1,nearest-car,60004,400,0,0,236,39.392,123,2,271,73.045,174,2000,0.055
lunch-bursts,B1,stop1,nearest-car,60002,400,0,0,304,34.34,119,2,332,65.89,155,2000,0.057
lunch-bursts,B1,stop1,nearest-car,60003,400,0,0,371,39.12,124,2,375,73.02,165,2000,0.054
lunch-bursts,B1,stop1,nearest-car,60005,400,0,0,184,35.505,130,2,220,69.185,165,2000,0.052
lunch-bursts,B1,stop1,nearest-car,60008,400,0,0,223,37.267,128,2,245,70.23,165,2000,0.056
lunch-bursts,B1,stop1,nearest-car,60007,400,0,0,239,40.49,128,2,261,74.205,161,2000,0.054
lunch-bursts,B1,stop1,nearest-car,60006,400,0,0,227,34.765,119,3,266,67.942,145,2000,0.058
lunch-bursts,B1,stop1,nearest-car,60009,400,0,0,296,40.18,127,2,323,73.9,167,2000,0.057
lunch-bursts,B1,stop1,nearest-car-eta,60000,400,0,0,125,16.27,79,2,178,48.355,120,2000,0.085
lunch-bursts,B1,stop1,nearest-car-eta,60003,400,0,0,125,17.415,87,2,172,51.292,111,2000,0.089
lunch-bursts,B1,stop1,nearest-car-eta,60002,400,0,0,156,17.508,73,2,160,49.14,108,2000,0.081
lunch-bursts,B1,stop1,nearest-car-eta,60006,400,0,0,126,17.413,68,3,172,50.655,114,2000,0.088
lunch-bursts,B1,stop1,nearest-car-eta,60001,400,0,0,117,20.67,89,2,143,53.377,121,2000,0.089
lunch-bursts,B1,stop1,nearest-car-eta,60004,400,0,0,120,17.442,90,2,178,50.98,121,2000,0.085
lunch-bursts,B1,stop1,nearest-car-eta,60005,400,0,0,228,20.95,89,2,234,54.392,119,2000,0.09
lunch-bursts,B1,stop1,nearest-car-eta,60008,400,0,0,118,16.538,68,2,162,49.403,109,2000,0.085
lunch-bursts,B1,stop1,round-robin,60000,400,0,0,124,46.688,100,2,172,77.853,139,2000,0.057
lunch-bursts,B1,stop1,nearest-car-eta,60007,400,0,0,124,17.67,69,2,168,51.252,117,2000,0.088
lunch-bursts,B1,stop1,nearest-car-eta,60009,400,0,0,123,15.92,64,2,175,49.64,84,2000,0.086
lunch-bursts,B1,stop1,round-robin,60002,400,0,0,120,47.035,98,4,163,77.748,137,2000,0.059
lunch-bursts,B1,stop1,round-robin,60001,400,0,0,119,51.555,107,2,179,83.495,146,2000,0.051
lunch-bursts,B1,stop1,round-robin,60003,400,0,0,121,47.795,102,4,180,80.77,150,2000,0.054
lunch-bursts,B1,stop1,round-robin,60005,400,0,0,119,46.763,105,6,177,79.537,142,2000,0.052
lunch-bursts,B1,stop1,round-robin,60007,400,0,0,116,49.555,105,7,163,82.338,143,2000,0.06
lunch-bursts,B1,stop1,round-robin,60004,400,0,0,124,48.87,104,2,183,81.642,143,2000,0.054
lunch-bursts,B1,stop1,round-robin,60006,400,0,0,122,46.105,101,3,170,78.315,138,2000,0.057
lunch-bursts,B1,stop1,round-robin,60009,400,0,0,122,47.205,101,3,179,79.942,142,2000,0.058
lunch-bursts,B1,stop1,zone-based,60000,400,0,0,220,59.815,167,3,273,91.895,206,2000,0.063
lunch-bursts,B1,stop1,round-robin,60008,400,0,0,119,41.915,93,3,171,73.92,137,2000,0.053
lunch-bursts,B1,stop1,zone-based,60002,400,0,0,358,68.127,216,5,404,99.745,249,2000,0.065
lunch-bursts,B1,stop1,zone-based,60001,400,0,0,335,57.935,213,2,395,90.843,232,2000,0.06
lunch-bursts,B1,stop1,zone-based,60003,400,0,0,231,53.13,141,2,281,86.877,177,2000,0.061
lunch-bursts,B1,stop1,zone-based,60004,400,0,0,241,62.667,160,4,302,96.302,193,2000,0.06
lunch-bursts,B1,stop1,zone-based,60007,400,0,0,526,88.65,345,6,574,122.218,378,2000,0.063
lunch-bursts,B1,stop1,zone-based,60005,400,0,0,276,61.148,150,3,330,94.745,194,2000,0.05
lunch-bursts,B1,stop1,zone-based,60006,400,0,0,366,65.205,218,3,433,98.355,253,2000,0.052
lunch-bursts,B1,stop1,zone-based,60009,400,0,0,366,70.362,234,2,426,103.97,266,2000,0.064
lunch-bursts,B1,stop1,zone-based,60008,400,0,0,364,55.712,129,5,395,88.595,179,2000,0.059
lunch-bursts,B1,stop1,express,60000,400,0,0,127,27.92,98,2,184,59.56,149,2000,0.085
lunch-bursts,B1,stop1,express,60001,400,0,0,127,29.133,102,2,181,61.535,158,2000,0.088
lunch-bursts,B1,stop1,express,60002,400,0,0,120,26.5,93,2,181,57.492,150,2000,0.088
lunch-bursts,B2,plain,eta-cost,60100,200,0,0,124,23.77,63,1,175,54.54,116,2000,0.044
lunch-bursts,B1,stop1,express,60003,400,0,0,122,30.31,100,2,181,63.58,150,2000,0.088
lunch-bursts,B1,stop1,express,60004,400,0,0,142,32.422,108,2,200,65.5,161,2000,0.088
lunch-bursts,B1,stop1,express,60005,400,0,0,156,28.675,106,2,217,61.75,152,2000,0.091
lunch-bursts,B1,stop1,express,60007,400,0,0,239,34.505,111,2,283,67.588,164,2000,0.086
lunch-bursts,B1,stop1,express,60009,400,0,0,157,30.703,100,2,206,63.69,157,2000,0.086
lunch-bursts,B1,stop1,express,60008,400,0,0,136,30.985,106,2,197,63.398,158,2000,0.09
lunch-bursts,B1,stop1,express,60006,400,0,0,148,31.465,108,3,199,64.082,159,2000,0.087
lunch-bursts,B2,plain,eta-cost,60101,200,0,0,103,29.925,86,5,129,60.41,112,2000,0.045
lunch-bursts,B2,plain,eta-cost,60102,200,0,0,118,29.63,85,1,167,59,118,2000,0.047
lunch-bursts,B2,plain,eta-cost,60103,200,0,0,114,31.475,63,1,165,63.17,114,2000,0.046
lunch-bursts,B2,plain,eta-cost,60104,200,0,0,118,28.02,83,1,162,55.58,118,2000,0.048
lunch-bursts,B2,plain,eta-cost,60105,200,0,0,132,31.225,90,1,150,61.785,118,2000,0.04
lunch-bursts,B2,plain,eta-cost,60107,200,0,0,156,28.555,83,1,173,60.8,118,2000,0.045
lunch-bursts,B2,plain,eta-cost,60106,200,0,0,118,25.52,79,1,167,55.4,118,2000,0.042
lunch-bursts,B2,plain,eta-cost,60108,200,0,0,103,25.89,79,1,118,54.53,112,2000,0.044
lunch-bursts,B2,plain,eta-cost,60109,200,0,0,118,32.96,85,1,170,63.465,118,2000,0.045
lunch-bursts,B2,plain,eta-cost-fair,60100,200,0,0,124,23.58,65,1,175,54.35,116,2000,0.044
lunch-bursts,B2,plain,eta-cost-fair,60101,200,0,0,103,29.535,76,5,129,60.02,112,2000,0.045
lunch-bursts,B2,plain,eta-cost-fair,60102,200,0,0,112,29.3,85,1,168,58.67,118,2000,0.048
lunch-bursts,B2,plain,eta-cost-fair,60103,200,0,0,114,31.82,67,1,165,63.515,114,2000,0.047
lunch-bursts,B2,plain,eta-cost-fair,60105,200,0,0,116,31.145,88,1,148,61.705,118,2000,0.047
lunch-bursts,B2,plain,eta-cost-fair,60104,200,0,0,118,29.205,82,1,160,56.765,118,2000,0.048
lunch-bursts,B2,plain,nearest-car,60100,200,0,0,114,35.625,103,1,118,66.395,116,2000,0.025
lunch-bursts,B2,plain,eta-cost-fair,60107,200,0,0,156,28.005,82,1,173,60.25,118,2000,0.045
lunch-bursts,B2,plain,eta-cost-fair,60106,200,0,0,108,27.93,83,1,167,57.81,118,2000,0.045
lunch-bursts,B2,plain,nearest-car,60101,200,0,0,115,37.05,100,2,118,67.535,118,2000,0.026
lunch-bursts,B2,plain,eta-cost-fair,60109,200,0,0,118,32.75,85,1,170,63.255,118,2000,0.048
lunch-bursts,B2,plain,nearest-car,60102,200,0,0,113,40.32,104,1,168,69.69,118,2000,0.026
lunch-bursts,B2,plain,eta-cost-fair,60108,200,0,0,103,25.58,71,1,118,54.22,104,2000,0.046
lunch-bursts,B2,plain,nearest-car,60104,200,0,0,157,39.97,110,1,180,67.53,132,2000,0.029
lunch-bursts,B2,plain,nearest-car,60103,200,0,0,113,36.365,103,1,118,68.06,118,2000,0.025
lunch-bursts,B2,plain,nearest-car,60105,200,0,0,122,40.175,112,3,173,70.735,133,2000,0.027
lunch-bursts,B2,plain,nearest-car,60106,200,0,0,116,35.305,105,1,118,65.185,118,2000,0.028
lunch-bursts,B2,plain,nearest-car,60107,200,0,0,116,38.62,109,1,172,70.865,118,2000,0.03
lunch-bursts,B2,plain,nearest-car,60108,200,0,0,115,38.765,108,1,136,67.405,118,2000,0.025
lunch-bursts,B2,plain,nearest-car,60109,200,0,0,116,40.68,106,1,118,71.185,118,2000,0.025
lunch-bursts,B2,plain,nearest-car-eta,60100,200,0,0,143,33.835,101,1,174,64.605,118,2000,0.035
lunch-bursts,B2,plain,nearest-car-eta,60102,200,0,0,159,34.08,106,1,162,63.45,122,2000,0.034
lunch-bursts,B2,plain,nearest-car-eta,60101,200,0,0,146,28.63,91,5,152,59.115,110,2000,0.043
lunch-bursts,B2,plain,nearest-car-eta,60104,200,0,0,121,31.565,96,1,122,59.125,116,2000,0.037
lunch-bursts,B2,plain,nearest-car-eta,60105,200,0,0,159,34.29,102,1,161,64.85,116,2000,0.041
lunch-bursts,B2,plain,nearest-car-eta,60106,200,0,0,169,30.295,89,1,171,60.175,113,2000,0.04
lunch-bursts,B2,plain,nearest-car-eta,60103,200,0,0,125,29.415,97,1,136,61.11,112,2000,0.039
lunch-bursts,B2,plain,nearest-car-eta,60107,200,0,0,146,36.86,109,1,154,69.105,118,2000,0.039
lunch-bursts,B2,plain,nearest-car-eta,60109,200,0,0,154,34.155,97,1,156,64.66,116,2000,0.037
lunch-bursts,B2,plain,nearest-car-eta,60108,200,0,0,118,33.505,98,1,130,62.145,110,2000,0.036
lunch-bursts,B2,plain,round-robin,60101,200,0,0,115,37.05,100,2,118,67.535,118,2000,0.028
lunch-bursts,B2,plain,round-robin,60100,200,0,0,114,35.625,103,1,118,66.395,116,2000,0.03
lunch-bursts,B2,plain,round-robin,60102,200,0,0,113,40.94,101,1,164,70.31,118,2000,0.03
lunch-bursts,B2,plain,round-robin,60103,200,0,0,113,36.365,103,1,118,68.06,118,2000,0.026
lunch-bursts,B2,plain,round-robin,60107,200,0,0,116,39.83,105,1,154,72.075,118,2000,0.028
lunch-bursts,B2,plain,round-robin,60106,200,0,0,116,35.305,105,1,118,65.185,118,2000,0.025
lunch-bursts,B2,plain,round-robin,60104,200,0,0,125,39.695,106,1,157,67.255,118,2000,0.028
lunch-bursts,B2,plain,round-robin,60108,200,0,0,115,39.355,108,1,136,67.995,116,2000,0.026
lunch-bursts,B2,plain,round-robin,60105,200,0,0,116,39.705,106,3,141,70.265,118,2000,0.025
lunch-bursts,B2,plain,round-robin,60109,200,0,0,116,40.68,106,1,118,71.185,118,2000,0.027
lunch-bursts,B2,plain,zone-based,60100,200,0,0,154,43.245,128,14,211,74.015,160,2000,0.026
lunch-bursts,B2,plain,zone-based,60101,200,0,0,150,40.13,128,7,197,70.615,167,2000,0.033
lunch-bursts,B2,plain,zone-based,60103,200,0,0,182,48.945,158,2,238,80.64,190,2000,0.031
lunch-bursts,B2,plain,zone-based,60105,200,0,0,166,45.605,118,3,221,76.165,162,2000,0.03
lunch-bursts,B2,plain,zone-based,60102,200,0,0,138,37.34,110,1,194,66.71,160,2000,0.032
lunch-bursts,B2,plain,zone-based,60104,200,0,0,140,38.325,126,2,169,65.885,159,2000,0.027
lunch-bursts,B2,plain,zone-based,60106,200,0,0,184,48.115,138,6,213,77.995,174,2000,0.029
lunch-bursts,B2,plain,zone-based,60108,200,0,0,156,40.635,126,7,185,69.275,160,2000,0.026
lunch-bursts,B2,plain,zone-based,60107,200,0,0,150,45.64,128,4,203,77.885,174,2000,0.026
lunch-bursts,B2,plain,zone-based,60109,200,0,0,184,47.29,132,8,223,77.795,162,2000,0.026
lunch-bursts,B2,plain,express,60101,200,0,0,104,30.045,71,2,118,60.53,111,2000,0.038
lunch-bursts,B2,plain,express,60100,200,0,0,110,28.175,71,1,118,58.945,116,2000,0.039
lunch-bursts,B2,plain,express,60102,200,0,0,109,33.42,70,1,162,62.79,118,2000,0.039
lunch-bursts,B2,plain,express,60103,200,0,0,114,31.675,78,1,173,63.37,117,2000,0.034
lunch-bursts,B2,plain,express,60104,200,0,0,114,33.79,72,2,153,61.35,118,2000,0.042
lunch-bursts,B2,plain,express,60105,200,0,0,78,30.205,74,3,118,60.765,118,2000,0.033
lunch-bursts,B2,plain,express,60106,200,0,0,90,31.035,73,3,118,60.915,118,2000,0.038
lunch-bursts,B2,plain,express,60107,200,0,0,76,28.8,72,1,118,61.045,118,2000,0.038
lunch-bursts,B2,plain,express,60108,200,0,0,83,28.575,70,1,118,57.215,116,2000,0.038
lunch-bursts,B2,plain,express,60109,200,0,0,115,30.46,72,1,135,60.965,118,2000,0.037
lunch-bursts,B2,stop1,eta-cost,60101,200,0,0,131,28.95,95,3,186,62.745,129,2000,0.06
lunch-bursts,B2,stop1,eta-cost,60100,200,0,0,136,27.085,76,2,184,61.305,128,2000,0.056
lunch-bursts,B2,stop1,eta-cost,60102,200,0,0,111,30.86,84,2,131,63.405,131,2000,0.047
lunch-bursts,B2,stop1,eta-cost,60103,200,0,0,126,35.095,74,3,179,70.065,126,2000,0.053
lunch-bursts,B2,stop1,eta-cost,60104,200,0,0,131,31.315,95,2,177,62.23,130,2000,0.052
lunch-bursts,B2,stop1,eta-cost,60105,200,0,0,125,33.2,96,2,165,67.24,131,2000,0.058
lunch-bursts,B2,stop1,eta-cost,60108,200,0,0,114,29.21,88,2,129,61.11,123,2000,0.056
lunch-bursts,B2,stop1,eta-cost,60107,200,0,0,128,32.83,100,2,187,68.435,129,2000,0.055
lunch-bursts,B2,stop1,eta-cost,60106,200,0,0,129,34.93,87,2,189,67.97,129,2000,0.053
lunch-bursts,B2,stop1,eta-cost,60109,200,0,0,127,35.065,95,2,186,69.17,129,2000,0.062
lunch-bursts,B2,stop1,eta-cost-fair,60101,200,0,0,130,33.615,92,6,182,67.52,125,2000,0.054
lunch-bursts,B2,stop1,eta-cost-fair,60100,200,0,0,127,30.545,80,2,185,64.46,128,2000,0.05
lunch-bursts,B2,stop1,eta-cost-fair,60102,200,0,0,106,30.815,80,2,129,63.29,129,2000,0.058
lunch-bursts,B2,stop1,eta-cost-fair,60103,200,0,0,126,34.87,74,2,178,69.79,124,2000,0.048
lunch-bursts,B2,stop1,eta-cost-fair,60104,200,0,0,123,29.97,90,3,177,61.035,128,2000,0.055
lunch-bursts,B2,stop1,eta-cost-fair,60106,200,0,0,101,31.185,91,2,132,64.55,125,2000,0.052
lunch-bursts,B2,stop1,nearest-car,60100,200,0,0,123,39.27,112,2,128,73.075,127,2000,0.028
lunch-bursts,B2,stop1,eta-cost-fair,60105,200,0,0,125,32.92,96,2,166,66.92,128,2000,0.057
lunch-bursts,B2,stop1,eta-cost-fair,60108,200,0,0,114,29.355,86,2,127,61.375,116,2000,0.058
lunch-bursts,B2,stop1,eta-cost-fair,60107,200,0,0,128,31.855,97,2,187,67.585,128,2000,0.055
lunch-bursts,B2,stop1,nearest-car,60101,200,0,0,125,40.64,110,3,129,74.27,127,2000,0.027
lunch-bursts,B2,stop1,nearest-car,60102,200,0,0,127,44.28,113,2,185,76.725,128,2000,0.027
lunch-bursts,B2,stop1,nearest-car,60103,200,0,0,123,39.78,112,2,129,74.755,128,2000,0.026
lunch-bursts,B2,stop1,eta-cost-fair,60109,200,0,0,127,35.12,95,2,186,69.235,127,2000,0.053
lunch-bursts,B2,stop1,nearest-car,60104,200,0,0,169,43.57,120,2,193,74.285,142,2000,0.027
lunch-bursts,B2,stop1,nearest-car,60105,200,0,0,132,43.795,121,4,186,77.575,143,2000,0.031
lunch-bursts,B2,stop1,nearest-car,60107,200,0,0,131,42.3,119,2,186,77.775,129,2000,0.028
lunch-bursts,B2,stop1,nearest-car,60106,200,0,0,126,38.89,115,2,129,71.85,129,2000,0.03
lunch-bursts,B2,stop1,nearest-car,60108,200,0,0,124,42.435,115,2,146,74.3,128,2000,0.027
lunch-bursts,B2,stop1,nearest-car,60109,200,0,0,126,44.51,115,2,129,78.145,129,2000,0.028
lunch-bursts,B2,stop1,nearest-car-eta,60100,200,0,0,155,37.29,111,2,187,71.5,128,2000,0.047
lunch-bursts,B2,stop1,nearest-car-eta,60101,200,0,0,163,31.87,98,6,170,66.01,121,2000,0.043
lunch-bursts,B2,stop1,nearest-car-eta,60102,200,0,0,171,37.335,117,2,175,70.19,133,2000,0.043
lunch-bursts,B2,stop1,nearest-car-eta,60103,200,0,0,116,32.41,107,2,128,67.62,124,2000,0.042
lunch-bursts,B2,stop1,nearest-car-eta,60106,200,0,0,157,37.885,107,2,172,71.2,128,2000,0.042
lunch-bursts,B2,stop1,nearest-car-eta,60104,200,0,0,124,32.19,103,3,176,63.36,128,2000,0.041
lunch-bursts,B2,stop1,round-robin,60100,200,0,0,123,39.27,112,2,128,73.075,127,2000,0.027
lunch-bursts,B2,stop1,nearest-car-eta,60105,200,0,0,176,38.995,112,2,179,73.185,128,2000,0.046
lunch-bursts,B2,stop1,nearest-car-eta,60107,200,0,0,156,40.945,124,2,168,76.825,128,2000,0.04
lunch-bursts,B2,stop1,round-robin,60101,200,0,0,125,40.64,110,3,129,74.27,127,2000,0.027
lunch-bursts,B2,stop1,nearest-car-eta,60109,200,0,0,168,37.555,107,2,171,71.76,127,2000,0.044
lunch-bursts,B2,stop1,nearest-car-eta,60108,200,0,0,135,37.2,108,2,159,69.395,122,2000,0.047
lunch-bursts,B2,stop1,round-robin,60102,200,0,0,123,44.74,110,2,174,77.17,128,2000,0.026
lunch-bursts,B2,stop1,round-robin,60103,200,0,0,123,39.78,112,2,129,74.755,128,2000,0.029
lunch-bursts,B2,stop1,round-robin,60104,200,0,0,135,43.33,116,2,168,73.995,129,2000,0.028
lunch-bursts,B2,stop1,round-robin,60106,200,0,0,126,38.89,115,2,129,71.85,129,2000,0.03
lunch-bursts,B2,stop1,round-robin,60105,200,0,0,127,43.49,115,4,152,77.18,129,2000,0.025
lunch-bursts,B2,stop1,round-robin,60108,200,0,0,124,43.08,115,2,146,74.765,127,2000,0.028
lunch-bursts,B2,stop1,round-robin,60107,200,0,0,125,43.49,115,2,164,78.855,129,2000,0.032
lunch-bursts,B2,stop1,zone-based,60100,200,0,0,177,51.62,139,16,208,85.595,175,2000,0.027
lunch-bursts,B2,stop1,round-robin,60109,200,0,0,126,44.51,115,2,129,78.145,129,2000,0.029
lunch-bursts,B2,stop1,zone-based,60101,200,0,0,207,55.815,161,8,255,89.37,206,2000,0.033
lunch-bursts,B2,stop1,zone-based,60102,200,0,0,169,42.16,124,2,227,74.655,166,2000,0.025
lunch-bursts,B2,stop1,zone-based,60103,200,0,0,301,64.505,198,3,365,99.61,248,2000,0.031
lunch-bursts,B2,stop1,zone-based,60105,200,0,0,197,53.32,132,4,255,87.035,176,2000,0.028
lunch-bursts,B2,stop1,zone-based,60107,200,0,0,218,56.125,140,5,278,91.54,190,2000,0.031
lunch-bursts,B2,stop1,zone-based,60104,200,0,0,152,45.755,141,3,199,76.44,169,2000,0.034
lunch-bursts,B2,stop1,zone-based,60106,200,0,0,218,57.95,145,7,236,91.05,185,2000,0.03
lunch-bursts,B2,stop1,zone-based,60108,200,0,0,171,47.945,138,8,209,79.675,169,2000,0.03
lunch-bursts,B2,stop1,zone-based,60109,200,0,0,214,51.47,126,9,260,85.3,171,2000,0.031
lunch-bursts,B2,stop1,express,60101,200,0,0,121,34.235,83,3,126,67.8,118,2000,0.046
lunch-bursts,B2,stop1,express,60100,200,0,0,126,32.235,82,2,129,66.145,128,2000,0.036
lunch-bursts,B2,stop1,express,60102,200,0,0,121,37.555,80,2,170,69.995,124,2000,0.037
lunch-bursts,B2,stop1,express,60106,200,0,0,103,34.755,83,4,129,67.65,127,2000,0.045
lunch-bursts,B2,stop1,express,60103,200,0,0,120,35.545,90,2,181,70.285,126,2000,0.044
lunch-bursts,B2,stop1,express,60105,200,0,0,91,34.255,83,4,129,67.995,127,2000,0.043
lunch-bursts,B2,stop1,express,60107,200,0,0,88,32.725,81,2,128,68.065,128,2000,0.043
lunch-bursts,B2,stop1,express,60108,200,0,0,98,32.725,80,2,125,64.435,123,2000,0.037
lunch-bursts,B2,stop1,express,60104,200,0,0,126,37.985,81,3,167,68.935,124,2000,0.047
lunch-bursts,B2,stop1,express,60109,200,0,0,129,34.89,82,2,150,68.56,125,2000,0.044
lunch-bursts,B3,plain,eta-cost,60200,800,0,0,54,7.444,27,1,108,37.031,66,2000,0.208
lunch-bursts,B3,plain,eta-cost,60202,800,0,0,61,6.718,26,1,118,37.555,66,2000,0.218
lunch-bursts,B3,plain,eta-cost,60201,800,0,0,58,7.591,27,1,116,37.221,64,2000,0.211
lunch-bursts,B3,plain,eta-cost,60204,800,0,0,59,6.508,26,1,118,37.59,64,2000,0.212
lunch-bursts,B3,plain,eta-cost,60205,800,0,0,59,6.832,27,1,118,36.219,66,2000,0.202
lunch-bursts,B3,plain,eta-cost,60203,800,0,0,59,7.389,27,1,110,37.337,68,2000,0.198
lunch-bursts,B3,plain,eta-cost,60207,800,0,0,61,7.475,28,1,118,36.761,68,2000,0.202
lunch-bursts,B3,plain,eta-cost,60208,800,0,0,58,6.919,26,1,116,37.812,64,2000,0.208
lunch-bursts,B3,plain,eta-cost,60206,800,0,0,72,7.04,27,1,110,38.097,64,2000,0.205
lunch-bursts,B3,plain,eta-cost,60209,800,0,0,87,7.245,27,1,112,37.065,66,2000,0.212
lunch-bursts,B3,plain,eta-cost-fair,60200,800,0,0,54,7.454,27,1,108,37.041,66,2000,0.209
lunch-bursts,B3,plain,eta-cost-fair,60206,800,0,0,72,7.044,27,1,110,38.101,64,2000,0.209
lunch-bursts,B3,plain,eta-cost-fair,60201,800,0,0,58,7.484,27,1,116,37.114,64,2000,0.182
lunch-bursts,B3,plain,eta-cost-fair,60203,800,0,0,59,7.389,27,1,110,37.337,68,2000,0.202
lunch-bursts,B3,plain,eta-cost-fair,60204,800,0,0,59,6.524,26,1,118,37.606,64,2000,0.223
lunch-bursts,B3,plain,eta-cost-fair,60205,800,0,0,59,6.834,27,1,118,36.22,66,2000,0.219
lunch-bursts,B3,plain,eta-cost-fair,60207,800,0,0,61,7.475,28,1,118,36.761,68,2000,0.211
lunch-bursts,B3,plain,eta-cost-fair,60209,800,0,0,87,7.244,27,1,112,37.064,66,2000,0.216
lunch-bursts,B3,plain,eta-cost-fair,60208,800,0,0,58,6.804,26,1,116,37.697,64,2000,0.213
lunch-bursts,B3,plain,eta-cost-fair,60202,800,0,0,61,6.718,26,1,118,37.555,66,2000,0.208
lunch-bursts,B3,plain,nearest-car,60201,800,0,0,132,14.981,91,1,179,44.611,108,2000,0.096
lunch-bursts,B3,plain,nearest-car,60200,800,0,0,118,14.744,73,1,169,44.331,96,2000,0.085
lunch-bursts,B3,plain,nearest-car,60203,800,0,0,116,16.613,92,1,166,46.561,116,2000,0.097
lunch-bursts,B3,plain,nearest-car,60204,800,0,0,118,13.261,86,1,171,44.344,108,2000,0.101
lunch-bursts,B3,plain,nearest-car,60202,800,0,0,179,14.226,90,1,188,45.064,114,2000,0.098
lunch-bursts,B3,plain,nearest-car,60205,800,0,0,282,15.947,87,1,292,45.334,113,2000,0.101
lunch-bursts,B3,plain,nearest-car,60207,800,0,0,114,13.172,79,1,165,42.459,93,2000,0.105
lunch-bursts,B3,plain,nearest-car,60208,800,0,0,139,15.27,83,1,198,46.164,104,2000,0.102
lunch-bursts,B3,plain,nearest-car,60209,800,0,0,124,15.996,94,1,173,45.816,110,2000,0.099
lunch-bursts,B3,plain,nearest-car,60206,800,0,0,184,17.251,94,1,225,48.309,123,2000,0.102
lunch-bursts,B3,plain,nearest-car-eta,60200,800,0,0,112,8.43,32,1,169,38.017,66,2000,0.171
lunch-bursts,B3,plain,nearest-car-eta,60201,800,0,0,114,9.131,42,1,172,38.761,68,2000,0.182
lunch-bursts,B3,plain,nearest-car-eta,60203,800,0,0,139,10.5,55,1,162,40.449,92,2000,0.175
lunch-bursts,B3,plain,nearest-car-eta,60204,800,0,0,113,8.646,32,1,172,39.729,66,2000,0.154
lunch-bursts,B3,plain,nearest-car-eta,60202,800,0,0,116,9.526,54,1,175,40.364,72,2000,0.153
lunch-bursts,B3,plain,nearest-car-eta,60205,800,0,0,113,8.704,39,1,170,38.09,67,2000,0.169
lunch-bursts,B3,plain,nearest-car-eta,60206,800,0,0,122,8.86,33,1,171,39.917,68,2000,0.182
lunch-bursts,B3,plain,nearest-car-eta,60208,800,0,0,115,7.822,33,1,173,38.716,62,2000,0.181
lunch-bursts,B3,plain,nearest-car-eta,60207,800,0,0,114,9.979,57,1,165,39.265,86,2000,0.17
lunch-bursts,B3,plain,round-robin,60200,800,0,0,117,45.766,97,2,170,75.354,131,2000,0.114
lunch-bursts,B3,plain,round-robin,60201,800,0,0,116,45.611,97,2,170,75.241,130,2000,0.11
lunch-bursts,B3,plain,round-robin,60202,800,0,0,116,46.454,94,6,168,77.291,136,2000,0.109
lunch-bursts,B3,plain,round-robin,60203,800,0,0,116,43.264,96,4,169,73.213,133,2000,0.112
lunch-bursts,B3,plain,round-robin,60204,800,0,0,116,48.566,101,3,165,79.649,141,2000,0.107
lunch-bursts,B3,plain,nearest-car-eta,60209,800,0,0,115,9.1,38,1,173,38.92,68,2000,0.182
lunch-bursts,B3,plain,round-robin,60205,800,0,0,117,46.471,98,4,168,75.858,133,2000,0.11
lunch-bursts,B3,plain,round-robin,60208,800,0,0,116,48.806,101,1,165,79.7,142,2000,0.11
lunch-bursts,B3,plain,round-robin,60206,800,0,0,116,47.629,101,3,164,78.686,138,2000,0.108
lunch-bursts,B3,plain,round-robin,60209,800,0,0,112,45.358,96,3,166,75.177,134,2000,0.105
lunch-bursts,B3,plain,round-robin,60207,800,0,0,115,45.44,98,2,170,74.726,137,2000,0.103
lunch-bursts,B3,plain,zone-based,60200,800,0,0,280,42.976,138,1,317,72.564,178,2000,0.1
lunch-bursts,B3,plain,zone-based,60201,800,0,0,224,46.921,140,2,264,76.551,168,2000,0.11
lunch-bursts,B3,plain,zone-based,60202,800,0,0,228,47.733,154,1,274,78.57,188,2000,0.112
lunch-bursts,B3,plain,zone-based,60205,800,0,0,314,48.114,138,3,319,77.5,178,2000,0.108
lunch-bursts,B3,plain,zone-based,60203,800,0,0,296,48.929,186,1,352,78.877,201,2000,0.111
lunch-bursts,B3,plain,zone-based,60204,800,0,0,234,48.267,152,3,286,79.35,191,2000,0.114
lunch-bursts,B3,plain,zone-based,60207,800,0,0,334,51.688,198,1,391,80.974,226,2000,0.117
lunch-bursts,B3,plain,zone-based,60206,800,0,0,226,46.776,142,2,285,77.834,179,2000,0.104
lunch-bursts,B3,plain,zone-based,60209,800,0,0,346,50.674,158,3,396,80.494,183,2000,0.091
lunch-bursts,B3,plain,zone-based,60208,800,0,0,320,50.3,144,1,375,81.194,179,2000,0.114
lunch-bursts,B3,plain,express,60200,800,0,0,75,12.55,50,1,122,42.138,99,2000,0.159
lunch-bursts,B3,plain,express,60206,800,0,0,93,14.981,53,1,152,46.039,104,2000,0.165
lunch-bursts,B3,plain,express,60201,800,0,0,95,14.886,60,1,150,44.516,110,2000,0.168
lunch-bursts,B3,plain,express,60203,800,0,0,162,18.526,74,1,210,48.475,122,2000,0.168
lunch-bursts,B3,plain,express,60202,800,0,0,108,19.516,78,1,164,50.354,128,2000,0.166
lunch-bursts,B3,plain,express,60204,800,0,0,98,16.348,69,1,154,47.43,120,2000,0.173
lunch-bursts,B3,plain,express,60205,800,0,0,86,14.294,65,1,136,43.68,117,2000,0.163
lunch-bursts,B3,plain,express,60208,800,0,0,93,14.366,60,1,150,45.26,111,2000,0.159
lunch-bursts,B3,plain,express,60207,800,0,0,84,14.259,57,1,136,43.545,106,2000,0.163
lunch-bursts,B3,plain,express,60209,800,0,0,123,15.036,70,1,164,44.856,120,2000,0.16
lunch-bursts,B3,stop1,eta-cost,60201,800,0,0,60,7.45,28,2,119,39.316,70,2000,0.247
lunch-bursts,B3,stop1,eta-cost,60200,800,0,0,56,7.06,29,2,113,38.875,70,2000,0.251
lunch-bursts,B3,stop1,eta-cost,60202,800,0,0,68,7.096,28,2,125,40.344,68,2000,0.258
lunch-bursts,B3,stop1,eta-cost,60206,800,0,0,64,7.501,30,2,124,40.951,71,2000,0.25
lunch-bursts,B3,stop1,eta-cost,60208,800,0,0,85,7.38,30,2,127,40.669,72,2000,0.274
lunch-bursts,B3,stop1,eta-cost,60207,800,0,0,58,7.564,30,2,114,39.157,76,2000,0.263
lunch-bursts,B3,stop1,eta-cost,60205,800,0,0,61,7.558,31,2,122,39.239,70,2000,0.261
lunch-bursts,B3,stop1,eta-cost,60209,800,0,0,56,7.24,29,2,113,39.456,71,2000,0.263
lunch-bursts,B3,stop1,eta-cost,60203,800,0,0,61,8.078,33,2,116,40.328,77,2000,0.258
lunch-bursts,B3,stop1,eta-cost,60204,800,0,0,59,6.827,27,2,121,40.29,68,2000,0.265
lunch-bursts,B3,stop1,eta-cost-fair,60200,800,0,0,56,7.124,28,2,111,38.885,75,2000,0.268
lunch-bursts,B3,stop1,eta-cost-fair,60201,800,0,0,59,7.461,29,2,119,39.33,70,2000,0.26
lunch-bursts,B3,stop1,eta-cost-fair,60202,800,0,0,67,7.185,28,2,127,40.319,67,2000,0.25
lunch-bursts,B3,stop1,eta-cost-fair,60204,800,0,0,59,7.215,28,2,121,40.551,70,2000,0.255
lunch-bursts,B3,stop1,eta-cost-fair,60208,800,0,0,61,6.464,26,2,121,39.62,67,2000,0.253
lunch-bursts,B3,stop1,eta-cost-fair,60205,800,0,0,60,8.226,32,2,119,39.862,73,2000,0.255
lunch-bursts,B3,stop1,eta-cost-fair,60207,800,0,0,58,7.327,29,2,114,38.833,75,2000,0.258
lunch-bursts,B3,stop1,nearest-car,60200,800,0,0,132,18.534,115,2,191,50.611,123,2000,0.103
lunch-bursts,B3,stop1,eta-cost-fair,60203,800,0,0,56,7.441,28,2,114,39.63,70,2000,0.264
lunch-bursts,B3,stop1,eta-cost-fair,60206,800,0,0,55,7.226,29,2,112,40.61,72,2000,0.262
lunch-bursts,B3,stop1,nearest-car,60201,800,0,0,189,17.091,76,2,200,49.186,105,2000,0.104
lunch-bursts,B3,stop1,nearest-car,60202,800,0,0,132,19.474,113,2,190,53.019,128,2000,0.107
lunch-bursts,B3,stop1,nearest-car,60203,800,0,0,128,16.949,103,2,183,49.376,116,2000,0.099
lunch-bursts,B3,stop1,eta-cost-fair,60209,800,0,0,56,7.744,30,2,112,39.844,68,2000,0.261
lunch-bursts,B3,stop1,nearest-car,60205,800,0,0,252,19.266,112,2,256,51.25,123,2000,0.104
lunch-bursts,B3,stop1,nearest-car,60208,800,0,0,180,18.628,111,2,205,52.075,126,2000,0.1
lunch-bursts,B3,stop1,nearest-car,60206,800,0,0,209,18.919,110,2,213,52.547,129,2000,0.1
lunch-bursts,B3,stop1,nearest-car,60204,800,0,0,146,15.395,76,2,188,49.093,107,2000,0.103
lunch-bursts,B3,stop1,nearest-car,60207,800,0,0,197,19.171,108,2,215,50.921,119,2000,0.098
lunch-bursts,B3,stop1,nearest-car,60209,800,0,0,176,18.516,106,2,198,50.926,121,2000,0.11
lunch-bursts,B3,stop1,nearest-car-eta,60200,800,0,0,120,10.717,39,2,173,42.84,77,2000,0.206
lunch-bursts,B3,stop1,nearest-car-eta,60201,800,0,0,121,9.91,37,2,177,41.991,72,2000,0.212
lunch-bursts,B3,stop1,nearest-car-eta,60202,800,0,0,124,10.339,50,2,184,43.839,76,2000,0.212
lunch-bursts,B3,stop1,nearest-car-eta,60203,800,0,0,113,11.585,59,2,173,44.169,95,2000,0.207
lunch-bursts,B3,stop1,nearest-car-eta,60205,800,0,0,121,10.865,61,2,169,42.829,95,2000,0.203
lunch-bursts,B3,stop1,nearest-car-eta,60207,800,0,0,119,9.576,46,2,125,41.289,79,2000,0.203
lunch-bursts,B3,stop1,nearest-car-eta,60206,800,0,0,122,10.346,37,2,173,44.104,73,2000,0.214
lunch-bursts,B3,stop1,nearest-car-eta,60208,800,0,0,121,9.984,41,2,183,43.525,76,2000,0.197
lunch-bursts,B3,stop1,nearest-car-eta,60204,800,0,0,137,8.607,36,2,179,42.339,74,2000,0.207
lunch-bursts,B3,stop1,nearest-car-eta,60209,800,0,0,122,10.766,55,2,187,43.201,81,2000,0.219
lunch-bursts,B3,stop1,round-robin,60200,800,0,0,123,48.494,103,4,186,80.132,144,2000,0.107
lunch-bursts,B3,stop1,round-robin,60201,800,0,0,122,49.589,102,5,173,81.334,142,2000,0.11
lunch-bursts,B3,stop1,round-robin,60204,800,0,0,122,53.09,105,4,178,86.226,145,2000,0.116
lunch-bursts,B3,stop1,round-robin,60203,800,0,0,120,51.046,104,6,181,83.061,146,2000,0.107
lunch-bursts,B3,stop1,round-robin,60202,800,0,0,124,49.635,102,3,177,82.528,145,2000,0.118
lunch-bursts,B3,stop1,round-robin,60206,800,0,0,121,49.46,104,5,178,82.615,144,2000,0.106
lunch-bursts,B3,stop1,round-robin,60205,800,0,0,125,50.981,104,5,178,82.445,144,2000,0.107
lunch-bursts,B3,stop1,round-robin,60207,800,0,0,124,47.945,104,8,170,79.24,142,2000,0.111
lunch-bursts,B3,stop1,round-robin,60209,800,0,0,119,51.671,107,4,179,83.554,145,2000,0.116
lunch-bursts,B3,stop1,round-robin,60208,800,0,0,126,50.799,104,3,176,83.746,149,2000,0.105
lunch-bursts,B3,stop1,zone-based,60202,800,0,0,375,58.87,171,3,441,92.653,215,2000,0.111
lunch-bursts,B3,stop1,zone-based,60200,800,0,0,303,55.608,165,2,344,88.044,205,2000,0.115
lunch-bursts,B3,stop1,zone-based,60201,800,0,0,255,52.157,160,2,319,84.52,191,2000,0.125
lunch-bursts,B3,stop1,zone-based,60204,800,0,0,343,60.43,213,2,361,94.403,240,2000,0.11
lunch-bursts,B3,stop1,zone-based,60203,800,0,0,350,56.026,222,2,396,88.805,236,2000,0.119
lunch-bursts,B3,stop1,zone-based,60205,800,0,0,261,52.151,165,2,318,84.425,209,2000,0.112
lunch-bursts,B3,stop1,zone-based,60207,800,0,0,331,51.751,162,3,349,83.85,202,2000,0.115
lunch-bursts,B3,stop1,zone-based,60206,800,0,0,251,51.758,161,3,309,85.731,201,2000,0.111
lunch-bursts,B3,stop1,zone-based,60208,800,0,0,356,55.784,169,3,415,89.496,221,2000,0.117
lunch-bursts,B3,stop1,zone-based,60209,800,0,0,360,53.383,166,3,410,86.093,196,2000,0.112
lunch-bursts,B3,stop1,express,60200,800,0,0,121,18.559,80,2,176,50.148,130,2000,0.197
lunch-bursts,B3,stop1,express,60201,800,0,0,108,15.748,70,2,174,47.479,124,2000,0.195
lunch-bursts,B3,stop1,express,60203,800,0,0,140,16.536,69,2,185,48.57,124,2000,0.189
lunch-bursts,B3,stop1,express,60202,800,0,0,79,14.688,55,2,139,47.736,109,2000,0.194
lunch-bursts,B3,stop1,express,60204,800,0,0,115,19.657,84,2,176,52.906,137,2000,0.202
lunch-bursts,B4,plain,eta-cost,60300,400,0,0,45,8.09,28,1,58,22.705,52,1000,0.063
lunch-bursts,B3,stop1,express,60207,800,0,0,104,14.401,64,2,164,45.771,116,2000,0.194
lunch-bursts,B3,stop1,express,60209,800,0,0,118,16.855,70,2,168,48.77,130,2000,0.203
lunch-bursts,B3,stop1,express,60205,800,0,0,112,19.296,81,2,167,50.684,132,2000,0.195
lunch-bursts,B4,plain,eta-cost,60301,400,0,0,47,7.765,31,1,66,22.595,56,1000,0.068
lunch-bursts,B3,stop1,express,60206,800,0,0,138,20.301,84,2,182,53.611,137,2000,0.206
lunch-bursts,B3,stop1,express,60208,800,0,0,131,23.064,94,2,191,56.099,150,2000,0.203
lunch-bursts,B4,plain,eta-cost,60303,400,0,0,48,8.248,27,1,66,23.047,48,1000,0.068
lunch-bursts,B4,plain,eta-cost,60302,400,0,0,41,8.428,30,1,60,23.212,58,1000,0.065
lunch-bursts,B4,plain,eta-cost,60304,400,0,0,53,5.625,25,1,58,20.657,46,1000,0.062
lunch-bursts,B4,plain,eta-cost,60305,400,0,0,55,7.405,29,1,66,22.855,54,1000,0.065
lunch-bursts,B4,plain,eta-cost,60306,400,0,0,41,6.742,26,1,65,20.995,46,1000,0.066
lunch-bursts,B4,plain,eta-cost,60307,400,0,0,54,8.45,28,1,58,23.1,52,1000,0.064
lunch-bursts,B4,plain,eta-cost,60309,400,0,0,38,9.693,31,1,60,24.997,58,1000,0.065
lunch-bursts,B4,plain,eta-cost,60308,400,0,0,53,7.662,27,1,59,23.172,52,1000,0.064
lunch-bursts,B4,plain,eta-cost-fair,60301,400,0,0,47,6.46,29,1,66,21.29,49,1000,0.066
lunch-bursts,B4,plain,eta-cost-fair,60300,400,0,0,45,8.123,28,1,58,22.738,52,1000,0.067
lunch-bursts,B4,plain,eta-cost-fair,60302,400,0,0,43,7.532,29,1,58,22.317,54,1000,0.065
lunch-bursts,B4,plain,eta-cost-fair,60304,400,0,0,49,6.395,26,1,59,21.427,46,1000,0.065
lunch-bursts,B4,plain,eta-cost-fair,60303,400,0,0,48,6.808,26,1,66,21.608,46,1000,0.068
lunch-bursts,B4,plain,eta-cost-fair,60305,400,0,0,55,7.465,28,1,66,22.915,54,1000,0.065
lunch-bursts,B4,plain,nearest-car,60301,400,0,0,89,16.663,54,1,100,31.492,74,1000,0.022
lunch-bursts,B4,plain,nearest-car,60300,400,0,0,112,18.075,56,1,114,32.69,76,1000,0.029
lunch-bursts,B4,plain,nearest-car,60302,400,0,0,103,14.053,56,1,109,28.837,67,1000,0.027
lunch-bursts,B4,plain,nearest-car,60305,400,0,0,150,17.337,55,1,160,32.788,74,1000,0.027
lunch-bursts,B4,plain,eta-cost-fair,60307,400,0,0,54,8.223,28,1,58,22.872,50,1000,0.059
lunch-bursts,B4,plain,nearest-car,60303,400,0,0,181,20.343,62,1,190,35.142,85,1000,0.031
lunch-bursts,B4,plain,nearest-car,60304,400,0,0,99,13.742,53,1,110,28.775,66,1000,0.025
lunch-bursts,B4,plain,eta-cost-fair,60309,400,0,0,40,9.523,30,1,66,24.828,56,1000,0.071
lunch-bursts,B4,plain,eta-cost-fair,60306,400,0,0,43,6.692,26,1,64,20.945,46,1000,0.066
lunch-bursts,B4,plain,nearest-car,60306,400,0,0,111,13.335,54,1,112,27.587,64,1000,0.026
lunch-bursts,B4,plain,nearest-car,60307,400,0,0,163,20.003,70,1,164,34.653,84,1000,0.029
lunch-bursts,B4,plain,eta-cost-fair,60308,400,0,0,45,7.545,27,1,61,23.055,52,1000,0.066
lunch-bursts,B4,plain,nearest-car,60309,400,0,0,113,15.815,55,1,124,31.12,78,1000,0.024
lunch-bursts,B4,plain,nearest-car,60308,400,0,0,111,17.008,60,1,116,32.517,73,1000,0.03
lunch-bursts,B4,plain,nearest-car-eta,60300,400,0,0,54,8.547,37,1,58,23.163,48,1000,0.052
lunch-bursts,B4,plain,nearest-car-eta,60302,400,0,0,69,9.575,32,1,79,24.36,56,1000,0.049
lunch-bursts,B4,plain,nearest-car-eta,60307,400,0,0,63,9.262,37,1,73,23.913,52,1000,0.048
lunch-bursts,B4,plain,nearest-car-eta,60303,400,0,0,55,8.773,37,1,58,23.573,56,1000,0.05
lunch-bursts,B4,plain,nearest-car-eta,60301,400,0,0,55,9.812,36,1,58,24.642,56,1000,0.049
lunch-bursts,B4,plain,nearest-car-eta,60308,400,0,0,53,8.3,34,1,62,23.81,56,1000,0.051
lunch-bursts,B4,plain,nearest-car-eta,60305,400,0,0,55,9.527,36,1,72,24.977,56,1000,0.053
lunch-bursts,B4,plain,nearest-car-eta,60306,400,0,0,57,7.843,36,1,67,22.095,54,1000,0.05
lunch-bursts,B4,plain,nearest-car-eta,60309,400,0,0,63,12.915,38,1,64,28.22,58,1000,0.054
lunch-bursts,B4,plain,round-robin,60301,400,0,0,57,21.023,48,1,77,35.852,64,1000,0.032
lunch-bursts,B4,plain,round-robin,60300,400,0,0,56,20.273,49,2,79,34.888,66,1000,0.027
lunch-bursts,B4,plain,round-robin,60302,400,0,0,55,20.16,46,1,82,34.945,64,1000,0.03
lunch-bursts,B4,plain,round-robin,60303,400,0,0,56,21.453,47,3,80,36.252,64,1000,0.029
lunch-bursts,B4,plain,round-robin,60304,400,0,0,55,19.812,45,1,80,34.845,62,1000,0.029
lunch-bursts,B4,plain,round-robin,60306,400,0,0,55,18.427,45,1,76,32.68,58,1000,0.028
lunch-bursts,B4,plain,round-robin,60307,400,0,0,57,17.733,45,1,74,32.383,58,1000,0.027
lunch-bursts,B4,plain,round-robin,60305,400,0,0,54,21.34,45,1,78,36.79,65,1000,0.029
lunch-bursts,B4,plain,round-robin,60308,400,0,0,57,22.468,47,3,78,37.977,65,1000,0.029
lunch-bursts,B4,plain,round-robin,60309,400,0,0,57,20.152,47,2,81,35.458,65,1000,0.028
lunch-bursts,B4,plain,zone-based,60300,400,0,0,116,22.492,62,2,145,37.108,79,1000,0.03
lunch-bursts,B4,plain,zone-based,60301,400,0,0,94,22.637,66,1,115,37.468,81,1000,0.029
lunch-bursts,B4,plain,zone-based,60302,400,0,0,82,24.335,70,2,99,39.12,87,1000,0.028
lunch-bursts,B4,plain,zone-based,60304,400,0,0,119,25.168,69,3,141,40.2,84,1000,0.033
lunch-bursts,B4,plain,zone-based,60303,400,0,0,122,23.438,60,2,132,38.237,79,1000,0.03
lunch-bursts,B4,plain,zone-based,60306,400,0,0,170,29.913,104,2,189,44.165,114,1000,0.03
lunch-bursts,B4,plain,zone-based,60305,400,0,0,109,25.6,72,5,134,41.05,88,1000,0.029
lunch-bursts,B4,plain,zone-based,60307,400,0,0,86,20.782,72,2,107,35.432,85,1000,0.026
lunch-bursts,B4,plain,zone-based,60308,400,0,0,124,28.358,94,2,153,43.867,103,1000,0.032
lunch-bursts,B4,plain,zone-based,60309,400,0,0,93,24.515,61,2,106,39.82,80,1000,0.034
lunch-bursts,B4,plain,nearest-car-eta,60304,400,0,0,56,9.012,36,1,80,24.045,54,1000,0.049
lunch-bursts,B4,plain,express,60300,400,0,0,52,11.01,41,1,79,25.625,66,1000,0.046
lunch-bursts,B4,plain,express,60301,400,0,0,78,12.602,46,1,107,27.433,72,1000,0.047
lunch-bursts,B4,plain,express,60302,400,0,0,115,13.675,48,1,138,28.46,74,1000,0.052
lunch-bursts,B4,plain,express,60304,400,0,0,62,13.752,48,1,82,28.785,72,1000,0.05
lunch-bursts,B4,plain,express,60303,400,0,0,59,12.875,47,1,86,27.675,69,1000,0.05
lunch-bursts,B4,plain,express,60306,400,0,0,54,10.688,43,1,79,24.94,69,1000,0.05
lunch-bursts,B4,plain,express,60305,400,0,0,111,12.988,47,1,136,28.438,72,1000,0.051
lunch-bursts,B4,plain,express,60307,400,0,0,82,12.75,47,1,104,27.4,69,1000,0.054
lunch-bursts,B4,plain,express,60308,400,0,0,113,13.168,46,1,134,28.677,70,1000,0.05
lunch-bursts,B4,plain,express,60309,400,0,0,70,12.643,47,1,90,27.948,74,1000,0.051
lunch-bursts,B4,stop1,eta-cost,60300,400,0,0,54,8.58,32,2,72,25.828,56,1000,0.086
lunch-bursts,B4,stop1,eta-cost,60301,400,0,0,48,7.335,32,2,81,24.738,59,1000,0.083
lunch-bursts,B4,stop1,eta-cost,60304,400,0,0,52,8.16,33,2,77,25.727,58,1000,0.08
lunch-bursts,B4,stop1,eta-cost,60303,400,0,0,43,7.565,32,2,72,24.902,56,1000,0.082
lunch-bursts,B4,stop1,eta-cost,60306,400,0,0,45,6.982,31,2,68,23.758,55,1000,0.079
lunch-bursts,B4,stop1,eta-cost,60302,400,0,0,41,8.412,34,2,71,25.64,63,1000,0.082
lunch-bursts,B4,stop1,eta-cost,60305,400,0,0,66,8.703,34,2,73,26.613,65,1000,0.084
lunch-bursts,B4,stop1,eta-cost,60308,400,0,0,44,7.49,32,2,72,25.375,54,1000,0.076
lunch-bursts,B4,stop1,eta-cost,60307,400,0,0,50,6.27,25,2,71,23.665,42,1000,0.081
lunch-bursts,B4,stop1,eta-cost,60309,400,0,0,53,9.135,35,2,86,26.887,65,1000,0.082
lunch-bursts,B4,stop1,eta-cost-fair,60300,400,0,0,43,8.402,31,2,68,25.677,56,1000,0.078
lunch-bursts,B4,stop1,eta-cost-fair,60301,400,0,0,47,7.575,32,2,79,24.927,61,1000,0.083
lunch-bursts,B4,stop1,eta-cost-fair,60302,400,0,0,40,6.87,28,2,67,24.168,51,1000,0.079
lunch-bursts,B4,stop1,eta-cost-fair,60303,400,0,0,39,7.468,27,2,70,24.878,41,1000,0.086
lunch-bursts,B4,stop1,eta-cost-fair,60304,400,0,0,51,8.057,30,2,77,25.622,56,1000,0.086
lunch-bursts,B4,stop1,nearest-car,60300,400,0,0,128,17.055,62,2,141,34.417,82,1000,0.032
lunch-bursts,B4,stop1,nearest-car,60301,400,0,0,129,20.33,67,2,143,38.055,90,1000,0.029
lunch-bursts,B4,stop1,eta-cost-fair,60307,400,0,0,46,6.593,26,2,71,23.98,52,1000,0.08
lunch-bursts,B4,stop1,eta-cost-fair,60306,400,0,0,40,7.067,31,2,67,23.8,53,1000,0.082
lunch-bursts,B4,stop1,eta-cost-fair,60305,400,0,0,65,9.665,33,2,74,27.735,61,1000,0.084
lunch-bursts,B4,stop1,eta-cost-fair,60308,400,0,0,62,8.318,32,2,68,26.212,57,1000,0.082
lunch-bursts,B4,stop1,nearest-car,60302,400,0,0,141,21.648,71,2,146,39.28,93,1000,0.029
lunch-bursts,B4,stop1,nearest-car,60304,400,0,0,105,16.587,64,2,119,34.42,86,1000,0.028
lunch-bursts,B4,stop1,nearest-car,60305,400,0,0,185,18.593,67,2,195,36.825,87,1000,0.031
lunch-bursts,B4,stop1,eta-cost-fair,60309,400,0,0,43,10.143,35,2,76,27.863,63,1000,0.087
lunch-bursts,B4,stop1,nearest-car,60303,400,0,0,100,20.062,66,2,111,37.593,84,1000,0.027
lunch-bursts,B4,stop1,nearest-car,60306,400,0,0,74,16.913,62,2,108,33.898,80,1000,0.031
lunch-bursts,B4,stop1,nearest-car,60308,400,0,0,119,19.323,67,2,136,37.605,86,1000,0.028
lunch-bursts,B4,stop1,nearest-car,60309,400,0,0,131,19.04,66,2,152,37.1,85,1000,0.029
lunch-bursts,B4,stop1,nearest-car,60307,400,0,0,122,20.457,69,2,130,37.995,90,1000,0.028
lunch-bursts,B4,stop1,nearest-car-eta,60303,400,0,0,62,8.395,38,2,69,25.985,61,1000,0.062
lunch-bursts,B4,stop1,nearest-car-eta,60301,400,0,0,64,10.717,43,2,86,28.453,66,1000,0.061
lunch-bursts,B4,stop1,nearest-car-eta,60300,400,0,0,93,10.133,41,2,96,27.665,64,1000,0.064
lunch-bursts,B4,stop1,nearest-car-eta,60302,400,0,0,64,8.637,39,2,82,26.317,64,1000,0.063
lunch-bursts,B4,stop1,nearest-car-eta,60305,400,0,0,69,9.41,47,2,87,27.75,59,1000,0.061
lunch-bursts,B4,stop1,nearest-car-eta,60306,400,0,0,65,9.485,43,2,83,26.54,65,1000,0.062
lunch-bursts,B4,stop1,nearest-car-eta,60304,400,0,0,67,9.75,48,2,88,27.69,65,1000,0.065
lunch-bursts,B4,stop1,nearest-car-eta,60307,400,0,0,65,9.137,43,2,82,26.613,57,1000,0.061
lunch-bursts,B4,stop1,nearest-car-eta,60308,400,0,0,63,9.14,38,2,88,27.602,64,1000,0.062
lunch-bursts,B4,stop1,round-robin,60302,400,0,0,66,26.76,55,2,89,43.638,75,1000,0.027
lunch-bursts,B4,stop1,nearest-car-eta,60309,400,0,0,65,11.795,41,2,82,29.858,68,1000,0.062
lunch-bursts,B4,stop1,round-robin,60300,400,0,0,62,26.082,55,3,92,42.735,75,1000,0.031
lunch-bursts,B4,stop1,round-robin,60303,400,0,0,62,25.82,53,2,92,42.722,74,1000,0.032
lunch-bursts,B4,stop1,round-robin,60304,400,0,0,64,25.46,54,2,95,42.583,75,1000,0.028
lunch-bursts,B4,stop1,round-robin,60301,400,0,0,65,26.945,55,3,91,43.958,78,1000,0.031
lunch-bursts,B4,stop1,round-robin,60306,400,0,0,61,23.348,52,2,89,39.663,72,1000,0.03
lunch-bursts,B4,stop1,round-robin,60305,400,0,0,64,27.578,53,7,88,45.125,75,1000,0.028
lunch-bursts,B4,stop1,round-robin,60308,400,0,0,62,23.875,54,2,92,41.513,76,1000,0.029
lunch-bursts,B4,stop1,round-robin,60307,400,0,0,62,24.025,49,2,85,40.758,70,1000,0.031
lunch-bursts,B4,stop1,zone-based,60300,400,0,0,208,36.36,125,2,233,53.83,143,1000,0.027
lunch-bursts,B4,stop1,round-robin,60309,400,0,0,64,25.975,55,2,91,43.453,76,1000,0.03
lunch-bursts,B4,stop1,zone-based,60304,400,0,0,119,27.93,72,2,153,45.79,93,1000,0.032
lunch-bursts,B4,stop1,zone-based,60302,400,0,0,132,34.712,111,4,164,52.422,125,1000,0.031
lunch-bursts,B4,stop1,zone-based,60301,400,0,0,142,31.288,80,4,176,49,107,1000,0.032
lunch-bursts,B4,stop1,zone-based,60303,400,0,0,133,31.83,94,3,162,49.39,111,1000,0.036
lunch-bursts,B4,stop1,zone-based,60306,400,0,0,190,35.875,123,3,214,52.922,137,1000,0.032
lunch-bursts,B4,stop1,zone-based,60305,400,0,0,190,32.625,94,5,213,50.852,115,1000,0.028
lunch-bursts,B4,stop1,zone-based,60307,400,0,0,135,32.447,95,3,163,49.965,111,1000,0.032
lunch-bursts,B4,stop1,zone-based,60308,400,0,0,128,35.405,120,3,162,53.782,130,1000,0.032
lunch-bursts,B4,stop1,zone-based,60309,400,0,0,134,29.738,75,4,154,47.8,96,1000,0.031
lunch-bursts,B4,stop1,express,60300,400,0,0,64,15.193,56,2,93,32.078,83,1000,0.06
lunch-bursts,B4,stop1,express,60303,400,0,0,74,15.633,55,2,105,32.625,83,1000,0.063
lunch-bursts,B4,stop1,express,60301,400,0,0,124,14.835,55,2,145,31.863,83,1000,0.066
lunch-bursts,B4,stop1,express,60302,400,0,0,120,16.86,58,2,146,33.767,87,1000,0.065
lunch-bursts,B4,stop1,express,60306,400,0,0,67,12.435,46,2,96,28.935,75,1000,0.064
lunch-bursts,B4,stop1,express,60305,400,0,0,129,16.025,53,2,150,33.737,83,1000,0.065
lunch-bursts,B4,stop1,express,60304,400,0,0,77,16.355,57,2,103,33.638,81,1000,0.065
lunch-bursts,B4,stop1,express,60308,400,0,0,99,15.575,54,2,121,33.403,85,1000,0.06
lunch-bursts,B4,stop1,express,60307,400,0,0,88,14.797,51,2,112,31.69,79,1000,0.06
lunch-bursts,B4,stop1,express,60309,400,0,0,80,15.375,54,2,107,33.013,80,1000,0.06
lunch-bursts,B5,plain,eta-cost,60405,400,0,0,151,20.483,90,1,196,69.45,168,3333,0.12
lunch-bursts,B5,plain,eta-cost,60400,400,0,0,156,26.957,99,1,225,78.127,184,3333,0.127
lunch-bursts,B5,plain,eta-cost,60403,400,0,0,136,24.812,108,1,224,74.305,193,3333,0.119
lunch-bursts,B5,plain,eta-cost,60404,400,0,0,100,19.587,69,1,190,68.79,111,3333,0.115
lunch-bursts,B5,plain,eta-cost,60402,400,0,0,145,26.67,98,2,207,76.888,186,3333,0.129
lunch-bursts,B5,plain,eta-cost,60401,400,0,0,143,30.273,102,1,211,79.665,186,3333,0.129
lunch-bursts,B5,plain,eta-cost,60408,400,0,0,132,21.795,95,2,194,70.99,164,3333,0.124
lunch-bursts,B5,plain,eta-cost,60409,400,0,0,165,20.703,81,1,196,72.245,149,3333,0.12
lunch-bursts,B5,plain,eta-cost,60407,400,0,0,163,22.892,99,1,198,71.782,172,3333,0.123
lunch-bursts,B5,plain,eta-cost,60406,400,0,0,138,26.288,97,1,201,76.335,174,3333,0.129
lunch-bursts,B5,plain,eta-cost-fair,60402,400,0,0,146,25.677,97,2,207,75.895,180,3333,0.12
lunch-bursts,B5,plain,eta-cost-fair,60400,400,0,0,144,25.475,92,1,225,76.645,174,3333,0.124
lunch-bursts,B5,plain,eta-cost-fair,60401,400,0,0,143,26.582,100,1,211,75.975,186,3333,0.118
lunch-bursts,B5,plain,eta-cost-fair,60403,400,0,0,136,24.328,100,1,224,73.82,186,3333,0.13
lunch-bursts,B5,plain,eta-cost-fair,60404,400,0,0,117,23.337,86,1,213,72.54,154,3333,0.121
lunch-bursts,B5,plain,eta-cost-fair,60405,400,0,0,151,20.565,86,1,196,69.532,160,3333,0.117
lunch-bursts,B5,plain,eta-cost-fair,60409,400,0,0,165,21.075,81,1,196,72.618,144,3333,0.128
lunch-bursts,B5,plain,eta-cost-fair,60407,400,0,0,163,22.273,95,1,198,71.162,172,3333,0.126
lunch-bursts,B5,plain,eta-cost-fair,60406,400,0,0,142,25.992,97,1,201,76.04,180,3333,0.131
lunch-bursts,B5,plain,eta-cost-fair,60408,400,0,0,181,22.515,95,2,194,71.71,164,3333,0.128
lunch-bursts,B5,plain,nearest-car,60405,400,0,0,217,42.675,175,1,313,91.642,230,3333,0.076
lunch-bursts,B5,plain,nearest-car,60401,400,0,0,325,54.77,183,1,341,104.162,227,3333,0.086
lunch-bursts,B5,plain,nearest-car,60404,400,0,0,334,49.845,174,1,350,99.047,216,3333,0.084
lunch-bursts,B5,plain,nearest-car,60400,400,0,0,337,55.505,183,1,356,106.675,232,3333,0.084
lunch-bursts,B5,plain,nearest-car,60402,400,0,0,662,61.593,189,2,673,111.81,249,3333,0.089
lunch-bursts,B5,plain,nearest-car,60403,400,0,0,346,57.833,192,1,363,107.325,243,3333,0.089
lunch-bursts,B5,plain,nearest-car,60407,400,0,0,360,61.648,204,1,371,110.537,254,3333,0.086
lunch-bursts,B5,plain,nearest-car,60406,400,0,0,340,43.9,175,1,354,93.948,219,3333,0.084
lunch-bursts,B5,plain,nearest-car,60408,400,0,0,445,55.672,181,3,473,104.868,224,3333,0.089
lunch-bursts,B5,plain,nearest-car,60409,400,0,0,418,63.39,197,1,421,114.933,245,3333,0.086
lunch-bursts,B5,plain,nearest-car-eta,60407,400,0,0,188,33.605,127,1,284,82.495,182,3333,0.116
lunch-bursts,B5,plain,nearest-car-eta,60400,400,0,0,215,40.233,132,1,229,91.403,192,3333,0.116
lunch-bursts,B5,plain,nearest-car-eta,60402,400,0,0,329,36.18,136,2,344,86.397,194,3333,0.107
lunch-bursts,B5,plain,nearest-car-eta,60404,400,0,0,348,33.587,111,1,359,82.79,162,3333,0.105
lunch-bursts,B5,plain,nearest-car-eta,60403,400,0,0,195,37.697,148,1,292,87.19,192,3333,0.111
lunch-bursts,B5,plain,nearest-car-eta,60406,400,0,0,188,32.24,131,1,252,82.287,188,3333,0.115
lunch-bursts,B5,plain,nearest-car-eta,60405,400,0,0,179,30.11,137,1,272,79.078,173,3333,0.104
lunch-bursts,B5,plain,nearest-car-eta,60401,400,0,0,182,34.947,123,1,204,84.34,186,3333,0.113
lunch-bursts,B5,plain,nearest-car-eta,60408,400,0,0,183,27.85,124,2,203,77.045,174,3333,0.108
lunch-bursts,B5,plain,nearest-car-eta,60409,400,0,0,196,30.89,135,1,291,82.433,190,3333,0.107
lunch-bursts,B5,plain,round-robin,60400,400,0,0,193,69.767,155,2,249,120.938,205,3333,0.095
lunch-bursts,B5,plain,round-robin,60401,400,0,0,191,67.01,156,3,276,116.403,219,3333,0.094
lunch-bursts,B5,plain,round-robin,60407,400,0,0,195,60.95,154,2,261,109.84,207,3333,0.089
lunch-bursts,B5,plain,round-robin,60406,400,0,0,191,66.062,145,1,271,116.11,202,3333,0.081
lunch-bursts,B5,plain,round-robin,60404,400,0,0,191,62.703,152,3,247,111.905,213,3333,0.099
lunch-bursts,B5,plain,round-robin,60402,400,0,0,190,77.32,170,9,277,127.537,226,3333,0.076
lunch-bursts,B5,plain,round-robin,60405,400,0,0,190,61.282,152,2,247,110.25,211,3333,0.092
lunch-bursts,B5,plain,round-robin,60403,400,0,0,188,72.127,159,1,268,121.62,215,3333,0.093
lunch-bursts,B5,plain,round-robin,60408,400,0,0,196,73.338,143,4,256,122.532,212,3333,0.087
lunch-bursts,B5,plain,round-robin,60409,400,0,0,195,68.185,163,3,263,119.728,216,3333,0.096
lunch-bursts,B5,plain,zone-based,60400,400,0,0,363,90.638,285,8,424,141.808,338,3333,0.104
lunch-bursts,B5,plain,zone-based,60401,400,0,0,387,87.145,193,5,463,136.537,270,3333,0.093
lunch-bursts,B5,plain,zone-based,60405,400,0,0,288,79.022,200,6,349,127.99,252,3333,0.094
lunch-bursts,B5,plain,zone-based,60403,400,0,0,325,88.485,221,1,361,137.977,269,3333,0.088
lunch-bursts,B5,plain,zone-based,60402,400,0,0,353,74.96,210,6,418,125.177,271,3333,0.095
lunch-bursts,B5,plain,zone-based,60407,400,0,0,281,71.963,219,2,329,120.853,272,3333,0.088
lunch-bursts,B5,plain,zone-based,60406,400,0,0,346,86.44,278,1,422,136.488,316,3333,0.091
lunch-bursts,B5,plain,zone-based,60408,400,0,0,377,80.465,229,2,436,129.66,271,3333,0.092
lunch-bursts,B5,plain,zone-based,60404,400,0,0,402,71.175,210,16,447,120.377,266,3333,0.091
lunch-bursts,B5,plain,zone-based,60409,400,0,0,383,89.735,272,3,472,141.278,319,3333,0.082
lunch-bursts,B5,plain,express,60400,400,0,0,374,45.015,168,1,448,96.185,251,3333,0.116
lunch-bursts,B5,plain,express,60401,400,0,0,405,45.597,159,1,472,94.99,247,3333,0.108
lunch-bursts,B5,plain,express,60402,400,0,0,197,45.843,162,2,291,96.06,246,3333,0.116
lunch-bursts,B5,plain,express,60406,400,0,0,292,47.212,155,1,379,97.26,235,3333,0.111
lunch-bursts,B5,plain,express,60404,400,0,0,192,39.977,153,1,285,89.18,230,3333,0.114
lunch-bursts,B5,plain,express,60408,400,0,0,184,40.645,142,2,269,89.84,231,3333,0.107
lunch-bursts,B5,plain,express,60405,400,0,0,375,47.028,162,1,441,95.995,249,3333,0.111
lunch-bursts,B5,plain,express,60403,400,0,0,195,47.843,155,1,289,97.335,235,3333,0.114
lunch-bursts,B5,plain,express,60407,400,0,0,350,44.23,165,1,416,93.12,239,3333,0.112
lunch-bursts,B5,plain,express,60409,400,0,0,194,44.188,151,1,289,95.73,236,3333,0.105
lunch-bursts,B5,stop1,eta-cost,60404,400,0,0,156,24.205,93,2,208,76.385,162,3333,0.14
lunch-bursts,B5,stop1,eta-cost,60405,400,0,0,127,18.945,85,2,204,70.78,134,3333,0.139
lunch-bursts,B5,stop1,eta-cost,60402,400,0,0,168,27.613,101,3,238,80.565,190,3333,0.141
lunch-bursts,B5,stop1,eta-cost,60401,400,0,0,146,25.062,99,2,211,77.2,184,3333,0.146
lunch-bursts,B5,stop1,eta-cost,60400,400,0,0,152,26.727,97,2,210,80.515,181,3333,0.144
lunch-bursts,B5,stop1,eta-cost,60406,400,0,0,130,26.468,99,2,208,79.153,180,3333,0.145
lunch-bursts,B5,stop1,eta-cost,60403,400,0,0,155,27.185,107,2,229,79.397,197,3333,0.156
lunch-bursts,B5,stop1,eta-cost,60408,400,0,0,175,22.85,95,3,200,74.892,159,3333,0.137
lunch-bursts,B5,stop1,eta-cost,60407,400,0,0,141,26.935,106,2,240,78.457,192,3333,0.155
lunch-bursts,B5,stop1,eta-cost,60409,400,0,0,174,23.358,90,2,205,77.81,157,3333,0.136
lunch-bursts,B5,stop1,eta-cost-fair,60401,400,0,0,140,31.695,105,2,210,83.653,195,3333,0.144
lunch-bursts,B5,stop1,eta-cost-fair,60400,400,0,0,147,27.42,96,3,210,81.205,181,3333,0.133
lunch-bursts,B5,stop1,eta-cost-fair,60404,400,0,0,157,24.285,92,2,208,76.455,163,3333,0.15
lunch-bursts,B5,stop1,eta-cost-fair,60405,400,0,0,148,18.747,82,2,204,70.435,120,3333,0.132
lunch-bursts,B5,stop1,eta-cost-fair,60403,400,0,0,154,26.058,103,2,228,78.407,187,3333,0.148
lunch-bursts,B5,stop1,eta-cost-fair,60402,400,0,0,168,27.413,101,3,239,80.442,189,3333,0.154
lunch-bursts,B5,stop1,eta-cost-fair,60406,400,0,0,126,26.19,96,2,207,78.895,172,3333,0.143
lunch-bursts,B5,stop1,eta-cost-fair,60407,400,0,0,138,28.325,102,2,236,79.755,187,3333,0.148
lunch-bursts,B5,stop1,nearest-car,60401,400,0,0,334,59.812,192,2,379,112.2,251,3333,0.092
lunch-bursts,B5,stop1,nearest-car,60400,400,0,0,302,53.395,183,2,357,107.62,246,3333,0.082
lunch-bursts,B5,stop1,nearest-car,60405,400,0,0,329,50.962,190,2,377,102.855,243,3333,0.09
lunch-bursts,B5,stop1,eta-cost-fair,60408,400,0,0,175,21.18,87,3,203,73.17,142,3333,0.14
lunch-bursts,B5,stop1,nearest-car,60402,400,0,0,834,72.35,209,3,849,125.745,264,3333,0.091
lunch-bursts,B5,stop1,nearest-car,60403,400,0,0,581,61.773,197,2,594,114.23,261,3333,0.093
lunch-bursts,B5,stop1,nearest-car,60404,400,0,0,355,60.062,195,2,387,112.153,264,3333,0.097
lunch-bursts,B5,stop1,nearest-car,60406,400,0,0,370,57.705,180,2,386,110.677,232,3333,0.093
lunch-bursts,B5,stop1,nearest-car,60407,400,0,0,450,61.367,207,2,485,113.252,256,3333,0.093
lunch-bursts,B5,stop1,eta-cost-fair,60409,400,0,0,174,23.317,91,2,207,77.812,156,3333,0.141
lunch-bursts,B5,stop1,nearest-car,60408,400,0,0,555,65.787,205,3,593,118.043,251,3333,0.087
lunch-bursts,B5,stop1,nearest-car,60409,400,0,0,461,74.767,219,3,508,129.385,295,3333,0.089
lunch-bursts,B5,stop1,nearest-car-eta,60401,400,0,0,196,29.52,127,2,241,82.032,192,3333,0.128
lunch-bursts,B5,stop1,nearest-car-eta,60404,400,0,0,246,29.473,117,2,286,81.9,170,3333,0.119
lunch-bursts,B5,stop1,nearest-car-eta,60400,400,0,0,203,31.203,137,2,282,85.267,187,3333,0.107
lunch-bursts,B5,stop1,nearest-car-eta,60406,400,0,0,198,31.53,133,2,286,84.51,193,3333,0.12
lunch-bursts,B5,stop1,nearest-car-eta,60403,400,0,0,354,37.528,153,2,367,89.983,202,3333,0.128
lunch-bursts,B5,stop1,nearest-car-eta,60402,400,0,0,283,35.37,161,3,299,88.647,199,3333,0.128
lunch-bursts,B5,stop1,nearest-car-eta,60405,400,0,0,198,30.328,121,2,278,82.04,183,3333,0.121
lunch-bursts,B5,stop1,nearest-car-eta,60407,400,0,0,238,30.005,149,2,289,81.88,200,3333,0.111
lunch-bursts,B5,stop1,nearest-car-eta,60409,400,0,0,199,32.885,148,2,295,87.5,196,3333,0.112
lunch-bursts,B5,stop1,nearest-car-eta,60408,400,0,0,199,29.348,137,3,212,81.532,187,3333,0.127
lunch-bursts,B5,stop1,round-robin,60402,400,0,0,195,77.683,178,12,291,130.102,235,3333,0.091
lunch-bursts,B5,stop1,round-robin,60401,400,0,0,195,83.02,163,4,299,134.56,230,3333,0.089
lunch-bursts,B5,stop1,round-robin,60403,400,0,0,197,79.058,170,2,281,130.655,237,3333,0.089
lunch-bursts,B5,stop1,round-robin,60400,400,0,0,198,79.618,165,3,270,132.805,227,3333,0.092
lunch-bursts,B5,stop1,round-robin,60404,400,0,0,193,69.282,159,4,268,120.528,226,3333,0.087
lunch-bursts,B5,stop1,round-robin,60405,400,0,0,197,66.555,160,6,263,117.627,213,3333,0.094
lunch-bursts,B5,stop1,round-robin,60406,400,0,0,192,70.75,155,2,262,122.85,213,3333,0.096
lunch-bursts,B5,stop1,round-robin,60407,400,0,0,188,69.597,159,3,270,120.543,219,3333,0.091
lunch-bursts,B5,stop1,round-robin,60408,400,0,0,200,82.2,164,5,273,133.475,222,3333,0.094
lunch-bursts,B5,stop1,zone-based,60404,400,0,0,414,87.235,246,11,511,139.445,294,3333,0.093
lunch-bursts,B5,stop1,zone-based,60402,400,0,0,393,91.183,251,4,492,144.417,318,3333,0.095
lunch-bursts,B5,stop1,zone-based,60403,400,0,0,418,90.38,210,2,459,142.845,279,3333,0.096
lunch-bursts,B5,stop1,zone-based,60400,400,0,0,363,81.905,184,12,445,136.055,259,3333,0.098
lunch-bursts,B5,stop1,round-robin,60409,400,0,0,199,77.403,173,9,281,131.007,234,3333,0.09
lunch-bursts,B5,stop1,zone-based,60401,400,0,0,445,101.778,238,10,512,154.21,314,3333,0.089
lunch-bursts,B5,stop1,zone-based,60405,400,0,0,379,85.987,257,3,473,137.933,303,3333,0.093
lunch-bursts,B5,stop1,zone-based,60406,400,0,0,366,83.88,237,2,456,136.89,285,3333,0.091
lunch-bursts,B5,stop1,zone-based,60407,400,0,0,747,128.385,545,7,794,180.218,562,3333,0.107
lunch-bursts,B5,stop1,zone-based,60409,400,0,0,371,90.31,205,2,458,144.81,285,3333,0.101
lunch-bursts,B5,stop1,zone-based,60408,400,0,0,757,124.248,413,5,785,176.558,475,3333,0.097
lunch-bursts,B5,stop1,express,60404,400,0,0,198,39.847,148,2,284,91.645,232,3333,0.12
lunch-bursts,B5,stop1,express,60401,400,0,0,223,46.4,159,2,291,98.315,246,3333,0.12
lunch-bursts,B5,stop1,express,60402,400,0,0,280,47.742,165,3,381,100.517,256,3333,0.124
lunch-bursts,B5,stop1,express,60400,400,0,0,233,47.742,163,2,311,101.412,250,3333,0.121
lunch-bursts,B5,stop1,express,60403,400,0,0,425,49.443,170,2,495,101.418,258,3333,0.122
lunch-bursts,B5,stop1,express,60406,400,0,0,355,46.55,172,2,447,99.132,251,3333,0.122
lunch-bursts,B5,stop1,express,60405,400,0,0,408,52.248,187,2,481,103.72,273,3333,0.128
lunch-bursts,B5,stop1,express,60407,400,0,0,207,45.428,156,2,286,96.66,245,3333,0.118
lunch-bursts,B5,stop1,express,60408,400,0,0,235,46.955,162,3,330,98.528,238,3333,0.123
lunch-bursts,B5,stop1,express,60409,400,0,0,235,50.958,164,2,304,105.08,251,3333,0.13
lunch-bursts,B6,plain,eta-cost,60500,400,0,0,111,21.69,67,1,166,51.013,113,4000,0.128
lunch-bursts,B6,plain,eta-cost,60504,400,0,0,111,20.12,65,2,157,48.867,103,4000,0.122
lunch-bursts,B6,plain,eta-cost,60502,400,0,0,108,19.302,69,1,165,48.395,107,4000,0.128
lunch-bursts,B6,plain,eta-cost,60501,400,0,0,88,21.675,68,1,138,52.288,114,4000,0.125
lunch-bursts,B6,plain,eta-cost,60503,400,0,0,111,21.473,64,1,146,51.447,112,4000,0.128
lunch-bursts,B6,plain,eta-cost,60505,400,0,0,89,21.258,62,1,135,51.972,112,4000,0.126
lunch-bursts,B6,plain,eta-cost,60506,400,0,0,107,22.348,59,1,118,53.038,109,4000,0.119
lunch-bursts,B6,plain,eta-cost,60507,400,0,0,121,23.558,71,1,161,52.892,116,4000,0.126
lunch-bursts,B6,plain,eta-cost,60508,400,0,0,147,22.19,70,1,176,52.297,116,4000,0.128
lunch-bursts,B6,plain,eta-cost,60509,400,0,0,109,21.035,65,1,123,50.458,114,4000,0.129
lunch-bursts,B6,plain,eta-cost-fair,60504,400,0,0,98,19.652,67,2,157,48.4,106,4000,0.128
lunch-bursts,B6,plain,eta-cost-fair,60502,400,0,0,108,18.422,61,1,128,47.515,106,4000,0.12
lunch-bursts,B6,plain,eta-cost-fair,60501,400,0,0,107,22.22,68,1,157,52.833,112,4000,0.131
lunch-bursts,B6,plain,eta-cost-fair,60503,400,0,0,83,20.887,63,1,116,50.862,112,4000,0.118
lunch-bursts,B6,plain,eta-cost-fair,60505,400,0,0,91,20.983,61,1,135,51.697,112,4000,0.123
lunch-bursts,B6,plain,eta-cost-fair,60506,400,0,0,107,22.365,62,1,118,53.055,109,4000,0.128
lunch-bursts,B6,plain,eta-cost-fair,60507,400,0,0,115,22.11,65,1,161,51.445,112,4000,0.12
lunch-bursts,B6,plain,eta-cost-fair,60508,400,0,0,112,21.085,64,1,118,51.193,114,4000,0.134
lunch-bursts,B6,plain,nearest-car,60500,400,0,0,190,37.2,109,1,244,66.522,125,4000,0.088
lunch-bursts,B6,plain,nearest-car,60503,400,0,0,116,34.142,98,1,128,64.118,114,4000,0.085
lunch-bursts,B6,plain,eta-cost-fair,60509,400,0,0,95,21.03,63,1,123,50.453,114,4000,0.124
lunch-bursts,B6,plain,nearest-car,60502,400,0,0,184,34.045,101,1,186,63.138,123,4000,0.086
lunch-bursts,B6,plain,nearest-car,60501,400,0,0,325,36.97,112,1,337,67.582,131,4000,0.082
lunch-bursts,B6,plain,nearest-car,60504,400,0,0,127,32.943,98,2,138,61.69,116,4000,0.088
lunch-bursts,B6,plain,nearest-car,60505,400,0,0,153,34.072,97,1,158,64.787,116,4000,0.089
lunch-bursts,B6,plain,eta-cost-fair,60500,400,0,0,100,21.665,65,1,121,50.987,112,4000,0.128
lunch-bursts,B6,plain,nearest-car,60506,400,0,0,130,35.627,101,1,143,66.317,118,4000,0.088
lunch-bursts,B6,plain,nearest-car,60509,400,0,0,186,35.995,110,1,210,65.418,136,4000,0.087
lunch-bursts,B6,plain,nearest-car,60507,400,0,0,251,45.2,154,1,275,74.535,171,4000,0.093
lunch-bursts,B6,plain,nearest-car,60508,400,0,0,133,35.25,101,1,168,65.358,118,4000,0.094
lunch-bursts,B6,plain,nearest-car-eta,60500,400,0,0,156,31.188,105,1,162,60.51,126,4000,0.115
lunch-bursts,B6,plain,nearest-car-eta,60502,400,0,0,145,24.027,97,1,156,53.12,116,4000,0.108
lunch-bursts,B6,plain,nearest-car-eta,60503,400,0,0,218,28.538,100,1,253,58.513,122,4000,0.108
lunch-bursts,B6,plain,nearest-car-eta,60501,400,0,0,145,28.012,97,1,164,58.625,118,4000,0.108
lunch-bursts,B6,plain,nearest-car-eta,60505,400,0,0,165,26.97,100,1,172,57.685,119,4000,0.111
lunch-bursts,B6,plain,round-robin,60500,400,0,0,123,36.455,95,1,134,65.778,116,4000,0.088
lunch-bursts,B6,plain,nearest-car-eta,60509,400,0,0,155,30.823,101,1,165,60.245,122,4000,0.114
lunch-bursts,B6,plain,nearest-car-eta,60506,400,0,0,162,27.955,103,1,182,58.645,132,4000,0.116
lunch-bursts,B6,plain,nearest-car-eta,60508,400,0,0,173,28.712,105,1,174,58.82,134,4000,0.113
lunch-bursts,B6,plain,round-robin,60502,400,0,0,116,34.932,98,1,163,64.025,116,4000,0.087
lunch-bursts,B6,plain,nearest-car-eta,60507,400,0,0,144,28.71,102,1,170,58.045,122,4000,0.115
lunch-bursts,B6,plain,round-robin,60503,400,0,0,116,34.142,98,1,128,64.118,114,4000,0.08
lunch-bursts,B6,plain,round-robin,60501,400,0,0,114,35.405,94,1,152,66.017,116,4000,0.089
lunch-bursts,B6,plain,round-robin,60504,400,0,0,127,32.943,98,2,138,61.69,116,4000,0.082
lunch-bursts,B6,plain,nearest-car-eta,60504,400,0,0,131,25.617,100,2,144,54.365,118,4000,0.114
lunch-bursts,B6,plain,round-robin,60507,400,0,0,113,37.985,98,2,140,67.32,118,4000,0.084
lunch-bursts,B6,plain,round-robin,60505,400,0,0,116,33.458,93,1,118,64.172,116,4000,0.086
lunch-bursts,B6,plain,round-robin,60506,400,0,0,130,35.93,101,1,142,66.62,118,4000,0.086
lunch-bursts,B6,plain,zone-based,60500,400,0,0,439,69.97,241,3,461,99.293,277,4000,0.102
lunch-bursts,B6,plain,round-robin,60508,400,0,0,128,36.6,100,1,168,66.707,116,4000,0.09
lunch-bursts,B6,plain,round-robin,60509,400,0,0,127,36.95,99,1,158,66.373,118,4000,0.09
lunch-bursts,B6,plain,zone-based,60503,400,0,0,365,62.395,221,7,421,92.37,251,4000,0.096
lunch-bursts,B6,plain,zone-based,60501,400,0,0,435,67.395,241,6,472,98.007,266,4000,0.093
lunch-bursts,B6,plain,zone-based,60502,400,0,0,447,82.838,281,5,497,111.93,306,4000,0.09
lunch-bursts,B6,plain,zone-based,60504,400,0,0,565,75.955,295,5,597,104.703,324,4000,0.092
lunch-bursts,B6,plain,zone-based,60505,400,0,0,415,79.433,297,3,459,110.147,322,4000,0.105
lunch-bursts,B6,plain,zone-based,60506,400,0,0,501,84.775,323,1,547,115.465,363,4000,0.104
lunch-bursts,B6,plain,zone-based,60507,400,0,0,321,64.582,223,3,355,93.918,253,4000,0.097
lunch-bursts,B6,plain,zone-based,60509,400,0,0,309,65.162,223,7,364,94.585,261,4000,0.095
lunch-bursts,B6,plain,express,60501,400,0,0,171,24.075,75,1,225,54.688,118,4000,0.104
lunch-bursts,B6,plain,express,60500,400,0,0,169,27.238,95,1,228,56.56,146,4000,0.114
lunch-bursts,B6,plain,express,60502,400,0,0,175,24.775,70,1,222,53.867,118,4000,0.112
lunch-bursts,B6,plain,express,60503,400,0,0,176,24.983,73,1,220,54.958,120,4000,0.111
lunch-bursts,B6,plain,express,60505,400,0,0,186,24.82,76,1,228,55.535,118,4000,0.106
lunch-bursts,B6,plain,express,60504,400,0,0,174,23.165,76,2,214,51.913,118,4000,0.105
lunch-bursts,B6,plain,zone-based,60508,400,0,0,287,58.665,209,3,339,88.772,233,4000,0.096
lunch-bursts,B6,plain,express,60507,400,0,0,162,23.295,69,1,206,52.63,118,4000,0.109
lunch-bursts,B6,plain,express,60506,400,0,0,225,30.258,118,1,271,60.947,164,4000,0.111
lunch-bursts,B6,plain,express,60509,400,0,0,183,23.012,69,1,239,52.435,116,4000,0.108
lunch-bursts,B6,plain,express,60508,400,0,0,179,24.875,73,1,220,54.983,122,4000,0.107
lunch-bursts,B6,stop1,eta-cost,60503,400,0,0,122,21.867,65,2,148,53.922,117,4000,0.143
lunch-bursts,B6,stop1,eta-cost,60501,400,0,0,101,23.598,71,2,124,56.218,118,4000,0.145
lunch-bursts,B6,stop1,eta-cost,60502,400,0,0,132,20.535,68,2,174,51.7,113,4000,0.146
lunch-bursts,B6,stop1,eta-cost,60500,400,0,0,101,24.145,71,2,144,55.56,114,4000,0.147
lunch-bursts,B6,stop1,eta-cost,60504,400,0,0,109,21.99,63,3,137,52.837,108,4000,0.146
lunch-bursts,B6,stop1,eta-cost,60509,400,0,0,115,25.052,71,2,161,56.55,120,4000,0.151
lunch-bursts,B6,stop1,eta-cost,60506,400,0,0,113,23.08,67,2,127,55.883,112,4000,0.14
lunch-bursts,B6,stop1,eta-cost,60507,400,0,0,134,22.615,72,2,181,54.04,116,4000,0.152
lunch-bursts,B6,stop1,eta-cost,60505,400,0,0,137,23.315,72,2,158,56.097,120,4000,0.14
lunch-bursts,B6,stop1,eta-cost,60508,400,0,0,112,23.087,71,2,170,55.225,123,4000,0.156
lunch-bursts,B6,stop1,eta-cost-fair,60502,400,0,0,103,19.992,65,2,121,51.2,111,4000,0.145
lunch-bursts,B6,stop1,eta-cost-fair,60500,400,0,0,95,22.835,67,2,124,54.248,111,4000,0.145
lunch-bursts,B6,stop1,eta-cost-fair,60501,400,0,0,112,23.56,69,2,143,56.165,118,4000,0.144
lunch-bursts,B6,stop1,eta-cost-fair,60503,400,0,0,97,22.095,69,2,124,54.148,114,4000,0.139
lunch-bursts,B6,stop1,eta-cost-fair,60504,400,0,0,109,21.725,63,3,137,52.587,109,4000,0.15
lunch-bursts,B6,stop1,nearest-car,60501,400,0,0,341,40.758,119,2,355,73.312,155,4000,0.086
lunch-bursts,B6,stop1,nearest-car,60500,400,0,0,204,39.167,111,2,261,70.483,133,4000,0.082
lunch-bursts,B6,stop1,eta-cost-fair,60506,400,0,0,113,24.497,71,2,123,57.273,113,4000,0.145
lunch-bursts,B6,stop1,eta-cost-fair,60505,400,0,0,102,23.652,72,2,125,56.46,119,4000,0.138
lunch-bursts,B6,stop1,nearest-car,60502,400,0,0,195,36.11,105,2,198,67.2,128,4000,0.087
lunch-bursts,B6,stop1,eta-cost-fair,60508,400,0,0,106,22.817,67,2,126,54.992,118,4000,0.144
lunch-bursts,B6,stop1,eta-cost-fair,60507,400,0,0,118,23.808,69,2,140,55.167,120,4000,0.157
lunch-bursts,B6,stop1,nearest-car,60503,400,0,0,121,36.105,103,2,134,68.007,120,4000,0.093
lunch-bursts,B6,stop1,eta-cost-fair,60509,400,0,0,105,24.06,74,2,126,55.498,120,4000,0.155
lunch-bursts,B6,stop1,nearest-car,60505,400,0,0,161,36.07,102,2,167,68.735,122,4000,0.09
lunch-bursts,B6,stop1,nearest-car,60504,400,0,0,131,34.88,101,3,144,65.495,122,4000,0.081
lunch-bursts,B6,stop1,nearest-car,60506,400,0,0,135,37.57,106,2,149,70.177,122,4000,0.083
lunch-bursts,B6,stop1,nearest-car,60507,400,0,0,335,47.795,156,2,349,79.142,189,4000,0.09
lunch-bursts,B6,stop1,nearest-car,60509,400,0,0,234,40.34,120,2,261,71.752,161,4000,0.089
lunch-bursts,B6,stop1,nearest-car,60508,400,0,0,140,37.222,106,2,176,69.295,124,4000,0.093
lunch-bursts,B6,stop1,nearest-car-eta,60500,400,0,0,142,32.233,102,2,166,63.627,122,4000,0.125
lunch-bursts,B6,stop1,nearest-car-eta,60502,400,0,0,166,28.74,109,2,170,60.013,124,4000,0.12
lunch-bursts,B6,stop1,nearest-car-eta,60501,400,0,0,161,30.997,112,2,174,63.7,131,4000,0.126
lunch-bursts,B6,stop1,nearest-car-eta,60504,400,0,0,132,26.808,93,3,147,57.667,118,4000,0.124
lunch-bursts,B6,stop1,nearest-car-eta,60503,400,0,0,225,28.582,110,2,263,60.67,141,4000,0.122
lunch-bursts,B6,stop1,nearest-car-eta,60505,400,0,0,151,30.54,108,2,177,63.343,126,4000,0.121
lunch-bursts,B6,stop1,nearest-car-eta,60506,400,0,0,166,28.712,110,2,192,61.535,140,4000,0.125
lunch-bursts,B6,stop1,nearest-car-eta,60507,400,0,0,153,31.617,110,2,176,63.093,141,4000,0.12
lunch-bursts,B6,stop1,nearest-car-eta,60508,400,0,0,155,28.887,110,2,179,61.042,140,4000,0.125
lunch-bursts,B6,stop1,round-robin,60500,400,0,0,127,38.468,100,2,139,69.718,122,4000,0.092
lunch-bursts,B6,stop1,round-robin,60502,400,0,0,121,36.867,102,2,169,67.853,122,4000,0.086
lunch-bursts,B6,stop1,nearest-car-eta,60509,400,0,0,159,34.545,116,2,167,66.037,140,4000,0.129
lunch-bursts,B6,stop1,round-robin,60501,400,0,0,119,37.358,98,2,158,69.862,122,4000,0.085
lunch-bursts,B6,stop1,round-robin,60503,400,0,0,121,36.105,103,2,134,68.007,120,4000,0.088
lunch-bursts,B6,stop1,round-robin,60504,400,0,0,131,34.88,101,3,144,65.495,122,4000,0.089
lunch-bursts,B6,stop1,round-robin,60506,400,0,0,135,37.898,106,2,148,70.498,122,4000,0.091
lunch-bursts,B6,stop1,round-robin,60505,400,0,0,121,35.462,98,2,124,68.097,122,4000,0.089
lunch-bursts,B6,stop1,round-robin,60507,400,0,0,118,39.958,103,3,146,71.215,124,4000,0.091
lunch-bursts,B6,stop1,round-robin,60509,400,0,0,132,38.885,103,2,164,70.192,124,4000,0.09
lunch-bursts,B6,stop1,round-robin,60508,400,0,0,133,38.605,105,2,174,70.64,122,4000,0.088
lunch-bursts,B6,stop1,zone-based,60500,400,0,0,419,72.015,250,8,457,103.375,286,4000,0.093
lunch-bursts,B6,stop1,zone-based,60505,400,0,0,342,59.987,210,4,399,92.683,238,4000,0.096
lunch-bursts,B6,stop1,zone-based,60501,400,0,0,349,60.11,207,7,386,92.7,239,4000,0.089
lunch-bursts,B6,stop1,zone-based,60503,400,0,0,519,111.045,402,7,564,143.007,430,4000,0.1
lunch-bursts,B6,stop1,zone-based,60504,400,0,0,616,113.588,417,6,646,144.357,443,4000,0.101
lunch-bursts,B6,stop1,zone-based,60506,400,0,0,368,66.545,224,8,422,99.25,271,4000,0.088
lunch-bursts,B6,stop1,zone-based,60502,400,0,0,368,63.377,226,6,392,94.515,270,4000,0.095
lunch-bursts,B6,stop1,zone-based,60508,400,0,0,396,75.812,267,4,453,107.92,293,4000,0.103
lunch-bursts,B6,stop1,zone-based,60507,400,0,0,339,60.977,228,8,373,92.358,255,4000,0.1
lunch-bursts,B6,stop1,zone-based,60509,400,0,0,451,82.295,282,8,472,113.778,324,4000,0.1
lunch-bursts,B6,stop1,express,60501,400,0,0,179,27.73,82,2,234,60.222,126,4000,0.125
lunch-bursts,B6,stop1,express,60500,400,0,0,177,29.483,102,2,239,60.73,162,4000,0.118
lunch-bursts,B6,stop1,express,60503,400,0,0,188,26.727,83,2,233,58.695,138,4000,0.125
lunch-bursts,B6,stop1,express,60502,400,0,0,181,27.032,85,2,231,58.085,128,4000,0.125
lunch-bursts,B6,stop1,express,60504,400,0,0,186,25.77,80,3,227,56.508,125,4000,0.121
lunch-bursts,B6,stop1,express,60505,400,0,0,197,27.617,84,2,240,60.29,129,4000,0.125
lunch-bursts,B6,stop1,express,60509,400,0,0,192,25.415,73,2,249,56.825,123,4000,0.124
lunch-bursts,B7,plain,eta-cost,60601,400,0,0,60,12.285,39,1,118,42.075,80,1000,0.078
lunch-bursts,B7,plain,eta-cost,60600,400,0,0,100,11.535,42,1,140,41.208,74,1000,0.077
lunch-bursts,B7,plain,eta-cost,60604,400,0,0,67,13.005,44,1,126,43.105,82,1000,0.073
lunch-bursts,B6,stop1,express,60507,400,0,0,172,26.058,77,2,217,57.398,126,4000,0.12
lunch-bursts,B6,stop1,express,60508,400,0,0,190,27.062,87,2,232,59.095,138,4000,0.118
lunch-bursts,B7,plain,eta-cost,60602,400,0,0,85,11.307,44,1,118,39.675,84,1000,0.084
lunch-bursts,B7,plain,eta-cost,60605,400,0,0,56,11.592,38,1,112,43.222,69,1000,0.077
lunch-bursts,B7,plain,eta-cost,60603,400,0,0,64,12.275,43,1,118,42.248,86,1000,0.086
lunch-bursts,B6,stop1,express,60506,400,0,0,241,34.352,131,2,288,67.037,180,4000,0.111
lunch-bursts,B7,plain,eta-cost,60608,400,0,0,67,11.53,38,1,114,40.292,82,1000,0.077
lunch-bursts,B7,plain,eta-cost,60606,400,0,0,69,11.665,39,1,118,41.127,68,1000,0.08
lunch-bursts,B7,plain,eta-cost,60607,400,0,0,74,12.812,47,1,122,43.583,87,1000,0.088
lunch-bursts,B7,plain,eta-cost,60609,400,0,0,78,11.335,37,1,118,41.505,82,1000,0.086
lunch-bursts,B7,plain,eta-cost-fair,60600,400,0,0,77,11.33,38,1,136,41.002,84,1000,0.076
lunch-bursts,B7,plain,eta-cost-fair,60603,400,0,0,64,12.275,43,1,118,42.248,86,1000,0.071
lunch-bursts,B7,plain,eta-cost-fair,60601,400,0,0,60,12.162,39,1,118,41.953,80,1000,0.078
lunch-bursts,B7,plain,eta-cost-fair,60602,400,0,0,85,13.287,52,1,118,41.655,94,1000,0.082
lunch-bursts,B7,plain,eta-cost-fair,60604,400,0,0,67,13.575,42,1,126,43.675,82,1000,0.086
lunch-bursts,B7,plain,eta-cost-fair,60605,400,0,0,56,11.592,38,1,112,43.222,69,1000,0.086
lunch-bursts,B7,plain,eta-cost-fair,60606,400,0,0,69,11.655,39,1,118,41.117,68,1000,0.085
lunch-bursts,B7,plain,nearest-car,60600,400,0,0,117,24.6,108,1,160,54.273,118,1000,0.032
lunch-bursts,B7,plain,nearest-car,60602,400,0,0,117,23.965,111,1,171,52.333,118,1000,0.034
lunch-bursts,B7,plain,nearest-car,60603,400,0,0,117,36.795,111,1,171,66.767,145,1000,0.034
lunch-bursts,B7,plain,nearest-car,60601,400,0,0,116,19.358,90,1,130,49.148,114,1000,0.036
lunch-bursts,B7,plain,nearest-car,60604,400,0,0,117,32.788,99,1,171,62.888,135,1000,0.035
lunch-bursts,B7,plain,nearest-car,60605,400,0,0,134,25.43,113,1,172,57.06,136,1000,0.033
lunch-bursts,B7,plain,nearest-car,60606,400,0,0,117,28.41,104,1,174,57.873,128,1000,0.036
lunch-bursts,B7,plain,eta-cost-fair,60609,400,0,0,78,11.74,37,1,118,41.91,80,1000,0.081
lunch-bursts,B7,plain,eta-cost-fair,60608,400,0,0,67,11.405,38,1,114,40.167,81,1000,0.074
lunch-bursts,B7,plain,nearest-car,60607,400,0,0,117,21.34,101,1,160,52.11,114,1000,0.033
lunch-bursts,B7,plain,nearest-car,60609,400,0,0,114,24.172,108,1,172,54.343,120,1000,0.03
lunch-bursts,B7,plain,nearest-car,60608,400,0,0,117,23.135,100,1,162,51.898,122,1000,0.032
lunch-bursts,B7,plain,nearest-car-eta,60600,400,0,0,97,15.188,61,1,120,44.86,88,1000,0.059
lunch-bursts,B7,plain,nearest-car-eta,60601,400,0,0,113,18.69,67,1,134,48.48,116,1000,0.068
lunch-bursts,B7,plain,nearest-car-eta,60602,400,0,0,104,16.045,67,1,122,44.413,112,1000,0.058
lunch-bursts,B7,plain,nearest-car-eta,60603,400,0,0,108,15.655,62,1,154,45.627,102,1000,0.061
lunch-bursts,B7,plain,nearest-car-eta,60605,400,0,0,114,15.838,57,1,168,47.468,82,1000,0.062
lunch-bursts,B7,plain,nearest-car-eta,60604,400,0,0,113,18.255,71,1,162,48.355,100,1000,0.065
lunch-bursts,B7,plain,nearest-car-eta,60608,400,0,0,110,12.265,49,1,116,41.028,84,1000,0.062
lunch-bursts,B7,plain,nearest-car-eta,60606,400,0,0,102,16.135,56,1,151,45.597,92,1000,0.061
lunch-bursts,B7,plain,nearest-car-eta,60607,400,0,0,107,16.052,57,1,136,46.822,100,1000,0.061
lunch-bursts,B7,plain,round-robin,60601,400,0,0,115,48.438,101,4,168,78.228,132,1000,0.036
lunch-bursts,B7,plain,nearest-car-eta,60609,400,0,0,109,15.518,62,1,120,45.688,88,1000,0.065
lunch-bursts,B7,plain,round-robin,60600,400,0,0,114,48.99,100,1,157,78.662,136,1000,0.039
lunch-bursts,B7,plain,round-robin,60602,400,0,0,112,50.805,102,4,165,79.172,140,1000,0.037
lunch-bursts,B7,plain,round-robin,60606,400,0,0,114,52.2,106,8,168,81.662,145,1000,0.038
lunch-bursts,B7,plain,round-robin,60603,400,0,0,113,52.395,105,2,168,82.368,140,1000,0.04
lunch-bursts,B7,plain,eta-cost-fair,60607,400,0,0,66,11.348,38,1,114,42.117,76,1000,0.068
lunch-bursts,B7,plain,round-robin,60607,400,0,0,114,51.125,103,2,171,81.895,143,1000,0.037
lunch-bursts,B7,plain,round-robin,60604,400,0,0,113,51.1,106,2,166,81.2,138,1000,0.036
lunch-bursts,B7,plain,round-robin,60609,400,0,0,117,52.935,105,2,170,83.105,146,1000,0.038
lunch-bursts,B7,plain,round-robin,60605,400,0,0,117,55.085,108,8,166,86.715,146,1000,0.037
lunch-bursts,B7,plain,round-robin,60608,400,0,0,113,51.395,104,3,168,80.157,149,1000,0.034
lunch-bursts,B7,plain,zone-based,60600,400,0,0,232,58.64,146,6,267,88.312,173,1000,0.036
lunch-bursts,B7,plain,zone-based,60607,400,0,0,180,57.197,142,1,235,87.968,162,1000,0.043
lunch-bursts,B7,plain,zone-based,60603,400,0,0,184,59.565,130,2,223,89.537,171,1000,0.041
lunch-bursts,B7,plain,zone-based,60601,400,0,0,180,61.778,146,6,236,91.567,174,1000,0.038
lunch-bursts,B7,plain,zone-based,60602,400,0,0,182,57.995,132,4,237,86.362,166,1000,0.04
lunch-bursts,B7,plain,zone-based,60606,400,0,0,186,61.38,150,6,244,90.843,177,1000,0.037
lunch-bursts,B7,plain,zone-based,60604,400,0,0,198,58.415,130,2,239,88.515,169,1000,0.037
lunch-bursts,B7,plain,zone-based,60605,400,0,0,170,55.415,132,2,216,87.045,162,1000,0.041
lunch-bursts,B7,plain,zone-based,60608,400,0,0,172,59.275,126,3,211,88.037,167,1000,0.04
lunch-bursts,B7,plain,express,60601,400,0,0,117,28.177,104,1,172,57.968,154,1000,0.065
lunch-bursts,B7,plain,express,60600,400,0,0,115,27.125,96,1,173,56.797,142,1000,0.063
lunch-bursts,B7,plain,express,60603,400,0,0,117,24.705,97,1,166,54.678,148,1000,0.061
lunch-bursts,B7,plain,express,60602,400,0,0,117,21.995,92,1,174,50.362,142,1000,0.065
lunch-bursts,B7,plain,express,60607,400,0,0,130,29.505,101,1,170,60.275,150,1000,0.068
lunch-bursts,B7,plain,express,60605,400,0,0,117,27.692,100,1,167,59.322,150,1000,0.066
lunch-bursts,B7,plain,express,60604,400,0,0,117,27.488,98,1,170,57.587,150,1000,0.066
lunch-bursts,B7,plain,express,60608,400,0,0,117,23.348,91,1,175,52.11,140,1000,0.061
lunch-bursts,B7,plain,express,60606,400,0,0,112,25.295,92,1,170,54.758,142,1000,0.068
lunch-bursts,B7,plain,express,60609,400,0,0,117,27.812,100,1,166,57.983,148,1000,0.066
lunch-bursts,B7,plain,zone-based,60609,400,0,0,186,57.54,134,2,245,87.71,166,1000,0.037
lunch-bursts,B7,stop1,eta-cost,60600,400,0,0,75,17.652,42,2,120,51.233,90,1000,0.105
lunch-bursts,B7,stop1,eta-cost,60602,400,0,0,90,13.455,49,2,132,45.62,94,1000,0.101
lunch-bursts,B7,stop1,eta-cost,60607,400,0,0,104,15.275,49,2,135,49.722,102,1000,0.112
lunch-bursts,B7,stop1,eta-cost,60603,400,0,0,87,15.938,51,2,134,49.642,99,1000,0.102
lunch-bursts,B7,stop1,eta-cost,60604,400,0,0,101,15.717,44,2,148,49.39,86,1000,0.11
lunch-bursts,B7,stop1,eta-cost,60601,400,0,0,83,14.803,45,2,131,48.362,96,1000,0.111
lunch-bursts,B7,stop1,eta-cost,60605,400,0,0,87,17.212,55,2,127,52.955,94,1000,0.105
lunch-bursts,B7,stop1,eta-cost,60606,400,0,0,77,18.07,60,2,133,51.3,105,1000,0.119
lunch-bursts,B7,stop1,eta-cost,60608,400,0,0,119,19.9,59,2,153,52.352,108,1000,0.115
lunch-bursts,B7,stop1,eta-cost,60609,400,0,0,93,14.8,46,2,132,48.625,91,1000,0.108
lunch-bursts,B7,stop1,eta-cost-fair,60602,400,0,0,89,14.262,50,2,130,46.375,95,1000,0.105
lunch-bursts,B7,stop1,eta-cost-fair,60601,400,0,0,105,19.017,54,2,140,52.492,99,1000,0.114
lunch-bursts,B7,stop1,nearest-car,60600,400,0,0,222,38.6,126,2,228,73.12,156,1000,0.037
lunch-bursts,B7,stop1,eta-cost-fair,60604,400,0,0,111,16.617,47,2,115,50.373,92,1000,0.108
lunch-bursts,B7,stop1,eta-cost-fair,60608,400,0,0,116,15.918,49,2,125,48.297,98,1000,0.107
lunch-bursts,B7,stop1,nearest-car,60601,400,0,0,132,33.542,121,2,192,67.718,142,1000,0.032
lunch-bursts,B7,stop1,eta-cost-fair,60606,400,0,0,80,18.852,58,2,135,51.917,105,1000,0.115
lunch-bursts,B7,stop1,eta-cost-fair,60607,400,0,0,108,16.895,54,2,148,51.17,106,1000,0.112
lunch-bursts,B7,stop1,nearest-car,60602,400,0,0,133,41.252,127,2,193,73.987,168,1000,0.032
lunch-bursts,B7,stop1,nearest-car,60603,400,0,0,232,34.855,122,2,234,69.505,150,1000,0.036
lunch-bursts,B7,stop1,nearest-car,60604,400,0,0,139,41.583,121,2,202,75.915,165,1000,0.04
lunch-bursts,B7,stop1,eta-cost-fair,60609,400,0,0,81,15.175,43,2,135,48.825,91,1000,0.106
lunch-bursts,B7,stop1,nearest-car,60606,400,0,0,141,35.21,124,4,194,69.005,151,1000,0.038
lunch-bursts,B7,stop1,eta-cost-fair,60600,400,0,0,91,17.977,45,2,119,51.532,89,1000,0.114
lunch-bursts,B7,stop1,nearest-car,60605,400,0,0,144,38.593,120,2,199,74.695,157,1000,0.038
lunch-bursts,B7,stop1,eta-cost-fair,60603,400,0,0,84,13.453,43,2,135,47.15,89,1000,0.1
lunch-bursts,B7,stop1,nearest-car,60608,400,0,0,133,36.028,120,2,189,69.31,149,1000,0.033
lunch-bursts,B7,stop1,nearest-car,60607,400,0,0,258,42.56,131,2,260,77.74,177,1000,0.037
lunch-bursts,B7,stop1,nearest-car,60609,400,0,0,247,44.778,130,2,252,79.595,166,1000,0.035
lunch-bursts,B7,stop1,eta-cost-fair,60605,400,0,0,99,23.3,66,2,132,58.855,106,1000,0.119
lunch-bursts,B7,stop1,nearest-car-eta,60603,400,0,0,118,20.14,73,2,131,54.575,120,1000,0.082
lunch-bursts,B7,stop1,nearest-car-eta,60602,400,0,0,130,18.095,71,2,138,50.892,115,1000,0.077
lunch-bursts,B7,stop1,nearest-car-eta,60601,400,0,0,142,26.025,84,2,145,60.39,123,1000,0.09
lunch-bursts,B7,stop1,nearest-car-eta,60600,400,0,0,126,23.245,71,2,137,57.405,116,1000,0.08
lunch-bursts,B7,stop1,nearest-car-eta,60604,400,0,0,128,20.32,70,2,137,54.653,117,1000,0.082
lunch-bursts,B7,stop1,nearest-car-eta,60606,400,0,0,119,21.343,66,2,136,55.275,108,1000,0.089
lunch-bursts,B7,stop1,nearest-car-eta,60607,400,0,0,131,25.117,81,2,146,60.023,123,1000,0.089
lunch-bursts,B7,stop1,nearest-car-eta,60608,400,0,0,115,20.71,77,3,135,53.955,119,1000,0.09
lunch-bursts,B7,stop1,nearest-car-eta,60609,400,0,0,121,15.525,47,2,142,50.17,92,1000,0.075
lunch-bursts,B7,stop1,round-robin,60601,400,0,0,127,60.59,116,5,179,93.99,157,1000,0.036
lunch-bursts,B7,stop1,round-robin,60602,400,0,0,129,56.095,116,10,187,87.948,155,1000,0.039
lunch-bursts,B7,stop1,round-robin,60600,400,0,0,129,55.82,116,10,190,89.062,157,1000,0.033
lunch-bursts,B7,stop1,nearest-car-eta,60605,400,0,0,125,48.115,104,2,183,84.532,150,1000,0.108
lunch-bursts,B7,stop1,round-robin,60603,400,0,0,129,59.81,116,3,192,93.455,161,1000,0.041
lunch-bursts,B7,stop1,round-robin,60604,400,0,0,129,58.205,119,3,193,91.795,162,1000,0.04
lunch-bursts,B7,stop1,round-robin,60606,400,0,0,129,58.852,112,6,182,91.987,155,1000,0.04
lunch-bursts,B7,stop1,round-robin,60605,400,0,0,130,63.017,118,2,193,98.302,168,1000,0.034
lunch-bursts,B7,stop1,round-robin,60608,400,0,0,125,54.237,108,4,184,86.555,153,1000,0.039
lunch-bursts,B7,stop1,round-robin,60607,400,0,0,132,59.605,117,5,188,94.047,165,1000,0.039
lunch-bursts,B7,stop1,zone-based,60601,400,0,0,241,67.71,176,2,304,102.275,212,1000,0.044
lunch-bursts,B7,stop1,round-robin,60609,400,0,0,129,59.377,117,3,183,93.088,158,1000,0.042
lunch-bursts,B7,stop1,zone-based,60600,400,0,0,269,67.252,169,7,336,101.725,206,1000,0.038
lunch-bursts,B7,stop1,zone-based,60602,400,0,0,256,68.528,156,2,283,101.51,201,1000,0.041
lunch-bursts,B7,stop1,zone-based,60603,400,0,0,214,68.11,163,3,250,102.705,200,1000,0.042
lunch-bursts,B7,stop1,zone-based,60604,400,0,0,205,65.657,145,3,263,100.16,189,1000,0.04
lunch-bursts,B7,stop1,zone-based,60605,400,0,0,218,66.685,154,2,270,103.055,191,1000,0.04
lunch-bursts,B7,stop1,zone-based,60606,400,0,0,198,61.428,149,2,254,95.612,192,1000,0.042
lunch-bursts,B7,stop1,zone-based,60609,400,0,0,219,73.16,168,3,263,108.147,202,1000,0.038
lunch-bursts,B7,stop1,zone-based,60607,400,0,0,281,64.75,164,4,336,100.195,209,1000,0.042
lunch-bursts,B7,stop1,zone-based,60608,400,0,0,251,66.175,154,4,287,99.71,196,1000,0.04
lunch-bursts,B7,stop1,express,60600,400,0,0,130,28.247,108,2,183,61.315,161,1000,0.083
lunch-bursts,B7,stop1,express,60601,400,0,0,132,30.39,109,2,195,63.41,162,1000,0.088
lunch-bursts,B7,stop1,express,60606,400,0,0,127,26.483,107,2,188,59.203,165,1000,0.08
lunch-bursts,B7,stop1,express,60603,400,0,0,138,29.885,110,2,197,63.2,166,1000,0.086
lunch-bursts,B7,stop1,express,60604,400,0,0,130,26.66,109,2,183,59.867,159,1000,0.069
lunch-bursts,B7,stop1,express,60602,400,0,0,130,25.825,107,2,192,57.288,162,1000,0.076
lunch-bursts,B7,stop1,express,60605,400,0,0,130,28.945,107,2,190,63.91,165,1000,0.083
lunch-bursts,B7,stop1,express,60609,400,0,0,125,28.285,101,2,175,61.615,154,1000,0.082
lunch-bursts,B7,stop1,express,60608,400,0,0,132,25.843,106,2,191,57.73,156,1000,0.078
lunch-bursts,B7,stop1,express,60607,400,0,0,133,30.75,114,2,198,64.795,164,1000,0.082
overload,B1,plain,eta-cost,70004,552,0,0,163,67.442,133,13,206,97.618,173,1500,0.18
overload,B1,plain,eta-cost,70000,561,0,0,155,77.403,134,7,207,107.034,172,1500,0.199
overload,B1,plain,eta-cost,70005,577,0,0,176,66.979,137,3,221,97.957,172,1500,0.195
overload,B1,plain,eta-cost,70008,551,0,0,165,64.563,135,4,217,95.254,170,1500,0.175
overload,B1,plain,eta-cost,70001,628,0,0,364,127.85,300,7,405,157.914,333,1500,0.314
overload,B1,plain,eta-cost,70003,604,0,0,284,131.099,263,3,333,159.728,293,1500,0.307
overload,B1,plain,eta-cost,70007,625,0,0,295,131.091,269,5,339,160.778,299,1500,0.314
overload,B1,plain,eta-cost,70009,547,0,0,167,79.715,133,3,223,109.558,170,1500,0.206
overload,B1,plain,eta-cost,70006,618,0,0,319,150.092,289,5,361,180.581,318,1500,0.34
overload,B1,plain,eta-cost,70002,646,0,0,369,163.729,343,2,425,193.836,377,1500,0.365
overload,B1,plain,eta-cost-fair,70000,561,0,0,155,77.225,134,7,205,106.856,171,1500,0.195
overload,B1,plain,eta-cost-fair,70004,552,0,0,163,67.442,133,13,206,97.618,173,1500,0.18
overload,B1,plain,nearest-car,70000,561,0,0,414,125.303,314,2,417,154.934,337,1500,0.062
overload,B1,plain,nearest-car,70002,646,0,0,660,207.229,446,5,702,237.336,479,1500,0.082
overload,B1,plain,nearest-car,70001,628,0,0,866,235.083,663,5,912,265.146,692,1500,0.087
overload,B1,plain,eta-cost-fair,70001,628,0,0,364,127.85,300,7,405,157.914,333,1500,0.315
overload,B1,plain,eta-cost-fair,70002,646,0,0,359,160.55,340,2,415,190.656,371,1500,0.394
overload,B1,plain,eta-cost-fair,70005,577,0,0,168,66.953,137,3,213,97.931,172,1500,0.201
overload,B1,plain,eta-cost-fair,70003,604,0,0,284,131.099,263,3,333,159.728,293,1500,0.3
overload,B1,plain,eta-cost-fair,70008,551,0,0,165,64.563,135,4,217,95.254,170,1500,0.172
overload,B1,plain,nearest-car,70003,604,0,0,596,182.836,465,3,640,211.465,489,1500,0.071
overload,B1,plain,eta-cost-fair,70009,547,0,0,167,79.715,133,3,223,109.558,170,1500,0.195
overload,B1,plain,nearest-car,70005,577,0,0,582,143.646,377,1,640,174.624,407,1500,0.076
overload,B1,plain,nearest-car,70006,618,0,0,632,210.561,515,5,675,241.05,541,1500,0.079
overload,B1,plain,nearest-car,70007,625,0,0,954,213.453,760,1,1000,243.139,791,1500,0.084
overload,B1,plain,nearest-car,70009,547,0,0,569,163.662,468,3,620,193.505,511,1500,0.077
overload,B1,plain,nearest-car,70008,551,0,0,658,215.652,527,2,702,246.343,565,1500,0.077
overload,B1,plain,eta-cost-fair,70007,625,0,0,295,131.091,269,5,339,160.778,299,1500,0.313
overload,B1,plain,nearest-car,70004,552,0,0,405,122.935,311,6,421,153.111,335,1500,0.063
overload,B1,plain,nearest-car-eta,70000,561,0,0,185,88.351,153,1,244,117.982,189,1500,0.144
overload,B1,plain,eta-cost-fair,70006,618,0,0,315,148.345,285,5,357,178.833,315,1500,0.332
overload,B1,plain,nearest-car-eta,70005,577,0,0,204,71.612,149,5,249,102.589,185,1500,0.135
overload,B1,plain,round-robin,70000,561,0,0,280,120.613,232,11,314,150.244,263,1500,0.058
overload,B1,plain,nearest-car-eta,70004,552,0,0,178,68.547,139,13,211,98.723,180,1500,0.117
overload,B1,plain,nearest-car-eta,70001,628,0,0,365,126.314,301,4,405,156.377,333,1500,0.199
overload,B1,plain,nearest-car-eta,70009,547,0,0,163,79.722,131,3,219,109.565,168,1500,0.131
overload,B1,plain,round-robin,70001,628,0,0,465,142.651,339,9,505,172.715,372,1500,0.077
overload,B1,plain,nearest-car-eta,70003,604,0,0,274,118.584,241,3,305,147.214,273,1500,0.188
overload,B1,plain,nearest-car-eta,70008,551,0,0,161,65.535,137,4,212,96.227,173,1500,0.124
overload,B1,plain,round-robin,70002,646,0,0,510,189.189,404,3,549,219.296,439,1500,0.079
overload,B1,plain,round-robin,70003,604,0,0,355,159.99,309,4,396,188.619,335,1500,0.072
overload,B1,plain,nearest-car-eta,70002,646,0,0,387,169.057,359,7,439,199.164,392,1500,0.244
overload,B1,plain,round-robin,70004,552,0,0,282,113.433,243,1,340,143.609,273,1500,0.065
overload,B1,plain,round-robin,70005,577,0,0,329,101.941,220,6,371,132.919,247,1500,0.057
overload,B1,plain,nearest-car-eta,70006,618,0,0,336,162.947,308,7,385,193.435,339,1500,0.23
overload,B1,plain,round-robin,70008,551,0,0,236,85.345,181,6,281,116.036,210,1500,0.056
overload,B1,plain,round-robin,70006,618,0,0,461,185.002,352,11,489,215.49,393,1500,0.078
overload,B1,plain,nearest-car-eta,70007,625,0,0,303,133.122,273,5,345,162.808,307,1500,0.2
overload,B1,plain,round-robin,70007,625,0,0,386,175.597,333,8,419,205.283,370,1500,0.074
overload,B1,plain,round-robin,70009,547,0,0,199,93.932,166,3,245,123.775,199,1500,0.062
overload,B1,plain,zone-based,70003,604,0,0,669,224.548,561,4,717,253.177,586,1500,0.08
overload,B1,plain,zone-based,70000,561,0,0,743,171.255,535,1,771,200.886,574,1500,0.083
overload,B1,plain,zone-based,70006,618,0,0,767,235.477,646,7,826,265.966,681,1500,0.092
overload,B1,plain,zone-based,70004,552,0,0,558,162.19,439,3,601,192.366,460,1500,0.077
overload,B1,plain,zone-based,70005,577,0,0,655,143.023,440,2,695,174,475,1500,0.073
overload,B1,plain,zone-based,70001,628,0,0,745,228.194,636,1,799,258.258,666,1500,0.093
overload,B1,plain,zone-based,70002,646,0,0,753,231.271,543,2,772,261.378,581,1500,0.09
overload,B1,plain,zone-based,70008,551,0,0,645,194.851,530,1,688,225.543,561,1500,0.075
overload,B1,plain,zone-based,70009,547,0,0,438,177.013,398,4,495,206.856,434,1500,0.074
overload,B1,plain,zone-based,70007,625,0,0,721,235.941,553,3,775,265.627,589,1500,0.095
overload,B1,plain,express,70000,561,0,0,849,140.95,711,4,898,170.581,758,1500,0.146
overload,B1,plain,express,70003,604,0,0,805,125.987,661,1,854,154.616,708,1500,0.154
overload,B1,plain,express,70004,552,0,0,889,146.067,727,1,946,176.243,786,1500,0.141
overload,B1,plain,express,70005,577,0,0,962,153.386,815,3,1018,184.364,855,1500,0.174
overload,B1,plain,express,70009,547,0,0,795,141.353,682,1,848,171.196,733,1500,0.155
overload,B1,plain,express,70002,646,0,0,1360,214.528,1124,1,1412,244.635,1169,1500,0.221
overload,B1,plain,express,70008,551,0,0,954,154.623,744,1,1002,185.314,788,1500,0.152
overload,B1,plain,express,70006,618,0,0,1371,238.097,1183,2,1427,268.586,1225,1500,0.247
overload,B1,plain,express,70007,625,0,0,1098,184.194,934,3,1146,213.88,980,1500,0.201
overload,B1,plain,express,70001,628,0,0,1282,191.713,1045,1,1331,221.777,1098,1500,0.205
overload,B1,stop1,eta-cost,70000,561,0,0,261,139.717,245,10,322,173.164,282,1500,0.43
overload,B1,stop1,eta-cost,70004,552,0,0,269,118.371,238,6,306,152.389,282,1500,0.368
overload,B1,stop1,eta-cost,70005,577,0,0,299,125.955,252,5,352,160.74,296,1500,0.419
overload,B1,stop1,eta-cost,70008,551,0,0,293,112.789,245,16,349,147.341,286,1500,0.349
overload,B1,stop1,eta-cost,70009,547,0,0,286,130.335,245,4,350,164.141,286,1500,0.375
overload,B1,stop1,eta-cost,70003,604,0,0,405,178.248,369,4,454,210.743,409,1500,0.58
overload,B1,stop1,eta-cost,70001,628,0,0,512,188.828,444,4,556,222.841,470,1500,0.628
overload,B1,stop1,eta-cost,70002,646,0,0,494,210.655,456,5,556,244.59,490,1500,0.697
overload,B1,stop1,eta-cost,70007,625,0,0,511,211.635,446,8,566,245.166,470,1500,0.68
overload,B1,stop1,eta-cost,70006,618,0,0,465,221.333,434,5,526,255.647,469,1500,0.717
overload,B1,stop1,eta-cost-fair,70000,561,0,0,258,140.54,243,5,313,174.025,281,1500,0.423
overload,B1,stop1,nearest-car,70000,561,0,0,778,224.633,668,3,795,257.996,695,1500,0.082
overload,B1,stop1,eta-cost-fair,70004,552,0,0,259,114.889,234,8,309,148.895,275,1500,0.357
overload,B1,stop1,nearest-car,70001,628,0,0,1212,288.933,1008,6,1275,322.83,1045,1500,0.094
overload,B1,stop1,eta-cost-fair,70005,577,0,0,293,123.79,253,5,352,158.586,295,1500,0.407
overload,B1,stop1,nearest-car,70002,646,0,0,1241,303.042,1012,4,1272,336.969,1053,1500,0.101
overload,B1,stop1,eta-cost-fair,70001,628,0,0,494,187.489,443,6,538,221.409,472,1500,0.619
overload,B1,stop1,eta-cost-fair,70003,604,0,0,405,178.906,370,5,455,211.373,410,1500,0.579
overload,B1,stop1,nearest-car,70003,604,0,0,958,265.24,757,3,1011,297.702,771,1500,0.092
overload,B1,stop1,nearest-car,70004,552,0,0,732,217.42,605,4,784,251.447,637,1500,0.075
overload,B1,stop1,nearest-car,70005,577,0,0,820,193.341,491,3,869,228.08,550,1500,0.083
overload,B1,stop1,eta-cost-fair,70008,551,0,0,273,112.608,238,14,333,147.127,279,1500,0.346
overload,B1,stop1,nearest-car,70007,625,0,0,928,267.467,740,4,943,301.066,792,1500,0.093
overload,B1,stop1,nearest-car,70006,618,0,0,1129,345.146,993,6,1178,379.422,1031,1500,0.11
overload,B1,stop1,eta-cost-fair,70009,547,0,0,303,131.201,249,4,363,164.938,290,1500,0.41
overload,B1,stop1,nearest-car,70009,547,0,0,479,164.091,361,4,543,197.852,405,1500,0.065
overload,B1,stop1,eta-cost-fair,70002,646,0,0,485,213.274,464,8,548,247.269,497,1500,0.73
overload,B1,stop1,nearest-car,70008,551,0,0,1427,350.038,1310,2,1477,384.445,1338,1500,0.108
overload,B1,stop1,eta-cost-fair,70006,618,0,0,476,223.699,443,6,523,257.997,477,1500,0.69
overload,B1,stop1,nearest-car-eta,70000,561,0,0,279,141.631,254,10,345,175.16,292,1500,0.253
overload,B1,stop1,eta-cost-fair,70007,625,0,0,501,214.133,447,2,556,247.65,472,1500,0.682
overload,B1,stop1,nearest-car-eta,70004,552,0,0,296,133.297,262,2,348,167.411,309,1500,0.25
overload,B1,stop1,nearest-car-eta,70005,577,0,0,336,127.388,276,4,386,162.253,316,1500,0.26
overload,B1,stop1,round-robin,70000,561,0,0,413,174.875,350,3,452,208.241,389,1500,0.076
overload,B1,stop1,nearest-car-eta,70003,604,0,0,431,191.108,393,4,484,223.644,434,1500,0.362
overload,B1,stop1,nearest-car-eta,70001,628,0,0,552,202.489,465,5,598,236.524,504,1500,0.386
overload,B1,stop1,round-robin,70001,628,0,0,608,202.615,477,10,650,236.532,516,1500,0.086
overload,B1,stop1,round-robin,70002,646,0,0,665,256.955,542,5,704,290.907,575,1500,0.093
overload,B1,stop1,nearest-car-eta,70008,551,0,0,307,116.951,253,11,367,151.57,295,1500,0.193
overload,B1,stop1,round-robin,70003,604,0,0,518,227.194,445,7,555,259.662,477,1500,0.085
overload,B1,stop1,round-robin,70004,552,0,0,424,162.022,335,12,472,195.962,371,1500,0.065
overload,B1,stop1,round-robin,70005,577,0,0,394,158.428,335,4,436,193.251,367,1500,0.075
overload,B1,stop1,nearest-car-eta,70002,646,0,0,530,229.896,493,6,582,263.909,528,1500,0.458
overload,B1,stop1,round-robin,70006,618,0,0,557,247.149,473,14,600,281.521,514,1500,0.091
overload,B1,stop1,nearest-car-eta,70006,618,0,0,486,227.626,450,8,542,262.066,487,1500,0.426
overload,B1,stop1,nearest-car-eta,70009,547,0,0,305,136.647,252,4,369,170.477,297,1500,0.249
overload,B1,stop1,nearest-car-eta,70007,625,0,0,546,230.461,477,7,587,264.067,516,1500,0.414
overload,B1,stop1,round-robin,70009,547,0,0,349,146.788,274,4,387,180.408,313,1500,0.068
overload,B1,stop1,round-robin,70007,625,0,0,566,244.397,480,6,586,277.91,512,1500,0.086
overload,B1,stop1,round-robin,70008,551,0,0,380,139.381,289,21,430,173.924,330,1500,0.065
overload,B1,stop1,zone-based,70000,561,0,0,722,216.205,679,4,786,249.697,706,1500,0.085
overload,B1,stop1,zone-based,70001,628,0,0,1063,277.588,825,7,1112,311.516,860,1500,0.104
overload,B1,stop1,zone-based,70003,604,0,0,954,283.043,753,4,1002,315.452,783,1500,0.097
overload,B1,stop1,zone-based,70002,646,0,0,837,301.994,717,2,888,335.966,763,1500,0.095
overload,B1,stop1,zone-based,70004,552,0,0,798,199.333,565,12,830,233.38,594,1500,0.082
overload,B1,stop1,zone-based,70005,577,0,0,790,194.355,544,3,840,229.121,562,1500,0.087
overload,B1,stop1,zone-based,70008,551,0,0,590,227.181,487,2,640,261.74,528,1500,0.077
overload,B1,stop1,zone-based,70007,625,0,0,1022,273.486,713,5,1074,306.933,760,1500,0.104
overload,B1,stop1,zone-based,70009,547,0,0,736,227.433,603,4,774,261.219,645,1500,0.088
overload,B1,stop1,zone-based,70006,618,0,0,1514,336.387,1285,6,1566,370.652,1318,1500,0.119
overload,B1,stop1,express,70000,561,0,0,1029,170.358,866,2,1079,203.481,921,1500,0.237
overload,B1,stop1,express,70004,552,0,0,1066,175.196,879,3,1131,208.772,945,1500,0.227
overload,B1,stop1,express,70003,604,0,0,976,154.829,798,3,1027,187.063,852,1500,0.228
overload,B1,stop1,express,70009,547,0,0,955,165.89,818,2,1011,199.166,871,1500,0.214
overload,B1,stop1,express,70008,551,0,0,1134,183.664,903,5,1185,217.733,950,1500,0.215
overload,B1,stop1,express,70005,577,0,0,1145,182.208,976,3,1206,216.631,1017,1500,0.256
overload,B1,stop1,express,70001,628,0,0,1486,226.314,1218,5,1536,259.831,1278,1500,0.309
overload,B2,plain,eta-cost,70103,279,0,0,212,75.154,183,2,259,102.688,219,1500,0.067
overload,B2,plain,eta-cost,70101,300,0,0,225,76.553,174,6,258,106.613,208,1500,0.07
overload,B2,plain,eta-cost,70100,298,0,0,375,184.235,329,4,422,214.134,359,1500,0.117
overload,B2,plain,eta-cost,70102,293,0,0,246,101.724,209,13,273,131.242,240,1500,0.078
overload,B1,stop1,express,70007,625,0,0,1278,212.755,1086,5,1329,245.923,1139,1500,0.312
overload,B1,stop1,express,70006,618,0,0,1575,273.34,1364,3,1635,307.214,1407,1500,0.358
overload,B2,plain,eta-cost,70106,264,0,0,124,56.216,105,8,171,85.644,144,1500,0.053
overload,B1,stop1,express,70002,646,0,0,1571,248.085,1302,4,1626,281.69,1350,1500,0.349
overload,B2,plain,eta-cost,70104,306,0,0,271,129.069,240,8,320,159.271,270,1500,0.096
overload,B2,plain,eta-cost,70105,331,0,0,444,169.68,372,10,466,197.798,403,1500,0.118
overload,B2,plain,eta-cost,70109,295,0,0,234,106.871,202,6,289,137.041,235,1500,0.083
overload,B2,plain,eta-cost-fair,70100,298,0,0,375,184.235,329,4,422,214.134,359,1500,0.124
overload,B2,plain,eta-cost-fair,70101,300,0,0,225,76.553,174,6,258,106.613,208,1500,0.076
overload,B2,plain,eta-cost,70107,314,0,0,407,139.49,317,14,465,169.354,351,1500,0.099
overload,B2,plain,eta-cost-fair,70103,279,0,0,212,73.62,182,2,259,101.154,219,1500,0.064
overload,B2,plain,eta-cost-fair,70102,293,0,0,246,101.724,209,13,273,131.242,240,1500,0.087
overload,B2,plain,eta-cost-fair,70106,264,0,0,124,56.216,105,8,171,85.644,144,1500,0.054
overload,B2,plain,nearest-car,70101,300,0,0,307,116.477,227,6,337,146.537,267,1500,0.033
overload,B2,plain,eta-cost-fair,70104,306,0,0,270,128.007,238,8,319,158.209,267,1500,0.096
overload,B2,plain,nearest-car,70100,298,0,0,474,201.205,415,7,515,231.104,430,1500,0.039
overload,B2,plain,nearest-car,70103,279,0,0,257,84.441,202,2,303,111.975,240,1500,0.037
overload,B2,plain,nearest-car,70102,293,0,0,327,133.846,247,8,368,163.365,293,1500,0.034
overload,B2,plain,eta-cost-fair,70105,331,0,0,444,169.68,372,10,466,197.798,403,1500,0.113
overload,B2,plain,nearest-car,70106,264,0,0,226,84.519,169,9,273,113.947,203,1500,0.025
overload,B2,plain,nearest-car,70104,306,0,0,549,188.356,446,8,567,218.559,486,1500,0.041
overload,B2,plain,nearest-car,70105,331,0,0,694,222.535,607,2,730,250.653,629,1500,0.05
overload,B2,plain,eta-cost-fair,70107,314,0,0,407,139.49,317,14,465,169.354,351,1500,0.099
overload,B2,plain,eta-cost-fair,70109,295,0,0,232,106.895,200,6,287,137.064,236,1500,0.089
overload,B2,plain,nearest-car,70107,314,0,0,421,155.939,397,5,476,185.803,414,1500,0.039
overload,B2,plain,nearest-car,70108,315,0,0,430,168.359,338,8,463,198.746,375,1500,0.04
overload,B2,plain,eta-cost-fair,70108,315,0,0,374,154.324,324,3,415,184.711,353,1500,0.103
overload,B2,plain,nearest-car,70109,295,0,0,427,140.061,321,9,462,170.231,362,1500,0.034
overload,B2,plain,eta-cost,70108,315,0,0,374,154.324,324,3,415,184.711,353,1500,0.103
overload,B2,plain,nearest-car-eta,70101,300,0,0,251,86.713,199,6,281,116.773,231,1500,0.054
overload,B2,plain,nearest-car-eta,70103,279,0,0,194,68.731,167,2,237,96.265,204,1500,0.049
overload,B2,plain,nearest-car-eta,70106,264,0,0,137,60.318,108,10,185,89.746,151,1500,0.043
overload,B2,plain,nearest-car-eta,70102,293,0,0,253,108.563,219,12,289,138.082,248,1500,0.063
overload,B2,plain,nearest-car-eta,70107,314,0,0,407,139.49,317,14,465,169.354,351,1500,0.069
overload,B2,plain,nearest-car-eta,70100,298,0,0,377,184.473,331,6,424,214.372,359,1500,0.074
overload,B2,plain,nearest-car-eta,70104,306,0,0,281,135.771,253,8,330,165.974,282,1500,0.069
overload,B2,plain,round-robin,70102,293,0,0,332,141.625,286,12,359,171.143,319,1500,0.034
overload,B2,plain,round-robin,70100,298,0,0,497,205.567,428,7,510,235.466,457,1500,0.043
overload,B2,plain,round-robin,70101,300,0,0,290,119.88,253,6,322,149.94,282,1500,0.03
overload,B2,plain,nearest-car-eta,70105,331,0,0,444,170.405,377,10,466,198.523,407,1500,0.083
overload,B2,plain,nearest-car-eta,70108,315,0,0,374,154.324,324,3,415,184.711,353,1500,0.078
overload,B2,plain,round-robin,70104,306,0,0,393,182.912,329,14,405,213.114,370,1500,0.039
overload,B2,plain,round-robin,70103,279,0,0,276,100.151,239,4,307,127.685,267,1500,0.034
overload,B2,plain,round-robin,70106,264,0,0,184,72.004,136,13,223,101.432,175,1500,0.03
overload,B2,plain,nearest-car-eta,70109,295,0,0,238,108.031,206,4,293,138.2,236,1500,0.063
overload,B2,plain,zone-based,70102,293,0,0,340,143.42,289,7,369,172.939,323,1500,0.04
overload,B2,plain,round-robin,70107,314,0,0,453,140.494,371,16,490,170.357,401,1500,0.034
overload,B2,plain,round-robin,70109,295,0,0,305,111.6,237,8,327,141.769,269,1500,0.032
overload,B2,plain,round-robin,70105,331,0,0,490,191.003,416,7,502,219.121,448,1500,0.046
overload,B2,plain,round-robin,70108,315,0,0,430,159.835,347,5,467,190.222,379,1500,0.039
overload,B2,plain,zone-based,70103,279,0,1,327,132.774,246,7,360,160.308,292,1500,0.037
overload,B2,plain,zone-based,70101,300,0,0,367,139.203,311,6,417,169.263,344,1500,0.04
overload,B2,plain,zone-based,70100,298,0,1,551,212.403,460,5,571,242.302,493,1500,0.042
overload,B2,plain,zone-based,70106,264,0,0,413,126.92,326,5,458,156.348,353,1500,0.038
overload,B2,plain,zone-based,70104,306,0,2,498,197.925,384,17,519,228.127,435,1500,0.038
overload,B2,plain,zone-based,70109,295,0,0,526,166.675,353,14,560,196.844,395,1500,0.039
overload,B2,plain,zone-based,70105,331,0,2,546,234.441,458,16,597,262.559,490,1500,0.045
overload,B2,plain,zone-based,70107,314,0,0,545,194.446,444,3,597,224.309,474,1500,0.048
overload,B2,plain,zone-based,70108,315,0,0,534,196.559,503,2,591,226.946,515,1500,0.042
overload,B2,plain,express,70101,300,0,0,148,62.853,124,9,183,92.913,160,1500,0.048
overload,B2,plain,express,70100,298,0,0,198,72.376,154,7,247,102.275,205,1500,0.051
overload,B2,plain,express,70103,279,0,0,251,78.498,197,7,281,106.032,219,1500,0.059
overload,B2,plain,express,70102,293,0,0,168,62.399,123,8,218,91.918,155,1500,0.047
overload,B2,plain,express,70106,264,0,0,130,53.807,107,6,181,83.235,154,1500,0.04
overload,B2,plain,express,70104,306,0,0,148,71.69,126,9,188,101.892,162,1500,0.052
overload,B2,plain,express,70105,331,0,0,326,108.749,258,9,354,136.867,285,1500,0.073
overload,B2,plain,express,70107,314,0,0,141,55.111,111,5,189,84.975,152,1500,0.048
overload,B2,plain,express,70109,295,0,0,154,57.766,117,8,201,87.936,154,1500,0.05
overload,B2,plain,express,70108,315,0,0,186,82.876,154,6,207,113.263,186,1500,0.055
overload,B2,stop1,eta-cost,70103,279,0,0,243,76.201,212,4,283,107.398,253,1500,0.082
overload,B2,stop1,eta-cost,70106,264,0,0,228,96.981,182,8,283,130.269,231,1500,0.094
overload,B2,stop1,eta-cost,70102,293,0,0,354,147.003,316,17,415,180.334,351,1500,0.138
overload,B2,stop1,eta-cost,70101,300,0,0,335,133.383,301,8,368,167.207,337,1500,0.135
overload,B2,stop1,eta-cost,70109,295,0,0,427,177.485,368,19,468,211.481,404,1500,0.156
overload,B2,stop1,eta-cost,70107,314,0,0,491,198.334,461,4,552,232.137,495,1500,0.181
overload,B2,stop1,eta-cost,70100,298,0,0,497,252.49,461,8,549,286.309,494,1500,0.211
overload,B2,stop1,eta-cost,70108,315,0,0,480,205.21,434,2,535,239.498,476,1500,0.201
overload,B2,stop1,eta-cost-fair,70103,279,0,0,243,76.323,214,4,284,107.513,251,1500,0.088
overload,B2,stop1,eta-cost,70105,331,0,0,571,238.789,534,9,632,270.837,562,1500,0.214
overload,B2,stop1,eta-cost-fair,70101,300,0,0,316,120.477,275,9,351,154.303,316,1500,0.129
overload,B2,stop1,eta-cost-fair,70102,293,0,0,364,149.399,322,16,422,182.672,355,1500,0.137
overload,B2,stop1,eta-cost,70104,306,0,0,432,196.042,392,12,485,230.16,422,1500,0.172
overload,B2,stop1,eta-cost-fair,70100,298,0,0,497,248.762,452,8,549,282.587,489,1500,0.219
overload,B2,stop1,eta-cost-fair,70106,264,0,0,227,97.019,183,7,282,130.265,230,1500,0.094
overload,B2,stop1,nearest-car,70100,298,0,0,547,258.154,473,7,596,291.906,514,1500,0.043
overload,B2,stop1,nearest-car,70101,300,0,0,382,140.883,302,10,426,174.793,342,1500,0.037
overload,B2,stop1,nearest-car,70102,293,0,0,500,198.454,465,11,562,231.737,503,1500,0.038
overload,B2,stop1,nearest-car,70103,279,0,0,378,138.391,346,4,422,169.577,374,1500,0.036
overload,B2,stop1,nearest-car,70104,306,0,0,673,240.565,573,12,729,274.65,613,1500,0.044
overload,B2,stop1,nearest-car,70105,331,0,0,795,276.281,734,3,819,308.381,766,1500,0.054
overload,B2,stop1,nearest-car,70106,264,0,0,331,129.67,302,13,384,162.735,335,1500,0.034
overload,B2,stop1,eta-cost-fair,70104,306,0,0,458,199.32,411,12,510,233.444,441,1500,0.185
overload,B2,stop1,nearest-car,70107,314,0,0,622,232.701,498,14,667,266.554,559,1500,0.037
overload,B2,stop1,nearest-car,70108,315,0,0,582,218.222,486,4,626,252.416,529,1500,0.05
overload,B2,stop1,nearest-car,70109,295,0,0,583,183.783,479,7,639,217.749,519,1500,0.045
overload,B2,stop1,eta-cost-fair,70109,295,0,0,416,175.925,357,19,457,209.892,393,1500,0.155
overload,B2,stop1,eta-cost-fair,70107,314,0,0,493,197.22,460,4,545,230.994,493,1500,0.192
overload,B2,stop1,eta-cost-fair,70105,331,0,0,571,238.686,530,9,632,270.734,559,1500,0.216
overload,B2,stop1,eta-cost-fair,70108,315,0,0,486,208.429,448,2,541,242.708,487,1500,0.202
overload,B2,stop1,nearest-car-eta,70101,300,0,0,384,154.12,323,7,419,187.983,372,1500,0.096
overload,B2,stop1,nearest-car-eta,70103,279,0,0,287,94.211,252,4,330,125.502,295,1500,0.058
overload,B2,stop1,nearest-car-eta,70106,264,0,0,228,96.981,182,8,283,130.269,231,1500,0.067
overload,B2,stop1,nearest-car-eta,70102,293,0,0,399,171.863,367,9,461,205.188,399,1500,0.101
overload,B2,stop1,nearest-car-eta,70100,298,0,0,503,254.312,464,8,555,288.141,500,1500,0.122
overload,B2,stop1,round-robin,70101,300,0,0,448,183.837,385,10,482,217.633,424,1500,0.038
overload,B2,stop1,round-robin,70100,298,0,0,622,272.225,562,6,662,305.97,599,1500,0.045
overload,B2,stop1,round-robin,70102,293,0,0,453,199.713,401,15,492,232.884,434,1500,0.041
overload,B2,stop1,nearest-car-eta,70104,306,0,0,459,207.255,417,12,512,241.464,455,1500,0.121
overload,B2,stop1,round-robin,70103,279,0,0,330,117.437,281,13,373,148.67,313,1500,0.036
overload,B2,stop1,nearest-car-eta,70107,314,0,0,490,197.318,460,4,549,231.131,493,1500,0.116
overload,B2,stop1,round-robin,70104,306,0,0,532,240.35,456,18,548,274.529,494,1500,0.051
overload,B2,stop1,nearest-car-eta,70109,295,0,0,429,177.756,370,19,470,211.776,406,1500,0.097
overload,B2,stop1,round-robin,70106,264,0,0,282,105.962,246,15,341,139.227,279,1500,0.038
overload,B2,stop1,nearest-car-eta,70105,331,0,0,569,238.692,532,9,630,270.743,561,1500,0.139
overload,B2,stop1,round-robin,70105,331,0,0,674,265.338,578,12,697,297.248,604,1500,0.049
overload,B2,stop1,round-robin,70107,314,0,0,601,191.373,457,17,659,225.153,498,1500,0.038
overload,B2,stop1,round-robin,70108,315,0,0,616,238.908,511,2,670,273.133,551,1500,0.049
overload,B2,stop1,round-robin,70109,295,0,0,424,169.875,358,10,460,203.82,392,1500,0.038
overload,B2,stop1,zone-based,70100,298,0,1,603,297.161,558,9,648,330.966,605,1500,0.053
overload,B2,stop1,nearest-car-eta,70108,315,0,0,524,215.819,464,2,579,250.079,499,1500,0.123
overload,B2,stop1,zone-based,70102,293,0,0,486,196.41,465,8,537,229.741,488,1500,0.035
overload,B2,stop1,zone-based,70101,300,0,0,503,182.863,381,11,552,216.727,425,1500,0.045
overload,B2,stop1,zone-based,70103,279,0,0,479,158.81,384,5,534,190.075,432,1500,0.036
overload,B2,stop1,zone-based,70106,264,0,0,457,144.015,355,12,499,177.189,407,1500,0.037
overload,B2,stop1,zone-based,70105,331,0,0,822,305.924,717,12,845,338.009,745,1500,0.058
overload,B2,stop1,zone-based,70104,306,0,0,768,289.837,670,12,816,323.99,713,1500,0.054
overload,B2,stop1,zone-based,70108,315,0,0,587,238.13,479,6,628,272.511,525,1500,0.047
overload,B2,stop1,zone-based,70109,295,0,0,603,201.505,515,19,665,235.529,533,1500,0.039
overload,B2,stop1,zone-based,70107,314,0,0,834,251.818,689,7,892,285.586,715,1500,0.052
overload,B2,stop1,express,70100,298,0,0,265,120.909,226,8,308,154.54,266,1500,0.085
overload,B2,stop1,express,70106,264,0,0,203,73.92,149,14,243,106.799,182,1500,0.061
overload,B2,stop1,express,70101,300,0,0,336,112.82,268,20,370,146.363,298,1500,0.094
overload,B2,stop1,express,70102,293,0,0,329,108.468,271,17,359,141.413,301,1500,0.086
overload,B2,stop1,express,70103,279,0,0,365,109.918,293,6,399,140.785,321,1500,0.077
overload,B2,stop1,express,70109,295,0,0,246,87.8,189,16,263,121.437,223,1500,0.068
overload,B2,stop1,express,70104,306,0,0,334,145.582,313,12,366,179.464,338,1500,0.104
overload,B2,stop1,express,70107,314,0,0,354,124.318,296,13,376,157.828,326,1500,0.092
overload,B2,stop1,express,70108,315,0,0,342,139.26,302,2,376,173.07,325,1500,0.106
overload,B2,stop1,express,70105,331,0,0,573,188.109,500,12,596,219.924,518,1500,0.144
overload,B3,plain,eta-cost,70202,1215,0,0,246,98.787,213,1,290,128.965,250,1500,0.923
overload,B3,plain,eta-cost,70207,1195,0,0,260,96.818,218,5,306,126.185,250,1500,0.819
overload,B3,plain,eta-cost,70200,1241,0,0,247,97.836,217,1,299,127.229,250,1500,0.94
overload,B3,plain,eta-cost,70209,1207,0,0,204,83.93,163,2,251,113.197,203,1500,0.811
overload,B3,plain,eta-cost,70208,1186,0,0,269,111.417,202,1,315,141.835,243,1500,0.957
overload,B3,plain,eta-cost,70205,1217,0,0,283,112.053,239,2,331,142.936,274,1500,0.91
overload,B3,plain,eta-cost,70203,1249,0,0,305,113.079,280,3,358,143.235,309,1500,1.056
overload,B3,plain,eta-cost,70204,1225,0,0,339,124.829,298,1,398,154.48,334,1500,1.046
overload,B3,plain,eta-cost,70206,1239,0,0,315,135.016,293,3,369,164.731,330,1500,1.096
overload,B3,plain,eta-cost,70201,1291,0,0,395,165.796,375,1,444,195.914,400,1500,1.449
overload,B3,plain,eta-cost-fair,70200,1241,0,0,247,97.684,217,1,299,127.077,250,1500,0.885
overload,B3,plain,eta-cost-fair,70202,1215,0,0,245,98.662,213,1,290,128.84,250,1500,0.878
overload,B3,plain,nearest-car,70200,1241,0,0,550,152.216,375,1,601,181.608,415,1500,0.142
overload,B3,plain,eta-cost-fair,70203,1249,0,0,305,113.023,280,3,358,143.179,309,1500,1.009
overload,B3,plain,eta-cost-fair,70207,1195,0,0,260,96.818,218,5,306,126.185,250,1500,0.842
overload,B3,plain,eta-cost-fair,70205,1217,0,0,283,111.968,238,2,331,142.85,274,1500,0.952
overload,B3,plain,nearest-car,70201,1291,0,0,1071,301.05,865,2,1125,331.169,894,1500,0.209
overload,B3,plain,eta-cost-fair,70204,1225,0,0,339,124.829,298,1,398,154.48,334,1500,1.031
overload,B3,plain,eta-cost-fair,70208,1186,0,0,267,111.022,202,1,314,141.44,242,1500,0.931
overload,B3,plain,nearest-car,70202,1215,0,0,767,177.396,457,5,818,207.574,502,1500,0.152
overload,B3,plain,nearest-car,70203,1249,0,0,972,234.682,726,2,1007,264.837,750,1500,0.173
overload,B3,plain,eta-cost-fair,70206,1239,0,0,315,135.016,293,3,369,164.731,330,1500,1.138
overload,B3,plain,nearest-car,70204,1225,0,0,803,223.65,539,2,834,253.301,569,1500,0.17
overload,B3,plain,eta-cost-fair,70209,1207,0,0,204,83.833,162,2,249,113.099,203,1500,0.788
overload,B3,plain,nearest-car,70205,1217,0,0,1052,195.693,644,2,1108,226.575,664,1500,0.177
overload,B3,plain,nearest-car,70208,1186,0,0,753,184.865,488,1,776,215.283,527,1500,0.165
overload,B3,plain,nearest-car,70206,1239,0,0,1316,255.793,866,2,1343,285.508,911,1500,0.187
overload,B3,plain,nearest-car,70207,1195,0,0,886,204.178,661,2,915,233.546,692,1500,0.159
overload,B3,plain,eta-cost-fair,70201,1291,0,0,395,165.796,375,1,444,195.914,400,1500,1.458
overload,B3,plain,nearest-car,70209,1207,0,0,850,162.267,544,1,886,191.534,573,1500,0.155
overload,B3,plain,nearest-car-eta,70200,1241,0,0,263,101.644,230,1,315,131.036,266,1500,0.567
overload,B3,plain,nearest-car-eta,70202,1215,0,0,250,111.723,229,5,300,141.901,265,1500,0.582
overload,B3,plain,nearest-car-eta,70207,1195,0,0,305,101.915,234,3,347,131.283,269,1500,0.554
overload,B3,plain,round-robin,70200,1241,0,0,377,139.323,307,4,412,168.716,342,1500,0.14
overload,B3,plain,nearest-car-eta,70205,1217,0,0,283,111.871,242,2,331,142.753,276,1500,0.56
overload,B3,plain,nearest-car-eta,70203,1249,0,0,293,106.207,261,2,341,136.363,293,1500,0.573
overload,B3,plain,nearest-car-eta,70209,1207,0,0,225,92.81,190,2,274,122.077,228,1500,0.505
overload,B3,plain,nearest-car-eta,70204,1225,0,0,338,126.804,301,5,389,156.456,329,1500,0.627
overload,B3,plain,nearest-car-eta,70201,1291,0,0,406,168.223,371,4,456,198.342,403,1500,0.831
overload,B3,plain,nearest-car-eta,70208,1186,0,0,268,111.659,214,1,323,142.078,252,1500,0.546
overload,B3,plain,round-robin,70201,1291,0,0,545,189.789,427,4,594,219.908,457,1500,0.167
overload,B3,plain,round-robin,70202,1215,0,0,327,128.272,265,5,365,158.45,297,1500,0.136
overload,B3,plain,nearest-car-eta,70206,1239,0,0,336,148.461,317,4,382,178.176,352,1500,0.706
overload,B3,plain,round-robin,70203,1249,0,0,537,148.236,346,11,556,178.392,378,1500,0.144
overload,B3,plain,round-robin,70204,1225,0,0,444,149.196,324,5,473,178.847,352,1500,0.134
overload,B3,plain,round-robin,70205,1217,0,0,498,147.846,329,6,555,178.729,362,1500,0.146
overload,B3,plain,round-robin,70207,1195,0,0,437,123.633,280,5,482,153,317,1500,0.118
overload,B3,plain,round-robin,70206,1239,0,0,446,156.96,363,1,486,186.676,393,1500,0.143
overload,B3,plain,round-robin,70209,1207,0,0,347,122.223,267,2,383,151.49,302,1500,0.134
overload,B3,plain,round-robin,70208,1186,0,0,371,133.452,271,1,411,163.87,302,1500,0.133
overload,B3,plain,zone-based,70200,1241,0,0,865,195.148,646,3,887,224.541,667,1500,0.168
overload,B3,plain,zone-based,70202,1215,0,0,892,186.972,548,3,924,217.15,577,1500,0.17
overload,B3,plain,zone-based,70201,1291,0,0,1207,288.031,906,1,1258,318.149,938,1500,0.208
overload,B3,plain,zone-based,70203,1249,0,0,931,225.576,623,1,974,255.731,655,1500,0.171
overload,B3,plain,zone-based,70209,1207,0,0,754,213.13,570,2,805,242.397,612,1500,0.184
overload,B3,plain,zone-based,70208,1186,0,0,862,193.448,548,2,895,223.866,571,1500,0.173
overload,B3,plain,zone-based,70205,1217,0,0,1429,225.565,872,3,1471,256.447,907,1500,0.191
overload,B3,plain,zone-based,70207,1195,0,0,1067,196.663,611,3,1112,226.03,617,1500,0.171
overload,B3,plain,zone-based,70204,1225,0,0,916,246.48,686,1,959,276.131,715,1500,0.187
overload,B3,plain,zone-based,70206,1239,0,0,1220,245.655,874,1,1270,275.37,895,1500,0.176
overload,B3,plain,express,70200,1241,0,0,954,137.708,753,1,1009,167.101,799,1500,0.545
overload,B3,plain,express,70202,1215,0,0,936,145.712,769,3,991,175.89,823,1500,0.517
overload,B3,plain,express,70207,1195,0,0,919,136.269,715,1,972,165.637,764,1500,0.493
overload,B3,plain,express,70209,1207,0,0,973,146.74,802,2,1020,176.007,849,1500,0.519
overload,B3,plain,express,70204,1225,0,0,1174,179.085,931,1,1225,208.736,980,1500,0.571
overload,B3,plain,express,70206,1239,0,0,1093,170.015,921,4,1144,199.73,971,1500,0.599
overload,B3,plain,express,70208,1186,0,0,1153,174.63,901,1,1209,205.048,950,1500,0.568
overload,B3,plain,express,70203,1249,0,0,1054,163.039,882,1,1111,193.195,932,1500,0.567
overload,B3,plain,express,70201,1291,0,0,1313,207.624,1092,1,1366,237.742,1139,1500,0.691
overload,B3,plain,express,70205,1217,0,0,1302,224.997,1100,2,1359,255.879,1148,1500,0.709
overload,B3,stop1,eta-cost,70209,1207,0,0,327,130.184,282,2,386,163.221,323,1500,1.619
overload,B3,stop1,eta-cost,70207,1195,0,0,370,137.942,327,4,421,171.115,365,1500,1.658
overload,B3,stop1,eta-cost,70200,1241,0,0,384,154.504,355,2,438,187.634,392,1500,1.99
overload,B3,stop1,eta-cost,70203,1249,0,0,411,155.508,375,5,467,189.47,414,1500,1.986
overload,B3,stop1,eta-cost,70208,1186,0,0,358,158.929,314,2,419,193.205,360,1500,1.824
overload,B3,stop1,eta-cost,70202,1215,0,0,367,160.674,340,4,424,194.674,375,1500,1.978
overload,B3,stop1,eta-cost,70205,1217,0,0,414,170.304,365,3,471,204.969,405,1500,2.046
overload,B3,stop1,eta-cost,70204,1225,0,0,480,187.158,438,4,543,220.665,468,1500,2.206
overload,B3,stop1,eta-cost,70206,1239,0,0,471,198.207,439,5,532,231.747,476,1500,2.408
overload,B3,stop1,eta-cost,70201,1291,0,0,553,225.363,520,4,599,259.342,548,1500,2.866
overload,B3,stop1,eta-cost-fair,70200,1241,0,0,358,143.94,338,2,416,177.089,377,1500,1.831
overload,B3,stop1,eta-cost-fair,70202,1215,0,0,355,157.943,337,7,418,191.912,376,1500,1.967
overload,B3,stop1,eta-cost-fair,70203,1249,0,0,410,153.266,372,9,469,187.18,410,1500,1.929
overload,B3,stop1,nearest-car,70200,1241,0,0,1737,301.539,1313,2,1796,334.772,1347,1500,0.218
overload,B3,stop1,eta-cost-fair,70205,1217,0,0,412,168.453,364,4,475,203.108,408,1500,1.938
overload,B3,stop1,eta-cost-fair,70207,1195,0,0,395,141.948,341,6,449,175.037,372,1500,1.71
overload,B3,stop1,nearest-car,70201,1291,0,0,1740,355.716,1197,2,1784,389.665,1230,1500,0.248
overload,B3,stop1,nearest-car,70203,1249,0,0,1462,281.398,1126,2,1511,315.48,1158,1500,0.227
overload,B3,stop1,nearest-car,70202,1215,0,0,1582,335.084,1089,3,1641,369.07,1152,1500,0.23
overload,B3,stop1,eta-cost-fair,70204,1225,0,0,474,181.692,429,5,534,215.168,460,1500,2.178
overload,B3,stop1,nearest-car,70204,1225,0,0,1410,323.604,946,3,1470,357.102,986,1500,0.225
overload,B3,stop1,nearest-car,70205,1217,0,0,1202,267.524,816,3,1262,302.212,847,1500,0.203
overload,B3,stop1,nearest-car,70207,1195,0,0,911,225.103,687,3,954,258.346,713,1500,0.176
overload,B3,stop1,nearest-car,70206,1239,0,0,1456,349.217,1112,3,1510,382.776,1126,1500,0.223
overload,B3,stop1,nearest-car,70208,1186,0,0,1363,271.504,1040,2,1424,305.765,1085,1500,0.211
overload,B3,stop1,eta-cost-fair,70209,1207,0,0,298,125.079,263,3,359,158.147,306,1500,1.531
overload,B3,stop1,eta-cost-fair,70206,1239,0,0,444,190.32,414,3,488,223.864,450,1500,2.329
overload,B3,stop1,nearest-car,70209,1207,0,0,1155,235.127,723,3,1172,268.228,759,1500,0.189
overload,B3,stop1,eta-cost-fair,70208,1186,0,0,358,148.958,306,2,417,183.192,349,1500,1.774
overload,B3,stop1,eta-cost-fair,70201,1291,0,0,535,220.628,508,7,589,254.587,535,1500,2.849
overload,B3,stop1,nearest-car-eta,70200,1241,0,0,403,170.847,382,2,464,204.106,421,1500,1.214
overload,B3,stop1,nearest-car-eta,70207,1195,0,0,397,144.356,347,2,451,177.597,377,1500,1.006
overload,B3,stop1,nearest-car-eta,70203,1249,0,0,445,165.535,396,5,504,199.654,437,1500,1.172
overload,B3,stop1,nearest-car-eta,70209,1207,0,0,337,139.821,302,3,399,173.012,344,1500,0.991
overload,B3,stop1,nearest-car-eta,70202,1215,0,0,396,174.477,365,5,453,208.572,407,1500,1.234
overload,B3,stop1,round-robin,70200,1241,0,0,532,203.843,445,5,573,237.018,484,1500,0.169
overload,B3,stop1,nearest-car-eta,70205,1217,0,0,451,187.85,404,2,514,222.654,439,1500,1.231
overload,B3,stop1,nearest-car-eta,70204,1225,0,0,492,194.559,451,2,550,228.18,488,1500,1.309
overload,B3,stop1,round-robin,70201,1291,0,0,711,262.876,582,6,769,296.924,616,1500,0.185
overload,B3,stop1,round-robin,70202,1215,0,0,502,195.48,411,8,553,229.5,448,1500,0.155
overload,B3,stop1,round-robin,70203,1249,0,0,700,210.508,484,13,722,244.441,516,1500,0.167
overload,B3,stop1,round-robin,70204,1225,0,0,585,209.574,459,6,618,243.118,492,1500,0.164
overload,B3,stop1,round-robin,70205,1217,0,0,655,210.73,470,2,715,245.403,508,1500,0.161
overload,B3,stop1,nearest-car-eta,70208,1186,0,0,407,171.193,342,2,468,205.653,385,1500,1.163
overload,B3,stop1,round-robin,70206,1239,0,0,603,214.976,487,7,645,248.525,525,1500,0.164
overload,B3,stop1,round-robin,70207,1195,0,0,586,176.078,411,6,636,209.218,446,1500,0.15
overload,B3,stop1,round-robin,70209,1207,0,0,486,181.008,383,3,516,214.08,421,1500,0.146
overload,B3,stop1,nearest-car-eta,70206,1239,0,0,497,211.523,460,6,556,245.159,502,1500,1.416
overload,B3,stop1,round-robin,70208,1186,0,0,516,194.753,395,2,549,228.985,435,1500,0.149
overload,B3,stop1,zone-based,70201,1291,0,0,984,300.532,678,2,1035,334.482,707,1500,0.211
overload,B3,stop1,zone-based,70200,1241,0,0,1742,291.774,1232,3,1793,324.988,1263,1500,0.231
overload,B3,stop1,zone-based,70202,1215,0,0,962,245.74,625,2,1007,279.791,673,1500,0.2
overload,B3,stop1,nearest-car-eta,70201,1291,0,0,578,243.043,548,3,626,277.064,578,1500,1.739
overload,B3,stop1,zone-based,70203,1249,0,0,1233,256.315,802,3,1293,290.284,850,1500,0.196
overload,B3,stop1,zone-based,70204,1225,0,0,1089,279.737,863,3,1140,313.313,896,1500,0.21
overload,B3,stop1,zone-based,70206,1239,0,0,1185,250.008,657,3,1214,283.597,685,1500,0.203
overload,B3,stop1,zone-based,70205,1217,0,0,1391,279.427,938,2,1449,314.169,962,1500,0.215
overload,B3,stop1,zone-based,70207,1195,0,0,1102,270.039,760,4,1124,303.182,786,1500,0.199
overload,B3,stop1,zone-based,70208,1186,0,0,1344,275.797,939,3,1369,310.076,980,1500,0.202
overload,B3,stop1,zone-based,70209,1207,0,0,1266,259.031,888,2,1328,292.137,921,1500,0.202
overload,B3,stop1,express,70200,1241,0,0,1133,160.287,891,2,1197,193.196,943,1500,0.826
overload,B3,stop1,express,70202,1215,0,0,1125,172.306,919,2,1184,206.046,974,1500,0.855
overload,B3,stop1,express,70207,1195,0,0,1103,162.807,863,3,1160,195.734,919,1500,0.779
overload,B3,stop1,express,70208,1186,0,0,1345,202.549,1060,2,1402,236.545,1115,1500,0.927
overload,B3,stop1,express,70203,1249,0,0,1244,191.605,1030,3,1306,225.327,1081,1500,0.886
overload,B3,stop1,express,70204,1225,0,0,1367,206.009,1102,2,1421,239.301,1151,1500,0.926
overload,B3,stop1,express,70209,1207,0,0,1177,175.937,969,2,1226,208.834,1025,1500,0.853
overload,B3,stop1,express,70206,1239,0,0,1277,199.322,1091,2,1340,232.688,1144,1500,0.948
overload,B3,stop1,express,70201,1291,0,0,1533,240.355,1260,4,1592,274.03,1316,1500,1.139
overload,B3,stop1,express,70205,1217,0,0,1509,258.128,1275,2,1572,292.535,1329,1500,1.156
overload,B4,plain,eta-cost,70300,1210,0,0,182,81.736,166,1,210,96.243,180,1500,0.661
overload,B4,plain,eta-cost,70304,1176,0,0,173,56.788,143,2,195,72.009,160,1500,0.465
overload,B4,plain,eta-cost,70301,1186,0,0,195,85.968,174,1,224,100.87,189,1500,0.666
overload,B4,plain,eta-cost,70305,1195,0,0,214,88.128,188,2,237,103.286,205,1500,0.702
overload,B4,plain,eta-cost,70302,1242,0,0,258,106.685,232,2,277,122.238,247,1500,0.805
overload,B4,plain,eta-cost,70307,1205,0,0,181,90.04,167,3,207,104.966,186,1500,0.681
overload,B4,plain,eta-cost,70303,1203,0,0,270,115.316,254,1,297,130.229,271,1500,0.82
overload,B4,plain,eta-cost,70306,1216,0,0,256,104.752,235,2,278,119.429,250,1500,0.778
overload,B4,plain,eta-cost,70309,1190,0,0,179,88.527,160,4,202,103.65,177,1500,0.698
overload,B4,plain,eta-cost,70308,1223,0,0,243,110.466,208,4,268,125.493,225,1500,0.855
overload,B4,plain,eta-cost-fair,70300,1210,0,0,180,80.77,165,2,208,95.278,178,1500,0.629
overload,B4,plain,eta-cost-fair,70301,1186,0,0,195,85.968,174,1,224,100.87,189,1500,0.653
overload,B4,plain,nearest-car,70301,1186,0,0,555,127.841,389,1,582,142.743,411,1500,0.083
overload,B4,plain,nearest-car,70300,1210,0,0,533,137.726,357,2,559,152.233,371,1500,0.086
overload,B4,plain,eta-cost-fair,70304,1176,0,0,172,56.624,143,2,194,71.844,160,1500,0.467
overload,B4,plain,nearest-car,70302,1242,0,0,493,149.081,343,1,511,164.633,364,1500,0.093
overload,B4,plain,nearest-car,70304,1176,0,0,493,104.538,370,1,520,119.759,388,1500,0.082
overload,B4,plain,nearest-car,70303,1203,0,0,714,188.376,583,1,737,203.289,596,1500,0.094
overload,B4,plain,nearest-car,70306,1216,0,0,490,141.55,409,1,514,156.227,418,1500,0.09
overload,B4,plain,eta-cost-fair,70302,1242,0,0,258,106.664,232,3,277,122.217,247,1500,0.856
overload,B4,plain,nearest-car,70307,1205,0,0,653,164.022,603,2,677,178.949,621,1500,0.111
overload,B4,plain,eta-cost-fair,70305,1195,0,0,212,87.934,188,1,238,103.092,206,1500,0.646
overload,B4,plain,eta-cost-fair,70303,1203,0,0,270,115.067,253,1,296,129.98,270,1500,0.847
overload,B4,plain,nearest-car,70308,1223,0,0,792,173.062,588,1,814,188.089,606,1500,0.096
overload,B4,plain,nearest-car,70309,1190,0,0,449,136.423,323,3,473,151.545,340,1500,0.087
overload,B4,plain,eta-cost-fair,70307,1205,0,0,181,90.04,167,3,207,104.966,186,1500,0.698
overload,B4,plain,nearest-car,70305,1195,0,0,494,155.265,420,2,512,170.423,438,1500,0.086
overload,B4,plain,eta-cost-fair,70306,1216,0,0,256,104.752,235,2,278,119.429,250,1500,0.788
overload,B4,plain,nearest-car-eta,70300,1210,0,0,187,81.243,168,1,212,95.75,181,1500,0.357
overload,B4,plain,nearest-car-eta,70304,1176,0,0,185,60.715,160,3,213,75.935,176,1500,0.298
overload,B4,plain,eta-cost-fair,70308,1223,0,0,243,110.466,208,4,268,125.493,225,1500,0.835
overload,B4,plain,nearest-car-eta,70301,1186,0,0,200,78.658,170,2,224,93.56,186,1500,0.354
overload,B4,plain,eta-cost-fair,70309,1190,0,0,179,88.527,160,4,202,103.65,177,1500,0.702
overload,B4,plain,round-robin,70301,1186,0,0,269,108.797,230,2,293,123.699,245,1500,0.07
overload,B4,plain,round-robin,70300,1210,0,0,265,98.81,207,3,277,113.317,224,1500,0.078
overload,B4,plain,round-robin,70302,1242,0,0,356,125.082,268,4,371,140.634,285,1500,0.085
overload,B4,plain,nearest-car-eta,70305,1195,0,0,246,101.906,221,5,272,117.064,238,1500,0.416
overload,B4,plain,nearest-car-eta,70303,1203,0,0,282,122.238,264,1,307,137.151,278,1500,0.523
overload,B4,plain,round-robin,70304,1176,0,0,254,75.897,181,3,276,91.117,198,1500,0.07
overload,B4,plain,round-robin,70303,1203,0,0,303,127.306,262,1,327,142.219,282,1500,0.089
overload,B4,plain,round-robin,70305,1195,0,0,279,104.045,230,3,292,119.203,250,1500,0.076
overload,B4,plain,nearest-car-eta,70306,1216,0,0,260,114.175,243,2,281,128.852,257,1500,0.472
overload,B4,plain,nearest-car-eta,70307,1205,0,0,191,94.175,177,1,216,109.101,195,1500,0.411
overload,B4,plain,round-robin,70307,1205,0,0,278,108.757,216,3,291,123.683,232,1500,0.079
overload,B4,plain,round-robin,70306,1216,0,0,362,132.134,310,2,385,146.811,324,1500,0.089
overload,B4,plain,nearest-car-eta,70302,1242,0,0,288,125.349,269,3,308,140.902,281,1500,0.547
overload,B4,plain,round-robin,70308,1223,0,0,323,123.444,259,5,332,138.471,277,1500,0.079
overload,B4,plain,round-robin,70309,1190,0,0,300,121.057,246,2,315,136.18,260,1500,0.077
overload,B4,plain,zone-based,70301,1186,0,0,581,142.616,433,2,602,157.519,447,1500,0.1
overload,B4,plain,zone-based,70300,1210,0,0,648,153.2,476,4,669,167.707,491,1500,0.108
overload,B4,plain,zone-based,70303,1203,0,0,541,164.614,385,1,570,179.528,409,1500,0.112
overload,B4,plain,zone-based,70304,1176,0,0,532,120.028,357,1,553,135.248,371,1500,0.084
overload,B4,plain,zone-based,70302,1242,0,0,948,197.256,706,3,962,212.808,733,1500,0.119
overload,B4,plain,zone-based,70305,1195,0,0,511,147.46,432,1,534,162.618,448,1500,0.088
overload,B4,plain,zone-based,70306,1216,0,0,450,129.03,332,1,470,143.707,358,1500,0.092
overload,B4,plain,zone-based,70308,1223,0,0,825,176.587,719,2,844,191.614,727,1500,0.117
overload,B4,plain,zone-based,70309,1190,0,0,449,139.61,340,1,470,154.733,363,1500,0.093
overload,B4,plain,nearest-car-eta,70309,1190,0,0,202,99.9,187,2,229,115.023,203,1500,0.439
overload,B4,plain,zone-based,70307,1205,0,0,523,150.354,390,1,546,165.28,399,1500,0.096
overload,B4,plain,nearest-car-eta,70308,1223,0,0,252,116.743,217,2,280,131.77,234,1500,0.519
overload,B4,plain,express,70301,1186,0,0,966,144.134,763,1,991,159.036,785,1500,0.357
overload,B4,plain,express,70304,1176,0,0,1012,145.224,778,1,1035,160.445,803,1500,0.446
overload,B4,plain,express,70300,1210,0,0,1001,152.783,817,1,1027,167.29,842,1500,0.466
overload,B4,plain,express,70303,1203,0,0,1066,169.853,919,1,1092,184.766,940,1500,0.498
overload,B4,plain,express,70306,1216,0,0,1025,155.155,869,1,1049,169.831,889,1500,0.449
overload,B4,plain,express,70307,1205,0,0,900,142.764,781,1,926,157.69,802,1500,0.374
overload,B4,plain,express,70305,1195,0,0,1119,172.623,915,1,1146,187.781,940,1500,0.476
overload,B4,plain,express,70302,1242,0,0,1207,196.549,1019,1,1232,212.101,1043,1500,0.6
overload,B4,plain,express,70308,1223,0,0,1027,164.738,847,1,1053,179.765,871,1500,0.507
overload,B4,plain,express,70309,1190,0,0,1067,163.108,876,1,1095,178.231,902,1500,0.477
overload,B4,stop1,eta-cost,70304,1176,0,0,423,166.082,392,2,454,184.891,411,1500,1.814
overload,B4,stop1,eta-cost,70301,1186,0,0,445,191.305,413,3,474,209.774,433,1500,2.01
overload,B4,stop1,eta-cost,70300,1210,0,0,470,196.5,431,2,492,214.565,446,1500,2.235
overload,B4,stop1,eta-cost,70305,1195,0,0,472,201.016,431,4,504,219.776,452,1500,2.215
overload,B4,stop1,eta-cost,70309,1190,0,0,446,209.375,425,2,473,228.191,444,1500,2.363
overload,B4,stop1,eta-cost,70307,1205,0,0,461,210.677,427,2,491,229.277,447,1500,2.425
overload,B4,stop1,eta-cost,70303,1203,0,0,520,227.37,494,2,554,245.968,513,1500,2.648
overload,B4,stop1,eta-cost,70302,1242,0,0,530,229.465,503,3,555,248.585,518,1500,2.633
overload,B4,stop1,eta-cost,70308,1223,0,0,528,229.926,470,4,559,248.631,489,1500,2.659
overload,B4,stop1,eta-cost,70306,1216,0,0,523,232.394,497,4,553,250.682,514,1500,2.664
overload,B4,stop1,eta-cost-fair,70300,1210,0,0,433,186.079,402,5,459,204.205,416,1500,2.174
overload,B4,stop1,nearest-car,70300,1210,0,0,1009,279.045,784,3,1038,297.204,796,1500,0.128
overload,B4,stop1,nearest-car,70301,1186,0,0,756,235.161,575,2,784,253.735,593,1500,0.123
overload,B4,stop1,eta-cost-fair,70301,1186,0,0,453,194.357,419,3,477,212.81,436,1500,2.067
overload,B4,stop1,nearest-car,70302,1242,0,0,1222,320.969,999,3,1249,340.201,1014,1500,0.144
overload,B4,stop1,eta-cost-fair,70304,1176,0,0,414,156.605,373,3,441,175.435,393,1500,1.66
overload,B4,stop1,nearest-car,70303,1203,0,0,1490,370.442,1356,2,1523,389.103,1378,1500,0.159
overload,B4,stop1,nearest-car,70304,1176,0,0,898,226.731,718,2,927,245.616,734,1500,0.13
overload,B4,stop1,nearest-car,70305,1195,0,0,1004,287.531,777,3,1037,306.459,813,1500,0.122
overload,B4,stop1,nearest-car,70306,1216,0,0,917,289.558,723,3,948,307.962,748,1500,0.134
overload,B4,stop1,nearest-car,70307,1205,0,0,838,256.228,702,3,865,274.847,723,1500,0.143
overload,B4,stop1,nearest-car,70308,1223,0,0,986,281.434,813,2,1017,300.214,837,1500,0.119
overload,B4,stop1,nearest-car,70309,1190,0,0,949,306.373,739,3,970,325.219,764,1500,0.123
overload,B4,stop1,eta-cost-fair,70305,1195,0,0,487,208.879,443,7,519,227.671,463,1500,2.339
overload,B4,stop1,eta-cost-fair,70303,1203,0,0,505,219.595,487,2,536,238.145,507,1500,2.532
overload,B4,stop1,eta-cost-fair,70302,1242,0,0,546,237.311,516,5,575,256.43,532,1500,2.809
overload,B4,stop1,eta-cost-fair,70307,1205,0,0,482,217.202,434,3,504,235.787,453,1500,2.558
overload,B4,stop1,eta-cost-fair,70306,1216,0,0,523,226.368,491,5,549,244.641,508,1500,2.686
overload,B4,stop1,eta-cost-fair,70309,1190,0,0,451,209.183,420,4,468,227.982,440,1500,2.39
overload,B4,stop1,eta-cost-fair,70308,1223,0,0,529,230.14,478,5,557,248.836,496,1500,2.692
overload,B4,stop1,nearest-car-eta,70301,1186,0,0,499,212.452,456,3,523,231.126,475,1500,1.215
overload,B4,stop1,nearest-car-eta,70300,1210,0,0,502,217.891,469,2,526,236.18,484,1500,1.377
overload,B4,stop1,round-robin,70300,1210,0,0,554,226.33,481,4,569,244.521,498,1500,0.114
overload,B4,stop1,round-robin,70301,1186,0,0,581,244.082,503,3,608,262.695,519,1500,0.117
overload,B4,stop1,nearest-car-eta,70304,1176,0,0,459,185.021,423,2,485,203.947,445,1500,1.08
overload,B4,stop1,round-robin,70302,1242,0,0,673,256.404,542,4,693,275.637,560,1500,0.132
overload,B4,stop1,round-robin,70303,1203,0,0,614,252.734,542,2,645,271.35,564,1500,0.112
overload,B4,stop1,round-robin,70304,1176,0,0,524,192.859,441,3,547,211.699,461,1500,0.109
overload,B4,stop1,round-robin,70305,1195,0,0,585,233.479,500,5,599,252.328,518,1500,0.122
overload,B4,stop1,nearest-car-eta,70302,1242,0,0,591,254.911,546,2,620,274.194,564,1500,1.62
overload,B4,stop1,round-robin,70306,1216,0,0,637,259.515,551,2,659,277.914,571,1500,0.123
overload,B4,stop1,round-robin,70307,1205,0,0,610,236.976,487,2,624,255.632,506,1500,0.112
overload,B4,stop1,round-robin,70308,1223,0,0,619,252.166,522,6,628,270.906,540,1500,0.121
overload,B4,stop1,round-robin,70309,1190,0,0,553,240.02,491,3,578,258.785,510,1500,0.115
overload,B4,stop1,zone-based,70300,1210,0,0,755,240.688,557,2,786,258.903,580,1500,0.13
overload,B4,stop1,nearest-car-eta,70305,1195,0,0,531,228.923,488,4,564,247.83,507,1500,1.373
overload,B4,stop1,zone-based,70301,1186,0,0,1263,314.847,1144,3,1290,333.428,1152,1500,0.153
overload,B4,stop1,nearest-car-eta,70303,1203,0,0,561,246.914,535,2,597,265.642,559,1500,1.581
overload,B4,stop1,zone-based,70302,1242,0,0,1143,330.657,1030,3,1174,349.968,1047,1500,0.165
overload,B4,stop1,zone-based,70303,1203,0,0,1237,325.795,1022,2,1266,344.505,1039,1500,0.156
overload,B4,stop1,zone-based,70305,1195,0,0,932,275.821,763,2,967,294.668,778,1500,0.131
overload,B4,stop1,zone-based,70304,1176,0,0,1525,299.878,1251,2,1549,318.723,1286,1500,0.154
overload,B4,stop1,zone-based,70306,1216,0,0,1165,298.171,954,2,1195,316.564,975,1500,0.137
overload,B4,stop1,zone-based,70307,1205,0,0,1468,381.018,1198,3,1485,399.601,1215,1500,0.175
overload,B4,stop1,zone-based,70309,1190,0,0,696,250.51,586,2,727,269.455,602,1500,0.122
overload,B4,stop1,zone-based,70308,1223,0,0,1183,302.885,1070,2,1206,321.631,1087,1500,0.143
overload,B4,stop1,nearest-car-eta,70307,1205,0,0,502,235.874,467,2,536,254.589,489,1500,1.47
overload,B4,stop1,nearest-car-eta,70306,1216,0,0,567,253.234,536,2,596,271.707,554,1500,1.565
overload,B4,stop1,nearest-car-eta,70308,1223,0,0,550,242.274,495,3,581,261.119,519,1500,1.56
overload,B4,stop1,nearest-car-eta,70309,1190,0,0,497,231.523,467,2,534,250.487,489,1500,1.444
overload,B4,stop1,express,70301,1186,0,0,1308,196.034,1047,2,1334,214.199,1075,1500,0.809
overload,B4,stop1,express,70300,1210,0,0,1355,211.249,1122,2,1385,228.971,1154,1500,0.914
overload,B4,stop1,express,70304,1176,0,0,1358,201.009,1075,3,1382,219.418,1102,1500,0.842
overload,B4,stop1,express,70306,1216,0,0,1351,207.864,1144,2,1379,225.828,1170,1500,0.849
overload,B4,stop1,express,70303,1203,0,0,1417,227.122,1220,2,1449,245.293,1243,1500,0.956
overload,B4,stop1,express,70305,1195,0,0,1461,229.118,1203,2,1491,247.488,1234,1500,0.947
overload,B5,plain,eta-cost,70400,350,0,0,322,131.506,283,3,418,182.537,346,1500,0.141
overload,B4,stop1,express,70307,1205,0,0,1224,194.4,1054,3,1253,212.493,1086,1500,0.843
overload,B5,plain,eta-cost,70402,365,0,0,291,114.912,241,6,352,162.123,307,1500,0.148
overload,B5,plain,eta-cost,70403,358,0,0,292,133.52,253,15,357,184.223,309,1500,0.154
overload,B5,plain,eta-cost,70401,406,0,0,499,241.192,481,16,587,291.468,521,1500,0.266
overload,B5,plain,eta-cost,70404,317,0,0,217,106.852,180,9,295,159.155,244,1500,0.128
overload,B5,plain,eta-cost,70405,348,0,0,276,107.339,225,9,342,158.69,278,1500,0.131
overload,B5,plain,eta-cost,70407,328,0,0,229,112.223,204,1,320,163.091,257,1500,0.137
overload,B5,plain,eta-cost,70406,340,0,0,234,113.015,201,4,333,161.509,257,1500,0.148
overload,B4,stop1,express,70308,1223,0,0,1385,221.877,1157,2,1420,240.138,1180,1500,0.995
overload,B5,plain,eta-cost,70408,355,0,0,194,91.245,164,7,285,142.662,228,1500,0.129
overload,B4,stop1,express,70309,1190,0,0,1422,220.949,1173,2,1453,239.272,1205,1500,0.936
overload,B4,stop1,express,70302,1242,0,0,1566,256.329,1323,2,1599,275.022,1353,1500,1.137
overload,B5,plain,eta-cost-fair,70404,317,0,0,217,106.464,177,9,295,158.767,244,1500,0.121
overload,B5,plain,eta-cost-fair,70400,350,0,0,322,131.506,283,3,418,182.537,346,1500,0.157
overload,B5,plain,eta-cost-fair,70402,365,0,0,291,114.912,241,6,352,162.123,307,1500,0.144
overload,B5,plain,eta-cost-fair,70405,348,0,0,276,107.339,225,9,342,158.69,278,1500,0.134
overload,B5,plain,eta-cost,70409,375,0,0,458,174.261,409,5,526,224.728,462,1500,0.184
overload,B5,plain,eta-cost-fair,70403,358,0,0,292,133.52,253,15,357,184.223,309,1500,0.16
overload,B5,plain,eta-cost-fair,70406,340,0,0,222,105.285,197,4,321,153.779,248,1500,0.135
overload,B5,plain,eta-cost-fair,70407,328,0,0,229,111.207,205,1,320,162.076,256,1500,0.13
overload,B5,plain,nearest-car,70402,365,0,0,716,217.236,532,6,803,264.447,585,1500,0.077
overload,B5,plain,nearest-car,70400,350,0,0,1127,307.371,942,3,1202,358.403,1012,1500,0.09
overload,B5,plain,nearest-car,70403,358,0,0,1035,286.128,872,12,1118,336.832,893,1500,0.075
overload,B5,plain,nearest-car,70404,317,0,0,795,324.956,729,13,874,377.259,791,1500,0.08
overload,B5,plain,nearest-car,70405,348,0,0,696,220.635,558,6,780,271.986,615,1500,0.084
overload,B5,plain,eta-cost-fair,70408,355,0,0,194,91.245,164,7,285,142.662,228,1500,0.138
overload,B5,plain,nearest-car,70401,406,0,0,1055,393.128,858,4,1122,443.404,918,1500,0.09
overload,B5,plain,eta-cost-fair,70401,406,0,0,499,241.192,481,16,587,291.468,521,1500,0.269
overload,B5,plain,nearest-car,70407,328,0,0,722,215.637,567,1,790,266.506,614,1500,0.075
overload,B5,plain,nearest-car,70406,340,0,0,627,205.288,520,4,707,253.782,572,1500,0.07
overload,B5,plain,nearest-car,70408,355,0,0,811,225.721,719,7,885,277.138,762,1500,0.074
overload,B5,plain,nearest-car,70409,375,0,0,1067,324.045,844,28,1156,374.512,898,1500,0.09
overload,B5,plain,eta-cost-fair,70409,375,0,0,458,174.261,409,5,526,224.728,462,1500,0.186
overload,B5,plain,nearest-car-eta,70400,350,0,0,332,133.426,285,3,428,184.457,350,1500,0.106
overload,B5,plain,nearest-car-eta,70402,365,0,0,307,115.778,244,6,368,162.989,310,1500,0.119
overload,B5,plain,nearest-car-eta,70403,358,0,0,362,148.168,296,15,420,198.872,354,1500,0.122
overload,B5,plain,nearest-car-eta,70404,317,0,0,207,105.063,178,9,274,157.366,239,1500,0.085
overload,B5,plain,nearest-car-eta,70406,340,0,0,234,113.426,204,4,333,161.921,258,1500,0.106
overload,B5,plain,nearest-car-eta,70405,348,0,0,290,111.27,232,13,356,162.621,290,1500,0.103
overload,B5,plain,nearest-car-eta,70407,328,0,0,246,113.869,213,1,317,164.738,276,1500,0.099
overload,B5,plain,round-robin,70400,350,0,0,445,182.174,372,3,530,233.206,425,1500,0.055
overload,B5,plain,round-robin,70402,365,0,0,429,162.359,324,10,476,209.57,386,1500,0.072
overload,B5,plain,nearest-car-eta,70401,406,0,0,522,255.335,509,16,605,305.611,557,1500,0.188
overload,B5,plain,round-robin,70401,406,0,0,684,295.52,580,11,725,345.796,625,1500,0.094
overload,B5,plain,nearest-car-eta,70408,355,0,0,213,111.011,186,14,287,162.428,260,1500,0.084
overload,B5,plain,round-robin,70403,358,0,0,456,187.802,355,14,513,238.506,408,1500,0.064
overload,B5,plain,round-robin,70404,317,0,0,313,142.77,260,17,377,195.073,315,1500,0.056
overload,B5,plain,nearest-car-eta,70409,375,0,0,458,176.821,410,5,526,227.288,462,1500,0.142
overload,B5,plain,round-robin,70405,348,0,0,375,150.799,308,5,471,202.149,365,1500,0.058
overload,B5,plain,round-robin,70407,328,0,0,410,158.332,335,6,475,209.201,376,1500,0.061
overload,B5,plain,round-robin,70409,375,0,0,609,209.477,464,16,701,259.944,519,1500,0.073
overload,B5,plain,round-robin,70406,340,0,0,358,157.444,304,4,437,205.938,349,1500,0.061
overload,B5,plain,round-robin,70408,355,0,0,396,146.031,314,16,449,197.448,367,1500,0.059
overload,B5,plain,zone-based,70405,348,0,1,1137,322.739,808,10,1217,374.089,862,1500,0.093
overload,B5,plain,zone-based,70400,350,0,1,706,238.826,551,6,781,289.857,601,1500,0.073
overload,B5,plain,zone-based,70402,365,0,0,906,247.485,736,3,970,294.696,755,1500,0.078
overload,B5,plain,zone-based,70404,317,0,0,595,191.852,533,4,672,244.155,581,1500,0.068
overload,B5,plain,zone-based,70403,358,0,0,1259,335.109,1055,14,1278,385.813,1095,1500,0.094
overload,B5,plain,zone-based,70401,406,0,0,1557,470.522,1233,3,1602,520.798,1242,1500,0.119
overload,B5,plain,zone-based,70406,340,0,0,708,250.212,552,4,793,298.706,623,1500,0.074
overload,B5,plain,zone-based,70407,328,0,0,896,273.616,721,9,992,324.485,776,1500,0.072
overload,B5,plain,zone-based,70408,355,0,0,480,170.777,362,8,571,222.194,423,1500,0.069
overload,B5,plain,zone-based,70409,375,0,0,1318,318.949,1076,7,1402,369.416,1099,1500,0.093
overload,B5,plain,express,70402,365,0,0,937,137.685,708,2,1009,184.896,796,1500,0.107
overload,B5,plain,express,70400,350,0,0,1279,229.963,1091,3,1369,280.994,1173,1500,0.133
overload,B5,plain,express,70404,317,0,0,987,185.221,833,12,1071,237.524,923,1500,0.108
overload,B5,plain,express,70406,340,0,0,650,119.185,572,4,742,167.679,649,1500,0.099
overload,B5,plain,express,70401,406,0,0,1490,256.431,1290,2,1581,306.707,1368,1500,0.165
overload,B5,plain,express,70403,358,0,0,1211,211.872,1037,5,1277,262.575,1119,1500,0.123
overload,B5,plain,express,70407,328,0,0,1037,192.753,859,6,1132,243.622,941,1500,0.111
overload,B5,plain,express,70408,355,0,0,1089,191.248,920,3,1161,242.665,1000,1500,0.122
overload,B5,plain,express,70405,348,0,0,1198,196.167,969,2,1296,247.517,1056,1500,0.123
overload,B5,plain,express,70409,375,0,0,1432,242.539,1178,8,1524,293.005,1268,1500,0.148
overload,B5,stop1,eta-cost,70404,317,0,0,281,151.486,247,9,365,207.801,315,1500,0.203
overload,B5,stop1,eta-cost,70407,328,0,0,247,129.939,222,3,335,184.704,298,1500,0.192
overload,B5,stop1,eta-cost,70400,350,0,0,395,172.654,368,4,499,227.597,438,1500,0.242
overload,B5,stop1,eta-cost,70405,348,0,0,349,134.543,287,14,417,189.825,353,1500,0.213
overload,B5,stop1,eta-cost,70402,365,0,0,351,144.203,315,3,440,195.447,379,1500,0.21
overload,B5,stop1,eta-cost,70406,340,0,0,270,136.976,248,5,377,189.462,309,1500,0.212
overload,B5,stop1,eta-cost,70403,358,0,0,348,162.807,323,18,443,217.43,380,1500,0.261
overload,B5,stop1,eta-cost,70408,355,0,0,278,114.27,222,7,351,169.628,288,1500,0.198
overload,B5,stop1,eta-cost,70401,406,0,0,587,275.768,563,21,669,329.963,608,1500,0.423
overload,B5,stop1,eta-cost,70409,375,0,0,534,210.952,488,13,622,265.491,547,1500,0.304
overload,B5,stop1,eta-cost-fair,70400,350,0,0,397,173.123,368,4,501,228.043,438,1500,0.244
overload,B5,stop1,eta-cost-fair,70404,317,0,0,275,145.521,241,10,359,201.823,311,1500,0.202
overload,B5,stop1,eta-cost-fair,70405,348,0,0,360,134.138,294,14,417,189.425,354,1500,0.199
overload,B5,stop1,eta-cost-fair,70406,340,0,0,257,123.215,229,5,364,175.591,280,1500,0.187
overload,B5,stop1,eta-cost-fair,70407,328,0,0,247,128.817,222,7,335,183.546,296,1500,0.183
overload,B5,stop1,eta-cost-fair,70403,358,0,0,355,163.517,324,18,448,218.128,380,1500,0.245
overload,B5,stop1,eta-cost-fair,70402,365,0,0,349,144.252,314,3,441,195.468,380,1500,0.233
overload,B5,stop1,nearest-car,70400,350,0,0,811,243.374,594,4,858,298.183,643,1500,0.076
overload,B5,stop1,nearest-car,70401,406,0,0,1365,396.7,1114,13,1417,450.744,1162,1500,0.111
overload,B5,stop1,nearest-car,70402,365,0,0,882,251.877,724,4,959,302.91,766,1500,0.072
overload,B5,stop1,nearest-car,70403,358,0,0,970,245.615,767,13,1064,300.103,804,1500,0.086
overload,B5,stop1,nearest-car,70407,328,0,0,709,269.192,563,3,732,323.881,621,1500,0.079
overload,B5,stop1,nearest-car,70404,317,0,0,1298,371.076,1117,4,1394,427.129,1176,1500,0.091
overload,B5,stop1,nearest-car,70406,340,0,0,641,246.665,558,5,704,298.965,599,1500,0.076
overload,B5,stop1,nearest-car,70408,355,0,0,841,233.915,616,5,916,289.149,696,1500,0.075
overload,B5,stop1,eta-cost-fair,70408,355,0,0,277,114.301,221,7,350,169.665,286,1500,0.194
overload,B5,stop1,nearest-car,70405,348,0,0,943,226.057,574,4,992,281.279,646,1500,0.071
overload,B5,stop1,nearest-car,70409,375,0,0,993,383.04,952,6,1087,437.443,988,1500,0.097
overload,B5,stop1,eta-cost-fair,70401,406,0,0,605,286.057,582,13,689,340.259,627,1500,0.42
overload,B5,stop1,nearest-car-eta,70400,350,0,0,383,168.186,360,4,487,223.151,428,1500,0.162
overload,B5,stop1,nearest-car-eta,70404,317,0,0,311,152.94,254,12,395,209.246,326,1500,0.14
overload,B5,stop1,nearest-car-eta,70405,348,0,0,357,135.767,294,10,430,191.083,355,1500,0.142
overload,B5,stop1,nearest-car-eta,70402,365,0,0,393,148.986,336,3,456,200.274,388,1500,0.16
overload,B5,stop1,eta-cost-fair,70409,375,0,0,536,211.368,488,21,623,265.872,543,1500,0.306
overload,B5,stop1,nearest-car-eta,70403,358,0,0,363,166.335,330,18,454,220.975,387,1500,0.159
overload,B5,stop1,round-robin,70400,350,0,0,520,217.2,453,4,611,272.091,506,1500,0.067
overload,B5,stop1,nearest-car-eta,70407,328,0,0,284,132.235,244,3,379,186.991,313,1500,0.131
overload,B5,stop1,round-robin,70402,365,0,0,425,181.518,362,4,483,232.581,408,1500,0.07
overload,B5,stop1,round-robin,70401,406,0,0,787,340.677,674,13,838,394.81,727,1500,0.092
overload,B5,stop1,round-robin,70403,358,0,0,546,226.089,434,19,605,280.626,485,1500,0.071
overload,B5,stop1,round-robin,70404,317,0,0,396,175.06,322,26,459,231.249,382,1500,0.06
overload,B5,stop1,round-robin,70405,348,0,0,461,184.563,376,10,564,239.592,431,1500,0.072
overload,B5,stop1,nearest-car-eta,70406,340,0,0,293,136.959,255,5,382,189.482,308,1500,0.145
overload,B5,stop1,round-robin,70406,340,0,0,434,188.109,355,5,520,240.306,410,1500,0.068
overload,B5,stop1,nearest-car-eta,70408,355,0,0,298,141.777,266,13,381,197.254,330,1500,0.137
overload,B5,stop1,nearest-car-eta,70401,406,0,0,628,294.502,590,12,699,348.722,639,1500,0.254
overload,B5,stop1,round-robin,70408,355,0,0,486,179.882,388,19,538,235.045,450,1500,0.063
overload,B5,stop1,zone-based,70400,350,0,0,967,294.4,784,7,1040,349.203,853,1500,0.084
overload,B5,stop1,zone-based,70404,317,0,0,595,210.647,406,15,677,266.804,473,1500,0.07
overload,B5,stop1,round-robin,70407,328,0,0,480,196.729,405,7,556,251.409,448,1500,0.065
overload,B5,stop1,zone-based,70402,365,0,0,985,281.921,771,6,1068,332.918,807,1500,0.087
overload,B5,stop1,zone-based,70401,406,0,0,1513,515.145,1328,2,1580,569.261,1386,1500,0.117
overload,B5,stop1,nearest-car-eta,70409,375,0,0,552,232.325,524,12,650,286.837,576,1500,0.212
overload,B5,stop1,zone-based,70403,358,0,0,1316,353.014,1000,14,1391,407.536,1099,1500,0.097
overload,B5,stop1,round-robin,70409,375,0,0,697,233.803,535,8,777,288.128,596,1500,0.077
overload,B5,stop1,zone-based,70405,348,0,0,1204,437.279,1033,9,1257,492.368,1073,1500,0.097
overload,B5,stop1,zone-based,70406,340,0,0,983,268.894,791,7,1058,321.194,830,1500,0.077
overload,B5,stop1,zone-based,70407,328,0,0,1106,309.78,920,7,1151,364.402,991,1500,0.083
overload,B5,stop1,zone-based,70408,355,0,0,736,211.245,547,3,806,266.358,597,1500,0.067
overload,B5,stop1,express,70404,317,0,0,1099,202.174,929,14,1188,258.085,1025,1500,0.134
overload,B5,stop1,zone-based,70409,375,0,0,1849,406.323,1439,5,1889,460.659,1516,1500,0.117
overload,B5,stop1,express,70406,340,0,0,748,132.791,649,5,849,184.929,735,1500,0.125
overload,B5,stop1,express,70400,350,0,0,1401,250.509,1198,3,1495,305.049,1287,1500,0.169
overload,B5,stop1,express,70402,365,0,0,1044,152.578,798,4,1121,203.247,891,1500,0.142
overload,B5,stop1,express,70405,348,0,0,1312,213.207,1066,4,1413,268.034,1157,1500,0.153
overload,B5,stop1,express,70403,358,0,0,1341,232.684,1148,4,1408,287.022,1235,1500,0.175
overload,B5,stop1,express,70401,406,0,0,1624,277.108,1407,6,1722,331.076,1495,1500,0.207
overload,B5,stop1,express,70408,355,0,0,1205,210.369,1015,5,1280,265.135,1098,1500,0.161
overload,B5,stop1,express,70407,328,0,0,1144,212.787,972,7,1248,267.043,1058,1500,0.135
overload,B6,plain,eta-cost,70500,290,0,0,101,40.848,79,4,131,70.469,114,1500,0.08
overload,B6,plain,eta-cost,70501,287,0,0,161,57.592,125,2,204,86.422,161,1500,0.084
overload,B6,plain,eta-cost,70505,298,0,0,157,57.909,113,4,186,86.836,150,1500,0.08
overload,B6,plain,eta-cost,70502,295,0,0,173,71.895,136,8,220,103.173,173,1500,0.087
overload,B6,plain,eta-cost,70504,318,0,0,124,52.909,107,5,181,81.61,146,1500,0.095
overload,B6,plain,eta-cost,70503,307,0,0,195,75.775,142,7,247,104.984,187,1500,0.097
overload,B6,plain,eta-cost,70507,289,0,0,115,45.709,82,17,147,75.55,123,1500,0.083
overload,B6,plain,eta-cost,70508,295,0,0,153,62.173,131,4,197,91.536,163,1500,0.082
overload,B5,stop1,express,70409,375,0,0,1558,266.107,1286,6,1656,320.099,1377,1500,0.177
overload,B6,plain,eta-cost,70509,285,0,0,188,71.147,161,4,230,101.284,198,1500,0.086
overload,B6,plain,eta-cost,70506,332,0,0,216,89.127,194,5,255,117.383,226,1500,0.115
overload,B6,plain,eta-cost-fair,70500,290,0,0,101,40.848,79,4,131,70.469,114,1500,0.071
overload,B6,plain,eta-cost-fair,70501,287,0,0,161,57.592,125,2,204,86.422,161,1500,0.085
overload,B6,plain,eta-cost-fair,70502,295,0,0,173,71.895,136,8,220,103.173,173,1500,0.086
overload,B6,plain,eta-cost-fair,70504,318,0,0,126,56.981,109,2,183,85.682,148,1500,0.084
overload,B6,plain,eta-cost-fair,70503,307,0,0,195,75.775,142,7,247,104.984,187,1500,0.108
overload,B6,plain,eta-cost-fair,70505,298,0,0,157,57.909,113,4,186,86.836,150,1500,0.082
overload,B6,plain,eta-cost-fair,70507,289,0,0,115,45.709,82,17,147,75.55,123,1500,0.085
overload,B6,plain,nearest-car,70500,290,0,0,434,109.966,304,4,479,139.586,334,1500,0.051
overload,B6,plain,eta-cost-fair,70508,295,0,0,155,61.963,131,4,193,91.325,162,1500,0.096
overload,B6,plain,nearest-car,70501,287,0,0,1086,373.655,1028,2,1130,402.484,1043,1500,0.078
overload,B6,plain,nearest-car,70502,295,0,0,490,184.288,415,6,527,215.566,449,1500,0.054
overload,B6,plain,eta-cost-fair,70509,285,0,0,188,71.147,161,4,230,101.284,198,1500,0.081
overload,B6,plain,eta-cost-fair,70506,332,0,0,216,89.127,194,5,255,117.383,226,1500,0.103
overload,B6,plain,nearest-car,70503,307,0,0,701,276.117,598,1,751,305.326,640,1500,0.065
overload,B6,plain,nearest-car,70504,318,0,0,516,131.937,376,2,563,160.638,409,1500,0.054
overload,B6,plain,nearest-car,70507,289,0,0,330,91.484,228,1,378,121.325,260,1500,0.056
overload,B6,plain,nearest-car,70506,332,0,0,845,192.614,754,3,883,220.87,765,1500,0.069
overload,B6,plain,nearest-car,70505,298,0,0,682,197.523,582,4,721,226.45,618,1500,0.064
overload,B6,plain,nearest-car,70508,295,0,0,540,132.122,411,5,583,161.485,442,1500,0.048
overload,B6,plain,nearest-car,70509,285,0,0,562,175.614,467,4,592,205.751,490,1500,0.057
overload,B6,plain,nearest-car-eta,70500,290,0,0,96,42.01,81,4,143,71.631,117,1500,0.069
overload,B6,plain,nearest-car-eta,70501,287,0,0,161,59.24,129,2,204,88.07,167,1500,0.06
overload,B6,plain,nearest-car-eta,70502,295,0,0,207,76.356,151,8,220,107.634,188,1500,0.078
overload,B6,plain,nearest-car-eta,70505,298,0,0,157,58.698,123,4,186,87.624,153,1500,0.076
overload,B6,plain,nearest-car-eta,70503,307,0,0,211,77.961,165,7,263,107.169,193,1500,0.073
overload,B6,plain,nearest-car-eta,70504,318,0,0,130,59.947,115,5,183,88.648,152,1500,0.069
overload,B6,plain,nearest-car-eta,70507,289,0,0,111,43.692,80,1,166,73.533,117,1500,0.059
overload,B6,plain,nearest-car-eta,70508,295,0,0,156,61.953,135,10,213,91.315,161,1500,0.064
overload,B6,plain,nearest-car-eta,70506,332,0,0,228,90.021,200,5,263,118.277,233,1500,0.08
overload,B6,plain,round-robin,70501,287,0,0,210,78.568,166,2,244,107.397,196,1500,0.051
overload,B6,plain,round-robin,70500,290,0,0,174,70.007,139,4,208,99.628,170,1500,0.05
overload,B6,plain,nearest-car-eta,70509,285,0,0,197,75.67,178,4,244,105.807,212,1500,0.071
overload,B6,plain,round-robin,70503,307,0,0,377,115.987,283,9,415,145.195,312,1500,0.051
overload,B6,plain,round-robin,70502,295,0,0,243,77.132,165,8,279,108.41,199,1500,0.051
overload,B6,plain,round-robin,70505,298,0,0,356,105.987,254,4,363,134.913,284,1500,0.051
overload,B6,plain,round-robin,70504,318,0,0,264,84.447,168,5,272,113.148,206,1500,0.047
overload,B6,plain,round-robin,70506,332,0,0,333,121.575,266,5,351,149.831,285,1500,0.06
overload,B6,plain,round-robin,70507,289,0,0,233,72,173,3,275,101.841,202,1500,0.047
overload,B6,plain,round-robin,70508,295,0,0,238,83.115,168,3,253,112.478,199,1500,0.046
overload,B6,plain,round-robin,70509,285,0,0,300,109.768,253,7,353,139.905,287,1500,0.047
overload,B6,plain,zone-based,70500,290,0,0,513,139.093,348,3,543,168.714,370,1500,0.059
overload,B6,plain,zone-based,70501,287,0,0,515,148.99,421,4,551,177.819,459,1500,0.059
overload,B6,plain,zone-based,70504,318,0,0,532,169.745,423,2,578,198.447,461,1500,0.054
overload,B6,plain,zone-based,70505,298,0,0,416,110.044,252,4,438,138.97,290,1500,0.049
overload,B6,plain,zone-based,70502,295,0,0,1025,267.824,799,5,1057,299.102,824,1500,0.069
overload,B6,plain,zone-based,70503,307,0,0,621,208.664,516,6,672,237.873,551,1500,0.067
overload,B6,plain,zone-based,70506,332,0,0,458,172.34,395,1,503,200.596,426,1500,0.075
overload,B6,plain,zone-based,70508,295,0,0,458,145.898,338,2,512,175.261,383,1500,0.046
overload,B6,plain,zone-based,70507,289,0,0,303,106.45,241,2,356,136.291,272,1500,0.047
overload,B6,plain,zone-based,70509,285,0,0,593,142.007,451,4,632,172.144,473,1500,0.059
overload,B6,plain,express,70500,290,0,0,565,95.948,451,2,619,125.569,502,1500,0.081
overload,B6,plain,express,70505,298,0,0,619,83.812,462,4,675,112.738,511,1500,0.075
overload,B6,plain,express,70504,318,0,0,884,113.16,660,3,930,141.862,714,1500,0.09
overload,B6,plain,express,70501,287,0,0,1029,173.3,897,2,1088,202.129,944,1500,0.073
overload,B6,plain,express,70502,295,0,0,1123,187.641,866,7,1165,218.919,915,1500,0.102
overload,B6,plain,express,70503,307,0,0,1127,181.251,907,3,1177,210.459,962,1500,0.099
overload,B6,plain,express,70507,289,0,0,719,125.917,618,7,763,155.758,670,1500,0.083
overload,B6,plain,express,70508,295,0,0,714,113.597,585,1,759,142.959,636,1500,0.081
overload,B6,plain,express,70506,332,0,0,1032,165.383,925,2,1078,193.639,969,1500,0.102
overload,B6,plain,express,70509,285,0,0,1010,168.895,858,3,1052,199.032,914,1500,0.1
overload,B6,stop1,eta-cost,70500,290,0,0,108,48.179,88,5,154,80.034,128,1500,0.092
overload,B6,stop1,eta-cost,70507,289,0,0,137,50.215,91,10,198,82.308,133,1500,0.091
overload,B6,stop1,eta-cost,70501,287,0,0,209,75.725,176,3,256,106.77,214,1500,0.11
overload,B6,stop1,eta-cost,70505,298,0,0,204,85.178,158,5,248,116.352,202,1500,0.124
overload,B6,stop1,eta-cost,70502,295,0,0,197,93.966,166,4,248,127.481,205,1500,0.131
overload,B6,stop1,eta-cost,70504,318,0,0,178,88.252,161,6,238,119.255,201,1500,0.137
overload,B6,stop1,eta-cost,70503,307,0,0,254,94.049,202,4,309,125.56,237,1500,0.135
overload,B6,stop1,eta-cost,70508,295,0,0,168,69.651,144,2,207,101.278,177,1500,0.117
overload,B6,stop1,eta-cost-fair,70500,290,0,0,108,50.141,90,5,154,81.976,129,1500,0.088
overload,B6,stop1,eta-cost,70509,285,0,0,256,100.133,227,5,301,132.519,263,1500,0.142
overload,B6,stop1,eta-cost-fair,70501,287,0,0,209,78.08,181,3,256,109.101,218,1500,0.117
overload,B6,stop1,eta-cost,70506,332,0,0,306,128.858,288,5,341,159.377,320,1500,0.161
overload,B6,stop1,eta-cost-fair,70502,295,0,0,195,91.661,163,9,246,125.176,205,1500,0.131
overload,B6,stop1,eta-cost-fair,70507,289,0,0,128,49.187,91,10,189,81.28,127,1500,0.102
overload,B6,stop1,eta-cost-fair,70504,318,0,0,185,86.138,167,6,245,117.135,203,1500,0.146
overload,B6,stop1,nearest-car,70500,290,0,0,671,187.855,559,3,696,219.693,599,1500,0.066
overload,B6,stop1,nearest-car,70501,287,0,0,584,185.777,487,2,623,216.704,518,1500,0.061
overload,B6,stop1,eta-cost-fair,70503,307,0,0,284,109.218,226,7,338,140.739,267,1500,0.143
overload,B6,stop1,eta-cost-fair,70505,298,0,0,203,78.966,151,5,233,110.141,197,1500,0.107
overload,B6,stop1,eta-cost-fair,70508,295,0,0,194,83.576,176,2,248,115.231,199,1500,0.122
overload,B6,stop1,nearest-car,70505,298,0,0,573,159.977,476,5,627,191.111,500,1500,0.058
overload,B6,stop1,nearest-car,70503,307,0,0,827,242.896,690,5,873,274.41,731,1500,0.068
overload,B6,stop1,eta-cost-fair,70509,285,0,0,260,102.435,229,5,304,134.832,271,1500,0.113
overload,B6,stop1,nearest-car,70502,295,0,0,824,231.98,673,8,885,265.434,715,1500,0.075
overload,B6,stop1,nearest-car,70504,318,0,0,579,176.789,450,6,636,207.67,494,1500,0.058
overload,B6,stop1,eta-cost-fair,70506,332,0,0,292,124.512,276,5,330,155.033,309,1500,0.188
overload,B6,stop1,nearest-car,70507,289,0,0,617,168.875,460,3,631,200.924,491,1500,0.061
overload,B6,stop1,nearest-car,70508,295,0,0,573,172.617,418,12,600,204.197,451,1500,0.055
overload,B6,stop1,nearest-car,70506,332,0,0,761,203.238,639,3,808,233.726,669,1500,0.06
overload,B6,stop1,nearest-car-eta,70500,290,0,0,126,51.186,97,5,162,83.066,137,1500,0.081
overload,B6,stop1,nearest-car-eta,70501,287,0,0,222,74.725,181,2,275,105.777,219,1500,0.084
overload,B6,stop1,nearest-car,70509,285,0,0,608,163.989,446,5,658,196.319,484,1500,0.053
overload,B6,stop1,round-robin,70500,290,0,0,248,94.786,193,5,282,126.655,228,1500,0.042
overload,B6,stop1,nearest-car-eta,70507,289,0,0,167,53.304,100,4,228,85.422,133,1500,0.085
overload,B6,stop1,nearest-car-eta,70508,295,0,0,189,76.268,158,16,229,107.908,201,1500,0.097
overload,B6,stop1,nearest-car-eta,70502,295,0,0,210,102.946,170,8,246,136.464,212,1500,0.107
overload,B6,stop1,nearest-car-eta,70505,298,0,0,240,91.05,179,5,270,122.262,217,1500,0.073
overload,B6,stop1,round-robin,70502,295,0,0,269,107.631,213,9,309,141.169,248,1500,0.053
overload,B6,stop1,round-robin,70501,287,0,0,285,96.711,222,11,323,127.711,249,1500,0.053
overload,B6,stop1,nearest-car-eta,70503,307,0,0,276,109.45,218,10,330,140.971,267,1500,0.104
overload,B6,stop1,nearest-car-eta,70504,318,0,0,213,92.437,190,6,271,123.459,221,1500,0.082
overload,B6,stop1,nearest-car-eta,70509,285,0,0,294,106.516,251,3,346,138.898,291,1500,0.106
overload,B6,stop1,round-robin,70507,289,0,0,302,91.339,232,13,354,123.394,264,1500,0.056
overload,B6,stop1,nearest-car-eta,70506,332,0,0,333,129.036,300,5,375,159.551,330,1500,0.128
overload,B6,stop1,round-robin,70504,318,0,0,345,122.755,244,6,360,153.664,274,1500,0.052
overload,B6,stop1,round-robin,70505,298,0,0,392,129.691,290,5,400,160.846,326,1500,0.049
overload,B6,stop1,round-robin,70503,307,0,0,468,151.215,359,17,509,182.678,386,1500,0.055
overload,B6,stop1,round-robin,70508,295,0,0,336,128.017,282,12,362,159.61,311,1500,0.05
overload,B6,stop1,zone-based,70501,287,0,0,470,125.652,402,2,504,156.659,421,1500,0.055
overload,B6,stop1,round-robin,70506,332,0,0,425,157.759,346,6,444,188.211,373,1500,0.054
overload,B6,stop1,round-robin,70509,285,0,0,368,135.018,317,8,427,167.305,347,1500,0.055
overload,B6,stop1,zone-based,70500,290,0,0,539,168.29,403,8,598,200.121,447,1500,0.056
overload,B6,stop1,zone-based,70502,295,0,0,784,263.437,601,7,788,296.939,638,1500,0.074
overload,B6,stop1,zone-based,70505,298,0,0,471,131.564,345,6,503,162.735,390,1500,0.051
overload,B6,stop1,zone-based,70504,318,0,0,612,135.195,477,3,668,166.17,496,1500,0.066
overload,B6,stop1,zone-based,70503,307,0,0,866,265.261,699,3,914,296.772,736,1500,0.077
overload,B6,stop1,zone-based,70509,285,0,0,633,171.691,517,4,677,204.056,557,1500,0.062
overload,B6,stop1,zone-based,70508,295,0,0,462,149.786,336,5,497,181.363,373,1500,0.058
overload,B6,stop1,zone-based,70506,332,0,0,897,244.861,699,3,938,275.373,754,1500,0.069
overload,B6,stop1,zone-based,70507,289,0,0,646,186.848,524,14,671,218.907,553,1500,0.061
overload,B6,stop1,express,70502,295,0,0,1251,209.59,976,6,1294,242.929,1027,1500,0.122
overload,B6,stop1,express,70500,290,0,0,669,108.752,541,3,726,140.438,590,1500,0.093
overload,B6,stop1,express,70501,287,0,0,1136,190.432,989,4,1196,221.251,1039,1500,0.108
overload,B6,stop1,express,70507,289,0,0,816,139.263,703,2,863,171.239,755,1500,0.101
overload,B6,stop1,express,70504,318,0,0,980,125.748,738,5,1027,156.61,796,1500,0.107
overload,B6,stop1,express,70508,295,0,0,809,127.217,660,4,856,158.715,711,1500,0.095
overload,B6,stop1,express,70503,307,0,0,1240,198.847,1006,4,1292,230.257,1064,1500,0.126
overload,B6,stop1,express,70509,285,0,0,1109,183.961,949,5,1165,216.193,1000,1500,0.118
overload,B6,stop1,express,70506,332,0,0,1144,178.247,1013,2,1200,208.62,1063,1500,0.126
overload,B6,stop1,express,70505,298,0,0,716,97.483,544,5,774,128.507,602,1500,0.088
overload,B7,plain,eta-cost,70604,1158,0,0,253,103.775,223,1,302,134.095,254,1500,0.759
overload,B7,plain,eta-cost,70603,1151,0,0,299,121.377,251,1,355,151.517,283,1500,0.91
overload,B7,plain,eta-cost,70601,1199,0,0,337,136.242,299,1,382,166.542,327,1500,1.067
overload,B7,plain,eta-cost,70600,1187,0,0,338,136.607,289,2,396,166.484,321,1500,1.049
overload,B7,plain,eta-cost,70608,1143,0,0,257,128.752,231,5,305,158.867,266,1500,0.953
overload,B7,plain,eta-cost,70602,1191,0,0,310,136.78,272,2,363,165.734,297,1500,1.064
overload,B7,plain,eta-cost,70607,1177,0,0,319,145.798,284,3,369,175.586,313,1500,1.058
overload,B7,plain,eta-cost,70606,1213,0,0,358,151.299,317,5,411,180.822,343,1500,1.192
overload,B7,plain,eta-cost,70609,1199,0,0,369,165.8,335,3,420,196.518,372,1500,1.275
overload,B7,plain,eta-cost,70605,1193,0,0,372,171.557,328,2,421,201.492,364,1500,1.326
overload,B7,plain,eta-cost-fair,70604,1158,0,0,253,103.631,222,1,302,133.952,254,1500,0.812
overload,B7,plain,eta-cost-fair,70600,1187,0,0,338,136.352,289,2,396,166.23,321,1500,1.061
overload,B7,plain,eta-cost-fair,70603,1151,0,0,299,121.377,251,1,355,151.517,283,1500,0.911
overload,B7,plain,nearest-car,70600,1187,0,0,1126,246.464,897,2,1177,276.342,928,1500,0.137
overload,B7,plain,eta-cost-fair,70601,1199,0,0,337,136.242,299,1,382,166.542,327,1500,0.996
overload,B7,plain,nearest-car,70601,1199,0,0,907,221.997,689,1,941,252.297,723,1500,0.132
overload,B7,plain,nearest-car,70602,1191,0,0,828,242.931,696,1,880,271.885,726,1500,0.124
overload,B7,plain,eta-cost-fair,70602,1191,0,0,310,136.78,272,2,363,165.734,297,1500,1.056
overload,B7,plain,nearest-car,70604,1158,0,0,872,174.104,646,2,922,204.425,675,1500,0.12
overload,B7,plain,nearest-car,70606,1213,0,0,1020,290.637,893,3,1066,320.16,915,1500,0.135
overload,B7,plain,nearest-car,70605,1193,0,0,1129,362.898,1005,2,1186,392.832,1026,1500,0.16
overload,B7,plain,nearest-car,70608,1143,0,0,686,200.658,563,4,734,230.773,603,1500,0.117
overload,B7,plain,nearest-car,70607,1177,0,0,1003,269.679,886,3,1016,299.467,902,1500,0.138
overload,B7,plain,eta-cost-fair,70608,1143,0,0,257,128.752,231,5,305,158.867,266,1500,0.957
overload,B7,plain,nearest-car,70603,1151,0,0,1582,371.786,1356,1,1641,401.926,1394,1500,0.169
overload,B7,plain,eta-cost-fair,70607,1177,0,0,319,145.798,284,3,369,175.586,313,1500,1.062
overload,B7,plain,eta-cost-fair,70605,1193,0,0,368,170.506,325,2,417,200.441,364,1500,1.303
overload,B7,plain,nearest-car,70609,1199,0,0,1019,252.253,907,3,1066,282.971,930,1500,0.139
overload,B7,plain,eta-cost-fair,70606,1213,0,0,357,151.033,316,5,410,180.556,343,1500,1.172
overload,B7,plain,nearest-car-eta,70604,1158,0,0,274,106.433,228,5,308,136.753,261,1500,0.465
overload,B7,plain,eta-cost-fair,70609,1199,0,0,369,165.8,335,3,420,196.518,372,1500,1.246
overload,B7,plain,nearest-car-eta,70600,1187,0,0,342,141.967,303,3,400,171.845,334,1500,0.623
overload,B7,plain,round-robin,70600,1187,0,0,420,169.452,345,6,453,199.329,374,1500,0.107
overload,B7,plain,nearest-car-eta,70602,1191,0,0,345,147.9,291,2,383,176.854,318,1500,0.626
overload,B7,plain,round-robin,70601,1199,0,0,491,180.298,384,8,530,210.598,417,1500,0.109
overload,B7,plain,nearest-car-eta,70603,1151,0,0,333,144.822,291,1,389,174.962,327,1500,0.59
overload,B7,plain,round-robin,70602,1191,0,0,415,171.167,325,1,452,200.121,361,1500,0.106
overload,B7,plain,nearest-car-eta,70607,1177,0,0,332,149.277,294,3,386,179.065,324,1500,0.608
overload,B7,plain,round-robin,70603,1151,0,0,353,151.894,303,1,394,182.034,332,1500,0.099
overload,B7,plain,nearest-car-eta,70608,1143,0,0,260,129.968,235,3,306,160.083,270,1500,0.535
overload,B7,plain,nearest-car-eta,70606,1213,0,0,355,160.855,328,6,406,190.378,357,1500,0.699
overload,B7,plain,round-robin,70604,1158,0,0,323,128.545,264,5,366,158.865,292,1500,0.093
overload,B7,plain,nearest-car-eta,70601,1199,0,0,379,157.932,330,1,435,188.233,359,1500,0.669
overload,B7,plain,round-robin,70605,1193,0,0,438,180.777,368,2,478,210.712,402,1500,0.108
overload,B7,plain,nearest-car-eta,70605,1193,0,0,381,175.535,343,1,432,205.469,376,1500,0.725
overload,B7,plain,round-robin,70606,1213,0,0,447,174.65,343,7,498,204.172,372,1500,0.108
overload,B7,plain,round-robin,70607,1177,0,0,456,177.822,356,3,510,207.611,385,1500,0.111
overload,B7,plain,round-robin,70608,1143,0,0,315,137.746,252,11,357,167.862,285,1500,0.1
overload,B7,plain,round-robin,70609,1199,0,0,500,192.009,379,4,557,222.727,414,1500,0.11
overload,B7,plain,zone-based,70601,1199,0,0,782,223.142,563,2,821,253.442,591,1500,0.127
overload,B7,plain,zone-based,70600,1187,0,0,1006,223.159,777,2,1048,253.037,809,1500,0.151
overload,B7,plain,zone-based,70603,1151,0,0,1234,325.484,916,3,1290,355.624,966,1500,0.146
overload,B7,plain,zone-based,70604,1158,0,0,775,211.503,595,1,796,241.824,633,1500,0.127
overload,B7,plain,zone-based,70607,1177,0,0,821,209.208,600,2,872,238.997,647,1500,0.13
overload,B7,plain,zone-based,70606,1213,0,0,1139,283.448,893,2,1195,312.971,921,1500,0.158
overload,B7,plain,zone-based,70605,1193,0,0,1109,321.877,1006,5,1160,351.811,1028,1500,0.162
overload,B7,plain,zone-based,70608,1143,0,0,562,170.843,343,9,612,200.959,386,1500,0.111
overload,B7,plain,zone-based,70602,1191,0,0,635,216.939,520,1,677,245.893,540,1500,0.112
overload,B7,plain,zone-based,70609,1199,0,0,1020,268.003,882,3,1070,298.721,901,1500,0.147
overload,B7,plain,nearest-car-eta,70609,1199,0,0,394,175.284,351,2,445,206.003,390,1500,0.738
overload,B7,plain,express,70602,1191,0,0,979,145.432,735,2,1025,174.386,783,1500,0.406
overload,B7,plain,express,70600,1187,0,0,1138,181.957,946,1,1187,211.835,999,1500,0.543
overload,B7,plain,express,70601,1199,0,0,1124,170.185,870,3,1168,200.485,923,1500,0.504
overload,B7,plain,express,70603,1151,0,0,1139,186.99,919,1,1190,217.13,967,1500,0.504
overload,B7,plain,express,70607,1177,0,0,997,164.954,825,2,1041,194.743,876,1500,0.478
overload,B7,plain,express,70604,1158,0,0,982,167.562,805,1,1041,197.883,856,1500,0.496
overload,B7,plain,express,70606,1213,0,0,1095,169.662,875,2,1140,199.185,929,1500,0.534
overload,B7,plain,express,70605,1193,0,0,1094,170.913,865,2,1139,200.847,916,1500,0.502
overload,B7,plain,express,70608,1143,0,0,1056,183.057,867,2,1108,213.172,918,1500,0.495
overload,B7,plain,express,70609,1199,0,0,1131,178.343,903,2,1184,209.061,949,1500,0.528
overload,B7,stop1,eta-cost,70604,1158,0,0,491,197.085,430,3,531,233.895,471,1500,2.142
overload,B7,stop1,eta-cost,70608,1143,0,0,493,227.892,445,3,545,264.224,485,1500,2.342
overload,B7,stop1,eta-cost,70607,1177,0,0,559,249.18,522,4,613,285.218,553,1500,2.687
overload,B7,stop1,eta-cost,70601,1199,0,0,613,247.262,541,2,666,284.178,581,1500,2.769
overload,B7,stop1,eta-cost,70603,1151,0,0,538,219.585,482,2,599,256.46,520,1500,2.372
overload,B7,stop1,eta-cost,70600,1187,0,0,584,250.915,543,8,643,287.505,579,1500,2.843
overload,B7,stop1,eta-cost,70602,1191,0,0,600,254.437,534,2,653,289.94,565,1500,2.883
overload,B7,stop1,eta-cost,70605,1193,0,0,590,268.989,538,2,647,305.56,584,1500,3.07
overload,B7,stop1,eta-cost,70606,1213,0,0,626,268.229,569,5,677,304.171,605,1500,2.999
overload,B7,stop1,eta-cost,70609,1199,0,0,623,280.409,578,5,689,317.912,623,1500,3.169
overload,B7,stop1,eta-cost-fair,70603,1151,0,0,532,218.444,479,2,593,255.209,519,1500,2.304
overload,B7,stop1,eta-cost-fair,70604,1158,0,0,501,198.62,437,6,527,235.447,473,1500,2.18
overload,B7,stop1,nearest-car,70600,1187,0,0,1223,342.708,1038,4,1289,379.227,1084,1500,0.133
overload,B7,stop1,eta-cost-fair,70600,1187,0,0,572,241.64,516,8,639,277.961,555,1500,2.582
overload,B7,stop1,nearest-car,70602,1191,0,0,1019,331.007,775,4,1073,366.683,823,1500,0.151
overload,B7,stop1,nearest-car,70603,1151,0,0,718,281.202,575,2,775,318.085,621,1500,0.142
overload,B7,stop1,nearest-car,70601,1199,0,0,1970,552.19,1708,2,2028,589.143,1734,1500,0.23
overload,B7,stop1,eta-cost-fair,70601,1199,0,0,600,252.887,553,2,654,289.965,582,1500,2.932
overload,B7,stop1,nearest-car,70604,1158,0,0,990,285.324,854,2,1058,322.353,885,1500,0.141
overload,B7,stop1,nearest-car,70606,1213,0,0,1540,387.108,1182,9,1587,423.408,1221,1500,0.176
overload,B7,stop1,nearest-car,70605,1193,0,0,2129,531.583,1785,3,2186,568.182,1829,1500,0.222
overload,B7,stop1,nearest-car,70607,1177,0,0,1501,377.957,1372,3,1563,414.37,1391,1500,0.172
overload,B7,stop1,eta-cost-fair,70602,1191,0,0,572,254.716,527,3,626,290.326,560,1500,2.912
overload,B7,stop1,eta-cost-fair,70608,1143,0,0,487,227.314,451,7,550,263.788,495,1500,2.393
overload,B7,stop1,nearest-car,70608,1143,0,0,1902,466.99,1652,3,1945,503.578,1658,1500,0.191
overload,B7,stop1,nearest-car,70609,1199,0,0,1587,433.408,1265,2,1626,470.982,1311,1500,0.203
overload,B7,stop1,eta-cost-fair,70606,1213,0,0,584,258.83,553,6,648,294.809,590,1500,2.991
overload,B7,stop1,eta-cost-fair,70607,1177,0,0,561,247.608,519,4,615,283.678,551,1500,2.708
overload,B7,stop1,eta-cost-fair,70605,1193,0,0,599,270.148,553,3,662,306.685,593,1500,3.132
overload,B7,stop1,eta-cost-fair,70609,1199,0,0,646,280.489,575,6,707,317.739,614,1500,3.145
overload,B7,stop1,nearest-car-eta,70604,1158,0,0,532,213.629,471,6,594,250.794,512,1500,1.256
overload,B7,stop1,round-robin,70600,1187,0,0,682,282.292,594,10,725,318.899,628,1500,0.133
overload,B7,stop1,nearest-car-eta,70603,1151,0,0,609,259.232,535,2,667,296.202,579,1500,1.509
overload,B7,stop1,round-robin,70601,1199,0,0,771,301.629,632,14,815,338.771,670,1500,0.144
overload,B7,stop1,nearest-car-eta,70601,1199,0,0,644,287.879,588,2,709,325.235,626,1500,1.784
overload,B7,stop1,round-robin,70602,1191,0,0,688,291.116,580,8,741,326.748,619,1500,0.141
overload,B7,stop1,nearest-car-eta,70602,1191,0,0,568,253.22,520,3,622,289.043,558,1500,1.551
overload,B7,stop1,round-robin,70603,1151,0,0,616,267.302,539,2,669,304.239,579,1500,0.131
overload,B7,stop1,nearest-car-eta,70600,1187,0,0,642,270.561,577,8,700,307.409,614,1500,1.675
overload,B7,stop1,round-robin,70604,1158,0,0,598,232.744,497,6,643,269.782,536,1500,0.125
overload,B7,stop1,nearest-car-eta,70605,1193,0,0,653,282.402,590,3,712,319.318,629,1500,1.786
overload,B7,stop1,round-robin,70606,1213,0,0,733,299.167,601,11,794,335.387,639,1500,0.148
overload,B7,stop1,round-robin,70605,1193,0,0,743,299.452,618,3,796,336.1,659,1500,0.146
overload,B7,stop1,round-robin,70607,1177,0,0,734,295.373,606,4,792,331.949,641,1500,0.139
overload,B7,stop1,nearest-car-eta,70608,1143,0,0,542,245.164,481,5,596,282.152,524,1500,1.427
overload,B7,stop1,round-robin,70608,1143,0,0,565,250.15,483,12,618,286.984,526,1500,0.129
overload,B7,stop1,nearest-car-eta,70607,1177,0,0,614,268.236,558,3,670,304.941,589,1500,1.612
overload,B7,stop1,round-robin,70609,1199,0,0,782,315.363,634,5,840,352.875,676,1500,0.144
overload,B7,stop1,zone-based,70600,1187,0,0,1180,341.805,910,4,1237,378.292,949,1500,0.166
overload,B7,stop1,zone-based,70601,1199,0,0,1137,350.064,912,3,1191,387.112,935,1500,0.168
overload,B7,stop1,nearest-car-eta,70606,1213,0,0,654,283.021,594,5,722,319.58,628,1500,1.858
overload,B7,stop1,zone-based,70602,1191,0,0,1268,340.842,1094,5,1278,376.485,1115,1500,0.175
overload,B7,stop1,zone-based,70604,1158,0,0,1251,302.878,993,2,1280,339.853,1025,1500,0.171
overload,B7,stop1,zone-based,70603,1151,0,0,1278,354.517,1148,2,1345,391.348,1187,1500,0.173
overload,B7,stop1,zone-based,70606,1213,0,0,1255,356.59,1035,3,1301,392.992,1086,1500,0.154
overload,B7,stop1,zone-based,70608,1143,0,0,735,273.604,631,7,791,310.357,668,1500,0.142
overload,B7,stop1,zone-based,70605,1193,0,0,1788,447.392,1431,2,1845,484.132,1503,1500,0.2
overload,B7,stop1,zone-based,70607,1177,0,0,980,293.632,659,6,1041,330.299,721,1500,0.151
overload,B7,stop1,zone-based,70609,1199,0,0,1899,483.183,1549,2,1968,520.771,1610,1500,0.221
overload,B7,stop1,nearest-car-eta,70609,1199,0,0,681,294.044,603,6,743,331.815,644,1500,1.784
overload,B7,stop1,express,70602,1191,0,0,1256,195.552,973,3,1315,229.77,1028,1500,0.85
overload,B7,stop1,express,70607,1177,0,0,1288,206.182,1060,3,1346,241.529,1115,1500,0.859
local-plus-express,B1,plain,eta-cost,80000,400,0,0,58,16.453,45,1,117,36.275,93,2000,0.085
overload,B7,stop1,express,70603,1151,0,0,1435,241.814,1176,2,1493,277.296,1229,1500,0.954
overload,B7,stop1,express,70600,1187,0,0,1461,238.248,1231,6,1516,273.916,1292,1500,1.006
local-plus-express,B1,plain,eta-cost,80001,400,0,0,75,19.418,47,1,124,40.665,99,2000,0.088
overload,B7,stop1,express,70601,1199,0,0,1443,222.51,1140,2,1488,258.662,1198,1500,0.952
local-plus-express,B1,plain,eta-cost,80002,400,0,0,54,18.337,48,1,111,39.693,97,2000,0.082
overload,B7,stop1,express,70604,1158,0,0,1287,217.88,1077,2,1344,253.673,1128,1500,0.894
overload,B7,stop1,express,70608,1143,0,0,1348,231.136,1112,3,1403,266.63,1170,1500,0.892
local-plus-express,B1,plain,eta-cost,80003,400,0,0,84,20.988,49,1,124,45.047,98,2000,0.088
local-plus-express,B1,plain,eta-cost,80004,400,0,0,63,19.102,48,1,109,41.068,95,2000,0.083
overload,B7,stop1,express,70606,1213,0,0,1422,221.923,1148,2,1471,257.41,1208,1500,0.998
local-plus-express,B1,plain,eta-cost,80007,400,0,0,66,17.247,46,1,123,38.13,93,2000,0.09
local-plus-express,B1,plain,eta-cost,80006,400,0,0,66,16.773,45,1,125,36.87,89,2000,0.085
local-plus-express,B1,plain,eta-cost,80005,400,0,0,56,17.595,45,1,108,38.325,89,2000,0.081
local-plus-express,B1,plain,eta-cost,80008,400,0,0,62,18.415,46,1,113,39.157,94,2000,0.089
local-plus-express,B1,plain,eta-cost,80009,400,0,0,67,18.277,44,1,114,39.017,93,2000,0.092
overload,B7,stop1,express,70605,1193,0,0,1395,220.738,1114,3,1454,256.586,1169,1500,0.962
local-plus-express,B1,plain,eta-cost-fair,80000,400,0,0,81,16.617,44,1,117,36.44,90,2000,0.095
local-plus-express,B1,plain,eta-cost-fair,80001,400,0,0,75,18.738,47,1,124,39.985,95,2000,0.089
local-plus-express,B1,plain,eta-cost-fair,80002,400,0,0,63,18.692,46,1,111,40.047,94,2000,0.086
local-plus-express,B1,plain,eta-cost-fair,80007,400,0,0,58,18.122,45,1,113,39.005,91,2000,0.095
local-plus-express,B1,plain,eta-cost-fair,80006,400,0,0,68,17.413,45,1,117,37.51,88,2000,0.081
local-plus-express,B1,plain,eta-cost-fair,80004,400,0,0,63,18.655,46,1,111,40.62,93,2000,0.084
local-plus-express,B1,plain,eta-cost-fair,80003,400,0,0,84,20.81,52,1,124,44.87,98,2000,0.086
local-plus-express,B1,plain,eta-cost-fair,80005,400,0,0,56,17.422,44,1,108,38.153,89,2000,0.088
local-plus-express,B1,plain,eta-cost-fair,80008,400,0,0,74,18.015,46,1,113,38.758,94,2000,0.079
local-plus-express,B1,plain,nearest-car,80000,400,0,0,116,38.642,107,1,172,58.465,150,2000,0.046
local-plus-express,B1,plain,nearest-car,80001,400,0,0,372,42.568,112,1,375,63.815,159,2000,0.051
local-plus-express,B1,plain,eta-cost-fair,80009,400,0,0,103,19.055,49,1,114,39.795,93,2000,0.096
local-plus-express,B1,plain,nearest-car,80002,400,0,0,203,41.502,110,1,205,62.858,156,2000,0.058
local-plus-express,B1,plain,nearest-car,80004,400,0,0,338,47.81,113,1,339,69.775,158,2000,0.057
local-plus-express,B1,plain,nearest-car,80003,400,0,0,196,45.828,113,1,201,69.888,159,2000,0.056
local-plus-express,B1,plain,nearest-car,80006,400,0,0,135,41.91,109,1,179,62.008,151,2000,0.046
local-plus-express,B1,plain,nearest-car,80005,400,0,0,216,43.358,111,1,218,64.088,155,2000,0.048
local-plus-express,B1,plain,nearest-car,80008,400,0,0,125,46.267,112,1,175,67.01,157,2000,0.057
local-plus-express,B1,plain,nearest-car,80007,400,0,0,117,44.78,110,2,170,65.662,155,2000,0.055
local-plus-express,B1,plain,nearest-car,80009,400,0,0,117,42.998,109,1,171,63.737,150,2000,0.053
local-plus-express,B1,plain,nearest-car-eta,80001,400,0,0,96,20.875,54,1,105,42.123,94,2000,0.076
local-plus-express,B1,plain,nearest-car-eta,80000,400,0,0,114,18.265,46,1,116,38.087,92,2000,0.073
local-plus-express,B1,plain,nearest-car-eta,80003,400,0,0,156,21.86,53,1,158,45.92,97,2000,0.079
local-plus-express,B1,plain,nearest-car-eta,80005,400,0,0,95,18.275,44,1,114,39.005,91,2000,0.067
local-plus-express,B1,plain,nearest-car-eta,80002,400,0,0,148,19.492,51,1,150,40.847,90,2000,0.077
local-plus-express,B1,plain,nearest-car-eta,80004,400,0,0,125,20.363,50,1,128,42.328,92,2000,0.079
local-plus-express,B1,plain,nearest-car-eta,80006,400,0,0,95,18.312,52,1,111,38.41,89,2000,0.074
local-plus-express,B1,plain,nearest-car-eta,80007,400,0,0,96,18.935,49,1,113,39.818,92,2000,0.07
local-plus-express,B1,plain,nearest-car-eta,80008,400,0,0,105,18.863,51,1,126,39.605,89,2000,0.072
local-plus-express,B1,plain,round-robin,80002,400,0,0,116,49.042,105,1,171,70.397,142,2000,0.062
local-plus-express,B1,plain,round-robin,80001,400,0,0,117,52.39,106,3,171,73.638,149,2000,0.053
local-plus-express,B1,plain,round-robin,80000,400,0,0,113,51.438,103,1,165,71.26,143,2000,0.063
local-plus-express,B1,plain,round-robin,80003,400,0,0,116,54.205,105,2,172,78.265,147,2000,0.06
local-plus-express,B1,plain,round-robin,80004,400,0,0,114,54.655,106,2,164,76.62,147,2000,0.06
local-plus-express,B1,plain,round-robin,80005,400,0,0,115,55.597,108,3,170,76.328,148,2000,0.056
local-plus-express,B1,plain,round-robin,80006,400,0,0,115,52.883,102,3,170,72.98,141,2000,0.052
local-plus-express,B1,plain,round-robin,80008,400,0,0,116,51.225,104,2,164,71.968,142,2000,0.051
local-plus-express,B1,plain,round-robin,80007,400,0,0,114,50.93,104,1,161,71.812,146,2000,0.058
local-plus-express,B1,plain,round-robin,80009,400,0,0,117,53.508,105,2,169,74.248,142,2000,0.061
local-plus-express,B1,plain,zone-based,80000,400,0,0,508,46.75,130,1,509,66.573,169,2000,0.058
local-plus-express,B1,plain,zone-based,80001,400,0,0,346,55.48,143,1,347,76.728,193,2000,0.056
local-plus-express,B1,plain,zone-based,80003,400,0,0,788,62.71,154,1,790,86.77,200,2000,0.061
local-plus-express,B1,plain,zone-based,80002,400,0,0,796,48.525,121,1,798,69.88,164,2000,0.059
local-plus-express,B1,plain,nearest-car-eta,80009,400,0,0,109,19.977,50,1,114,40.718,90,2000,0.076
local-plus-express,B1,plain,zone-based,80005,400,0,0,528,47.667,133,1,529,68.397,176,2000,0.054
local-plus-express,B1,plain,zone-based,80006,400,0,0,452,47.39,143,1,453,67.487,183,2000,0.051
local-plus-express,B1,plain,zone-based,80004,400,0,0,480,51.062,140,1,483,73.028,187,2000,0.053
local-plus-express,B1,plain,zone-based,80007,400,0,0,372,44.08,136,1,375,64.963,180,2000,0.053
local-plus-express,B1,plain,zone-based,80008,400,0,0,596,54.903,149,1,598,75.645,195,2000,0.059
local-plus-express,B1,plain,zone-based,80009,400,0,0,503,48.89,137,1,504,69.63,179,2000,0.057
local-plus-express,B1,plain,express,80000,400,0,0,431,90.677,347,1,448,110.5,396,2000,0.103
local-plus-express,B1,plain,express,80002,400,0,0,282,54.557,194,1,331,75.912,247,2000,0.087
local-plus-express,B1,plain,express,80004,400,0,0,541,101.195,434,1,589,123.16,483,2000,0.104
local-plus-express,B1,plain,express,80001,400,0,0,695,165.442,606,1,744,186.69,653,2000,0.141
local-plus-express,B1,plain,express,80005,400,0,0,875,125.978,403,2,876,146.708,456,2000,0.12
local-plus-express,B1,plain,express,80006,400,0,0,635,119.388,492,1,694,139.485,543,2000,0.115
local-plus-express,B1,plain,express,80007,400,0,0,444,112.998,350,1,488,133.88,400,2000,0.112
local-plus-express,B1,plain,express,80008,400,0,0,396,113.302,367,1,451,134.045,413,2000,0.111
local-plus-express,B1,stop1,eta-cost,80000,400,0,0,58,17.84,45,2,117,39.92,96,2000,0.098
local-plus-express,B1,plain,express,80009,400,0,0,348,90.58,301,1,406,111.32,351,2000,0.09
local-plus-express,B1,stop1,eta-cost,80001,400,0,0,76,19.453,50,2,141,43.03,102,2000,0.108
local-plus-express,B1,plain,express,80003,400,0,0,921,222.702,789,1,971,246.762,844,2000,0.159
local-plus-express,B1,stop1,eta-cost,80002,400,0,0,74,20.017,49,2,124,43.765,105,2000,0.111
local-plus-express,B1,stop1,eta-cost,80004,400,0,0,77,18.858,47,2,136,43.38,98,2000,0.108
local-plus-express,B1,stop1,eta-cost,80005,400,0,0,84,20.387,53,2,129,43.46,108,2000,0.109
local-plus-express,B1,stop1,eta-cost,80003,400,0,0,88,20.767,57,2,142,47.355,107,2000,0.114
local-plus-express,B1,stop1,eta-cost,80007,400,0,0,72,18.727,51,2,136,41.755,103,2000,0.11
local-plus-express,B1,stop1,eta-cost,80006,400,0,0,71,20.517,54,2,134,43.095,102,2000,0.102
local-plus-express,B1,stop1,eta-cost,80008,400,0,0,72,18.543,47,2,114,41.667,100,2000,0.104
overload,B7,stop1,express,70609,1199,0,0,1446,232.561,1174,3,1506,269.272,1232,1500,1.04
local-plus-express,B1,stop1,eta-cost,80009,400,0,0,82,18.683,48,2,118,41.65,97,2000,0.104
local-plus-express,B1,stop1,eta-cost-fair,80000,400,0,0,70,20.325,49,2,120,42.27,96,2000,0.118
local-plus-express,B1,stop1,eta-cost-fair,80002,400,0,0,80,21.135,53,2,123,44.578,98,2000,0.096
local-plus-express,B1,stop1,eta-cost-fair,80001,400,0,0,96,21.295,51,2,125,44.697,101,2000,0.11
local-plus-express,B1,stop1,eta-cost-fair,80003,400,0,0,99,20.625,53,2,137,47.023,99,2000,0.108
local-plus-express,B1,stop1,nearest-car,80000,400,0,0,217,45.642,121,2,219,68.218,169,2000,0.042
local-plus-express,B1,stop1,eta-cost-fair,80004,400,0,0,79,19.593,48,2,123,43.913,97,2000,0.121
local-plus-express,B1,stop1,eta-cost-fair,80005,400,0,0,72,20.113,49,2,124,43.028,99,2000,0.115
local-plus-express,B1,stop1,eta-cost-fair,80006,400,0,0,73,19.157,45,2,122,41.555,93,2000,0.091
local-plus-express,B1,stop1,eta-cost-fair,80007,400,0,0,77,19.75,51,3,130,42.685,98,2000,0.109
local-plus-express,B1,stop1,eta-cost-fair,80009,400,0,0,82,20.22,49,2,117,43.135,97,2000,0.111
local-plus-express,B1,stop1,nearest-car,80001,400,0,0,387,56.197,134,2,389,80.612,187,2000,0.052
local-plus-express,B1,stop1,eta-cost-fair,80008,400,0,0,82,20.405,54,2,122,43.297,100,2000,0.105
local-plus-express,B1,stop1,nearest-car,80003,400,0,0,369,58.28,128,2,373,85.498,184,2000,0.058
local-plus-express,B1,stop1,nearest-car,80006,400,0,0,157,48.315,125,2,199,71.51,172,2000,0.053
local-plus-express,B1,stop1,nearest-car,80002,400,0,0,365,47.312,125,2,369,71.493,173,2000,0.065
local-plus-express,B1,stop1,nearest-car,80005,400,0,0,168,46.818,122,2,197,70.585,171,2000,0.056
local-plus-express,B1,stop1,nearest-car,80004,400,0,0,372,53.06,124,2,374,78.162,181,2000,0.059
local-plus-express,B1,stop1,nearest-car,80007,400,0,0,254,53.263,126,2,258,76.953,175,2000,0.062
local-plus-express,B1,stop1,nearest-car,80008,400,0,0,303,52.737,133,2,306,76.517,184,2000,0.056
local-plus-express,B1,stop1,nearest-car,80009,400,0,0,133,47.792,122,2,185,71.325,169,2000,0.052
local-plus-express,B1,stop1,nearest-car-eta,80002,400,0,0,134,19.953,52,2,138,43.885,99,2000,0.087
local-plus-express,B1,stop1,nearest-car-eta,80000,400,0,0,160,22.613,61,2,163,45.235,103,2000,0.082
local-plus-express,B1,stop1,nearest-car-eta,80001,400,0,0,125,21.573,54,2,129,45.413,102,2000,0.09
local-plus-express,B1,stop1,nearest-car-eta,80006,400,0,0,177,19.795,58,2,180,42.748,101,2000,0.087
local-plus-express,B1,stop1,nearest-car-eta,80005,400,0,0,122,20.733,56,2,128,44.11,100,2000,0.091
local-plus-express,B1,stop1,nearest-car-eta,80004,400,0,0,211,22.517,55,3,214,47.3,104,2000,0.093
local-plus-express,B1,stop1,nearest-car-eta,80003,400,0,0,352,23.573,69,2,356,50.64,103,2000,0.092
local-plus-express,B1,stop1,round-robin,80001,400,0,0,127,57.67,114,3,186,81.275,160,2000,0.055
local-plus-express,B1,stop1,nearest-car-eta,80008,400,0,0,142,18.332,48,2,146,41.84,95,2000,0.089
local-plus-express,B1,stop1,nearest-car-eta,80007,400,0,0,185,19.955,58,2,188,43.22,104,2000,0.086
local-plus-express,B1,stop1,nearest-car-eta,80009,400,0,0,166,20.955,52,2,170,44.36,98,2000,0.082
local-plus-express,B1,stop1,round-robin,80000,400,0,0,130,55.013,114,2,186,77.095,150,2000,0.059
local-plus-express,B1,stop1,round-robin,80002,400,0,0,122,56.675,108,3,175,80.263,158,2000,0.068
local-plus-express,B1,stop1,round-robin,80004,400,0,0,128,56.822,110,2,183,81.282,152,2000,0.057
local-plus-express,B1,stop1,round-robin,80005,400,0,0,132,56.568,114,2,182,79.642,159,2000,0.061
local-plus-express,B1,stop1,round-robin,80006,400,0,0,128,55.873,115,3,180,78.547,153,2000,0.055
local-plus-express,B1,stop1,round-robin,80007,400,0,0,125,58.655,114,2,183,81.9,157,2000,0.06
local-plus-express,B1,stop1,round-robin,80008,400,0,0,129,58.08,114,3,185,81.088,154,2000,0.064
local-plus-express,B1,stop1,round-robin,80009,400,0,0,127,57.62,114,2,175,80.605,154,2000,0.051
local-plus-express,B1,stop1,zone-based,80001,400,0,0,762,64.815,179,2,766,88.845,229,2000,0.058
local-plus-express,B1,stop1,zone-based,80002,400,0,0,503,48.25,140,2,505,72.522,201,2000,0.063
local-plus-express,B1,stop1,zone-based,80000,400,0,0,750,60.458,147,2,754,83.188,212,2000,0.053
local-plus-express,B1,stop1,zone-based,80004,400,0,0,675,56.572,132,2,677,81.677,186,2000,0.068
local-plus-express,B1,stop1,zone-based,80005,400,0,0,639,56.17,150,2,642,79.795,200,2000,0.056
local-plus-express,B1,stop1,zone-based,80003,400,0,0,648,70.078,174,2,652,97.22,223,2000,0.066
local-plus-express,B1,stop1,zone-based,80008,400,0,0,758,59.115,160,2,760,82.575,210,2000,0.069
local-plus-express,B1,stop1,zone-based,80006,400,0,0,646,56.028,156,2,648,79.043,199,2000,0.055
local-plus-express,B1,stop1,zone-based,80007,400,0,0,533,55.422,146,2,536,79.138,195,2000,0.047
local-plus-express,B1,stop1,zone-based,80009,400,0,0,655,54.127,147,2,660,77.7,198,2000,0.065
local-plus-express,B1,stop1,round-robin,80003,400,0,0,127,59.312,115,3,180,85.903,161,2000,0.055
local-plus-express,B1,stop1,express,80000,400,0,0,682,152.76,599,2,725,175.023,655,2000,0.157
local-plus-express,B1,stop1,express,80002,400,0,0,505,87.037,378,2,565,110.853,430,2000,0.103
local-plus-express,B1,stop1,express,80004,400,0,0,692,144.107,608,2,751,168.74,665,2000,0.156
local-plus-express,B1,stop1,express,80006,400,0,0,898,175.433,732,2,949,197.993,774,2000,0.2
local-plus-express,B1,stop1,express,80009,400,0,0,576,144.385,506,2,639,167.507,560,2000,0.162
local-plus-express,B1,stop1,express,80001,400,0,0,927,227.195,847,2,988,251.037,899,2000,0.21
local-plus-express,B1,stop1,express,80005,400,0,0,880,185.053,649,2,882,208.39,703,2000,0.199
local-plus-express,B1,stop1,express,80008,400,0,0,654,170.815,585,2,701,194.17,640,2000,0.195
local-plus-express,B1,stop1,express,80007,400,0,0,663,171.59,555,2,713,195.06,608,2000,0.175
local-plus-express,B1,stop1,express,80003,400,0,0,1194,296.91,1053,3,1250,323.637,1112,2000,0.262
local-plus-express,B1,stop3,eta-cost,80000,400,0,0,132,27.462,68,4,161,54.6,122,2000,0.169
local-plus-express,B1,stop3,eta-cost,80001,400,0,0,81,25.245,63,4,150,53.392,120,2000,0.148
local-plus-express,B1,stop3,eta-cost,80002,400,0,0,83,21.67,54,4,140,48.98,110,2000,0.142
local-plus-express,B1,stop3,eta-cost,80005,400,0,0,123,23.985,61,4,158,51.625,122,2000,0.151
local-plus-express,B1,stop3,eta-cost,80008,400,0,0,103,23.505,58,4,150,51.385,114,2000,0.148
local-plus-express,B1,stop3,eta-cost,80007,400,0,0,108,24.625,63,4,169,51.693,121,2000,0.153
local-plus-express,B1,stop3,eta-cost,80004,400,0,0,106,25.422,65,4,162,54.265,122,2000,0.151
local-plus-express,B1,stop3,eta-cost,80003,400,0,0,111,26.453,66,4,172,58.163,127,2000,0.165
local-plus-express,B1,stop3,eta-cost,80006,400,0,0,110,27.372,64,4,185,54.362,123,2000,0.162
local-plus-express,B1,stop3,eta-cost,80009,400,0,0,90,22.413,56,4,144,49.653,118,2000,0.147
local-plus-express,B1,stop3,eta-cost-fair,80001,400,0,0,126,28.788,73,4,157,56.68,115,2000,0.166
local-plus-express,B1,stop3,eta-cost-fair,80000,400,0,0,93,25.98,62,5,147,52.468,107,2000,0.168
local-plus-express,B1,stop3,eta-cost-fair,80002,400,0,0,112,27.23,62,4,137,54.373,120,2000,0.158
local-plus-express,B1,stop3,nearest-car,80000,400,0,0,451,64.28,168,4,463,94.002,227,2000,0.062
local-plus-express,B1,stop3,eta-cost-fair,80004,400,0,0,127,28.75,61,4,143,57.538,114,2000,0.163
local-plus-express,B1,stop3,nearest-car,80001,400,0,0,486,67.915,173,4,490,98.222,231,2000,0.058
local-plus-express,B1,stop3,eta-cost-fair,80006,400,0,0,132,30.992,75,4,158,58.135,122,2000,0.177
local-plus-express,B1,stop3,eta-cost-fair,80007,400,0,0,99,30.948,73,4,150,57.98,122,2000,0.162
local-plus-express,B1,stop3,eta-cost-fair,80005,400,0,0,136,29.675,67,5,153,56.752,120,2000,0.171
local-plus-express,B1,stop3,nearest-car,80002,400,0,0,310,65.478,160,4,315,96.345,222,2000,0.062
local-plus-express,B1,stop3,nearest-car,80004,400,0,0,503,69.97,172,4,512,101.603,237,2000,0.06
local-plus-express,B1,stop3,eta-cost-fair,80008,400,0,0,115,30.535,72,4,163,57.568,119,2000,0.17
local-plus-express,B1,stop3,nearest-car,80003,400,0,0,685,90.95,248,4,691,125.257,285,2000,0.071
local-plus-express,B1,stop3,eta-cost-fair,80009,400,0,0,107,25.312,60,4,151,52.487,112,2000,0.153
local-plus-express,B1,stop3,nearest-car,80005,400,0,0,329,68.6,175,4,335,99.677,231,2000,0.062
local-plus-express,B1,stop3,nearest-car,80006,400,0,0,232,64.365,172,4,276,94.08,228,2000,0.05
local-plus-express,B1,stop3,nearest-car,80008,400,0,0,399,62.447,164,4,403,92.593,233,2000,0.057
local-plus-express,B1,stop3,nearest-car,80007,400,0,0,348,66.608,165,4,354,95.825,229,2000,0.058
local-plus-express,B1,stop3,nearest-car,80009,400,0,0,325,70.332,165,4,330,101.177,228,2000,0.067
local-plus-express,B1,stop3,eta-cost-fair,80003,400,0,0,130,32.928,71,4,168,64.4,127,2000,0.181
local-plus-express,B1,stop3,nearest-car-eta,80000,400,0,0,339,30,91,4,343,58.66,132,2000,0.128
local-plus-express,B1,stop3,nearest-car-eta,80002,400,0,0,216,25.983,74,4,221,55.718,128,2000,0.12
local-plus-express,B1,stop3,nearest-car-eta,80001,400,0,0,140,30.008,88,4,203,59.837,132,2000,0.133
local-plus-express,B1,stop3,nearest-car-eta,80003,400,0,0,514,31.68,88,4,519,65.058,134,2000,0.132
local-plus-express,B1,stop3,nearest-car-eta,80004,400,0,0,215,25.65,69,4,219,56.443,123,2000,0.123
local-plus-express,B1,stop3,nearest-car-eta,80005,400,0,0,118,24.06,62,4,166,53.245,120,2000,0.113
local-plus-express,B1,stop3,round-robin,80000,400,0,0,160,69.403,143,4,232,97.24,177,2000,0.063
local-plus-express,B1,stop3,nearest-car-eta,80007,400,0,0,226,26.89,73,4,232,56.48,127,2000,0.119
local-plus-express,B1,stop3,nearest-car-eta,80008,400,0,0,170,22.695,57,4,175,52.46,120,2000,0.124
local-plus-express,B1,stop3,nearest-car-eta,80006,400,0,0,289,27.438,83,4,293,57.09,130,2000,0.128
local-plus-express,B1,stop3,round-robin,80001,400,0,0,174,72.052,141,5,229,101.368,190,2000,0.063
local-plus-express,B1,stop3,nearest-car-eta,80009,400,0,0,166,22.788,54,4,172,52.828,126,2000,0.121
local-plus-express,B1,stop3,round-robin,80003,400,0,0,157,71.703,139,5,224,104.558,195,2000,0.058
local-plus-express,B1,stop3,round-robin,80002,400,0,0,159,64.252,132,6,218,93.097,183,2000,0.061
local-plus-express,B1,stop3,round-robin,80004,400,0,0,273,67.743,136,5,279,98.147,194,2000,0.062
local-plus-express,B1,stop3,round-robin,80006,400,0,0,169,74.235,144,4,237,103.11,199,2000,0.057
local-plus-express,B1,stop3,round-robin,80005,400,0,0,166,70.47,141,5,231,99.532,195,2000,0.062
local-plus-express,B1,stop3,round-robin,80008,400,0,0,159,69.32,139,4,225,97.95,186,2000,0.065
local-plus-express,B1,stop3,round-robin,80007,400,0,0,159,69.422,137,4,226,98.42,191,2000,0.058
local-plus-express,B1,stop3,zone-based,80001,400,0,0,801,76.373,207,4,806,106.728,269,2000,0.063
local-plus-express,B1,stop3,zone-based,80000,400,0,0,567,67.782,169,4,573,96.953,228,2000,0.06
local-plus-express,B1,stop3,round-robin,80009,400,0,0,161,67.07,134,4,219,95.248,177,2000,0.065
local-plus-express,B1,stop3,zone-based,80003,400,0,0,775,86.088,253,4,780,119.838,285,2000,0.066
local-plus-express,B1,stop3,zone-based,80002,400,0,0,771,71.332,177,4,775,101.612,251,2000,0.072
local-plus-express,B1,stop3,zone-based,80004,400,0,0,719,82.7,178,4,724,114.23,243,2000,0.065
local-plus-express,B1,stop3,zone-based,80005,400,0,0,932,78.955,191,4,941,109.108,247,2000,0.058
local-plus-express,B1,stop3,zone-based,80006,400,0,0,748,76.67,241,4,754,106.77,279,2000,0.055
local-plus-express,B1,stop3,zone-based,80007,400,0,0,855,68.87,174,4,861,98.933,250,2000,0.067
local-plus-express,B1,stop3,zone-based,80008,400,0,0,629,68.522,187,4,638,98.625,251,2000,0.065
local-plus-express,B1,stop3,zone-based,80009,400,0,0,823,71.733,178,4,831,101.847,243,2000,0.061
local-plus-express,B1,stop3,express,80002,400,0,0,934,196.84,806,4,998,225.635,874,2000,0.269
local-plus-express,B2,plain,eta-cost,80100,200,0,0,105,28.32,59,1,123,49.62,107,2000,0.036
local-plus-express,B2,plain,eta-cost,80101,200,0,0,111,31.515,71,2,148,53.63,112,2000,0.044
local-plus-express,B1,stop3,express,80009,400,0,0,1042,251.53,931,5,1110,279.5,1006,2000,0.293
local-plus-express,B1,stop3,express,80000,400,0,0,1209,276.1,1090,4,1254,303.527,1143,2000,0.367
local-plus-express,B2,plain,eta-cost,80102,200,0,0,85,29.46,65,2,140,50.625,108,2000,0.044
local-plus-express,B2,plain,eta-cost,80103,200,0,0,113,32.305,74,2,160,54.69,122,2000,0.045
local-plus-express,B2,plain,eta-cost,80104,200,0,0,115,31.175,77,1,173,53.525,112,2000,0.049
local-plus-express,B1,stop3,express,80007,400,0,0,1160,290.043,992,4,1216,318.608,1055,2000,0.376
local-plus-express,B1,stop3,express,80001,400,0,0,1407,352.348,1293,4,1480,381.163,1358,2000,0.445
local-plus-express,B1,stop3,express,80008,400,0,0,1197,301,1086,4,1249,329.603,1153,2000,0.374
local-plus-express,B2,plain,eta-cost,80105,200,0,0,112,28.325,57,2,160,47.94,103,2000,0.047
local-plus-express,B2,plain,eta-cost,80106,200,0,0,107,33.35,80,2,162,56.3,112,2000,0.041
local-plus-express,B2,plain,eta-cost,80107,200,0,0,110,29.92,78,1,163,50.48,117,2000,0.046
local-plus-express,B1,stop3,express,80004,400,0,0,1182,267.505,1079,4,1240,297.527,1142,2000,0.331
local-plus-express,B2,plain,eta-cost,80108,200,0,0,104,29.515,71,1,154,52.885,114,2000,0.044
local-plus-express,B2,plain,eta-cost,80109,200,0,0,108,32.66,92,1,148,52.255,120,2000,0.039
local-plus-express,B2,plain,eta-cost-fair,80100,200,0,0,105,28.32,59,1,123,49.62,107,2000,0.041
local-plus-express,B2,plain,eta-cost-fair,80101,200,0,0,111,30.175,69,2,146,52.29,106,2000,0.041
local-plus-express,B2,plain,eta-cost-fair,80102,200,0,0,85,29.505,62,3,140,50.67,108,2000,0.04
local-plus-express,B2,plain,eta-cost-fair,80104,200,0,0,112,32.86,79,1,147,55.21,114,2000,0.049
local-plus-express,B2,plain,eta-cost-fair,80105,200,0,0,106,30.025,70,2,129,49.64,101,2000,0.044
local-plus-express,B2,plain,eta-cost-fair,80103,200,0,0,113,32.305,74,2,160,54.69,122,2000,0.044
local-plus-express,B2,plain,eta-cost-fair,80106,200,0,0,101,29.275,65,1,123,52.225,104,2000,0.038
local-plus-express,B2,plain,eta-cost-fair,80107,200,0,0,110,29.36,65,1,163,49.92,103,2000,0.049
local-plus-express,B2,plain,nearest-car,80100,200,0,0,116,49.005,107,1,170,70.305,151,2000,0.027
local-plus-express,B2,plain,nearest-car,80101,200,0,0,112,49.49,108,2,163,71.605,147,2000,0.033
local-plus-express,B2,plain,eta-cost-fair,80109,200,0,0,108,31.87,90,1,148,51.465,113,2000,0.041
local-plus-express,B1,stop3,express,80005,400,0,0,1370,315.89,1164,4,1374,344.473,1217,2000,0.428
local-plus-express,B2,plain,eta-cost-fair,80108,200,0,0,104,29.515,71,1,154,52.885,114,2000,0.042
local-plus-express,B2,plain,nearest-car,80103,200,0,0,189,48.955,112,3,217,71.34,149,2000,0.033
local-plus-express,B2,plain,nearest-car,80102,200,0,0,117,52.52,109,1,170,73.685,152,2000,0.034
local-plus-express,B1,stop3,express,80006,400,0,0,1423,307.507,1209,4,1480,334.993,1260,2000,0.409
local-plus-express,B2,plain,nearest-car,80104,200,0,0,198,53.98,109,1,199,76.33,155,2000,0.038
local-plus-express,B2,plain,nearest-car,80105,200,0,0,113,46.66,105,2,167,66.275,143,2000,0.032
local-plus-express,B2,plain,nearest-car,80106,200,0,0,185,49.795,110,2,186,72.745,158,2000,0.032
local-plus-express,B2,plain,nearest-car,80107,200,0,0,117,47.23,107,1,171,67.79,147,2000,0.031
local-plus-express,B2,plain,nearest-car,80109,200,0,0,113,43.28,104,1,168,62.875,137,2000,0.028
local-plus-express,B2,plain,nearest-car,80108,200,0,0,152,50.06,111,1,210,73.43,159,2000,0.033
local-plus-express,B2,plain,nearest-car-eta,80101,200,0,0,111,32.91,84,2,146,55.025,106,2000,0.04
local-plus-express,B2,plain,nearest-car-eta,80100,200,0,0,113,32.5,72,2,137,53.8,111,2000,0.038
local-plus-express,B1,stop3,express,80003,400,0,0,1729,448.423,1556,4,1797,480.413,1623,2000,0.522
local-plus-express,B2,plain,nearest-car-eta,80102,200,0,0,98,30.725,67,3,137,51.89,108,2000,0.029
local-plus-express,B2,plain,nearest-car-eta,80103,200,0,0,112,29.25,67,2,119,51.635,107,2000,0.036
local-plus-express,B2,plain,nearest-car-eta,80107,200,0,0,109,29.295,76,1,123,49.855,103,2000,0.043
local-plus-express,B2,plain,nearest-car-eta,80106,200,0,0,164,31.06,85,1,165,54.01,110,2000,0.035
local-plus-express,B2,plain,nearest-car-eta,80104,200,0,0,115,29.505,71,1,132,51.855,109,2000,0.036
local-plus-express,B2,plain,nearest-car-eta,80105,200,0,0,115,29.59,65,2,118,49.205,101,2000,0.042
local-plus-express,B2,plain,nearest-car-eta,80108,200,0,0,111,28.725,79,1,136,52.095,111,2000,0.039
local-plus-express,B2,plain,round-robin,80100,200,0,0,114,54.55,104,1,167,75.85,142,2000,0.025
local-plus-express,B2,plain,round-robin,80101,200,0,0,116,55.73,104,3,161,77.845,146,2000,0.037
local-plus-express,B2,plain,round-robin,80102,200,0,0,117,48.755,102,2,167,69.92,136,2000,0.034
local-plus-express,B2,plain,nearest-car-eta,80109,200,0,0,108,31.12,71,3,140,50.715,109,2000,0.036
local-plus-express,B2,plain,round-robin,80103,200,0,0,114,51.78,98,2,156,74.165,138,2000,0.033
local-plus-express,B2,plain,round-robin,80105,200,0,0,113,48.875,99,2,169,68.49,131,2000,0.035
local-plus-express,B2,plain,round-robin,80104,200,0,0,116,55.3,103,5,167,77.65,148,2000,0.026
local-plus-express,B2,plain,round-robin,80106,200,0,0,114,52.4,105,3,173,75.35,142,2000,0.03
local-plus-express,B2,plain,round-robin,80107,200,0,0,116,50.295,101,2,168,70.855,144,2000,0.036
local-plus-express,B2,plain,round-robin,80108,200,0,0,112,53.73,102,2,161,77.1,144,2000,0.035
local-plus-express,B2,plain,round-robin,80109,200,0,0,117,55.2,108,1,164,74.795,149,2000,0.028
local-plus-express,B2,plain,zone-based,80100,200,0,0,222,41.985,106,1,223,63.285,151,2000,0.03
local-plus-express,B2,plain,zone-based,80102,200,0,0,199,45.375,106,1,200,66.54,150,2000,0.03
local-plus-express,B2,plain,zone-based,80101,200,0,0,117,45.78,105,2,166,67.895,145,2000,0.026
local-plus-express,B2,plain,zone-based,80103,200,0,0,261,48.895,112,1,263,71.28,155,2000,0.034
local-plus-express,B2,plain,zone-based,80105,200,0,0,211,45.595,110,1,214,65.21,152,2000,0.027
local-plus-express,B2,plain,zone-based,80104,200,0,0,191,41.45,103,2,192,63.8,144,2000,0.033
local-plus-express,B2,plain,zone-based,80106,200,0,1,289,48.22,111,2,291,71.17,161,2000,0.034
local-plus-express,B2,plain,zone-based,80108,200,0,0,220,49.755,106,1,230,73.125,154,2000,0.034
local-plus-express,B2,plain,zone-based,80109,200,0,0,117,35.645,107,1,162,55.24,147,2000,0.035
local-plus-express,B2,plain,zone-based,80107,200,0,0,181,43.91,112,2,200,64.47,155,2000,0.027
local-plus-express,B2,plain,express,80100,200,0,0,116,47.105,108,2,167,68.405,149,2000,0.036
local-plus-express,B2,plain,express,80102,200,0,0,194,44.47,110,2,195,65.635,155,2000,0.034
local-plus-express,B2,plain,express,80103,200,0,0,159,45.325,107,3,209,67.71,152,2000,0.047
local-plus-express,B2,plain,express,80104,200,0,0,116,42.57,104,2,175,64.92,153,2000,0.045
local-plus-express,B2,plain,express,80105,200,0,0,131,44.2,104,2,175,63.815,147,2000,0.039
local-plus-express,B2,plain,express,80109,200,0,0,115,41.75,103,1,170,61.345,144,2000,0.037
local-plus-express,B2,plain,express,80106,200,0,0,176,49.8,119,1,230,72.75,163,2000,0.034
local-plus-express,B2,plain,express,80108,200,0,0,116,40.9,98,3,166,64.27,150,2000,0.042
local-plus-express,B2,plain,express,80107,200,0,0,219,42.975,109,2,220,63.535,148,2000,0.041
local-plus-express,B2,stop1,eta-cost,80100,200,0,0,121,35.855,80,2,164,59.5,124,2000,0.049
local-plus-express,B2,stop1,eta-cost,80101,200,0,0,113,31.415,79,2,166,55.725,125,2000,0.049
local-plus-express,B2,stop1,eta-cost,80103,200,0,0,116,30.45,73,2,175,55.425,119,2000,0.039
local-plus-express,B2,stop1,eta-cost,80102,200,0,0,119,34.805,79,2,165,58.495,117,2000,0.049
local-plus-express,B2,stop1,eta-cost,80105,200,0,0,104,33.17,72,2,156,55.16,112,2000,0.05
local-plus-express,B2,stop1,eta-cost,80104,200,0,0,123,33.81,84,3,182,58.505,128,2000,0.047
local-plus-express,B2,stop1,eta-cost,80106,200,0,0,122,37.325,90,2,158,62.69,125,2000,0.049
local-plus-express,B2,stop1,eta-cost,80107,200,0,0,128,29.215,83,2,162,52.21,117,2000,0.051
local-plus-express,B2,stop1,eta-cost,80108,200,0,0,120,32.69,82,2,175,58.595,132,2000,0.049
local-plus-express,B2,stop1,eta-cost,80109,200,0,0,112,36.25,90,3,170,58.085,132,2000,0.057
local-plus-express,B2,stop1,eta-cost-fair,80100,200,0,0,121,36.845,81,2,153,60.48,122,2000,0.039
local-plus-express,B2,plain,express,80101,200,0,0,113,43.025,101,2,165,65.14,146,2000,0.039
local-plus-express,B2,stop1,eta-cost-fair,80104,200,0,0,125,36.825,86,3,164,61.505,128,2000,0.055
local-plus-express,B2,stop1,eta-cost-fair,80102,200,0,0,102,34.31,72,2,165,58.07,116,2000,0.05
local-plus-express,B2,stop1,eta-cost-fair,80101,200,0,0,118,38.505,92,3,178,62.75,131,2000,0.055
local-plus-express,B2,stop1,eta-cost-fair,80105,200,0,0,109,35.335,76,3,159,57.15,113,2000,0.044
local-plus-express,B2,stop1,eta-cost-fair,80103,200,0,0,115,30.455,78,2,175,55.375,117,2000,0.047
local-plus-express,B2,stop1,eta-cost-fair,80106,200,0,0,126,35.795,82,2,141,61.275,119,2000,0.046
local-plus-express,B2,stop1,eta-cost-fair,80107,200,0,0,107,32.415,79,2,161,55.375,128,2000,0.056
local-plus-express,B2,stop1,eta-cost-fair,80109,200,0,0,125,40.215,90,3,175,62.065,132,2000,0.051
local-plus-express,B2,stop1,nearest-car,80101,200,0,0,130,58.435,120,2,186,83.25,162,2000,0.029
local-plus-express,B2,stop1,eta-cost-fair,80108,200,0,0,118,31.005,88,2,165,56.74,124,2000,0.056
local-plus-express,B2,stop1,nearest-car,80103,200,0,0,237,47.98,113,3,239,73.275,152,2000,0.03
local-plus-express,B2,stop1,nearest-car,80105,200,0,0,147,52.58,118,2,210,74.73,166,2000,0.034
local-plus-express,B2,stop1,nearest-car,80102,200,0,0,132,55.395,119,3,197,79.185,168,2000,0.029
local-plus-express,B2,stop1,nearest-car,80100,200,0,0,126,52.635,119,4,185,76.615,169,2000,0.028
local-plus-express,B2,stop1,nearest-car,80106,200,0,0,257,58.375,120,3,260,84.12,166,2000,0.034
local-plus-express,B2,stop1,nearest-car,80104,200,0,0,126,50.14,117,2,187,74.97,167,2000,0.033
local-plus-express,B2,stop1,nearest-car,80107,200,0,0,130,51.615,116,3,190,74.71,161,2000,0.034
local-plus-express,B2,stop1,nearest-car,80109,200,0,0,128,54.975,117,2,179,77.235,166,2000,0.029
local-plus-express,B2,stop1,nearest-car,80108,200,0,0,208,54.895,118,3,278,81.285,169,2000,0.034
local-plus-express,B2,stop1,nearest-car-eta,80103,200,0,0,123,32.885,80,2,148,57.825,117,2000,0.04
local-plus-express,B2,stop1,nearest-car-eta,80102,200,0,0,171,38.265,101,3,173,62.07,117,2000,0.045
local-plus-express,B2,stop1,nearest-car-eta,80106,200,0,0,126,34.71,74,2,142,60.305,118,2000,0.045
local-plus-express,B2,stop1,nearest-car-eta,80100,200,0,0,122,34.415,81,2,182,58.365,125,2000,0.041
local-plus-express,B2,stop1,nearest-car-eta,80101,200,0,0,118,37.41,92,3,162,61.945,128,2000,0.04
local-plus-express,B2,stop1,nearest-car-eta,80104,200,0,0,128,35.1,84,3,139,59.83,123,2000,0.043
local-plus-express,B2,stop1,nearest-car-eta,80107,200,0,0,128,30.365,78,2,138,53.31,116,2000,0.044
local-plus-express,B2,stop1,nearest-car-eta,80105,200,0,0,104,31.86,66,3,131,53.89,109,2000,0.037
local-plus-express,B2,stop1,round-robin,80100,200,0,0,127,59.995,117,4,184,83.73,158,2000,0.032
local-plus-express,B2,stop1,nearest-car-eta,80108,200,0,0,125,31.12,75,3,132,57.24,114,2000,0.039
local-plus-express,B2,stop1,nearest-car-eta,80109,200,0,0,122,40.395,103,5,163,62.605,126,2000,0.038
local-plus-express,B2,stop1,round-robin,80103,200,0,0,124,54.025,116,3,178,79.02,159,2000,0.026
local-plus-express,B2,stop1,round-robin,80101,200,0,0,125,58.36,114,4,183,82.845,157,2000,0.037
local-plus-express,B2,stop1,round-robin,80102,200,0,0,125,56.43,112,4,177,80.01,149,2000,0.029
local-plus-express,B2,stop1,round-robin,80105,200,0,0,127,55.685,109,3,184,77.63,154,2000,0.037
local-plus-express,B2,stop1,round-robin,80104,200,0,0,131,56.595,114,2,187,81.425,159,2000,0.036
local-plus-express,B2,stop1,round-robin,80106,200,0,0,126,60.215,116,2,178,85.69,161,2000,0.035
local-plus-express,B2,stop1,round-robin,80108,200,0,0,127,56.99,116,2,182,82.92,158,2000,0.038
local-plus-express,B2,stop1,round-robin,80107,200,0,0,128,54.775,113,3,195,77.845,154,2000,0.041
local-plus-express,B2,stop1,zone-based,80101,200,0,0,240,47.155,112,2,242,72.15,165,2000,0.029
local-plus-express,B2,stop1,zone-based,80100,200,0,0,183,52.315,126,3,198,76.455,162,2000,0.026
local-plus-express,B2,stop1,round-robin,80109,200,0,0,129,54.965,110,2,172,77.14,154,2000,0.034
local-plus-express,B2,stop1,zone-based,80104,200,0,0,362,53.44,121,2,364,78.83,172,2000,0.036
local-plus-express,B2,stop1,zone-based,80102,200,0,0,251,54.595,118,2,255,79,178,2000,0.028
local-plus-express,B2,stop1,zone-based,80103,200,0,0,299,55.055,125,3,303,80.38,174,2000,0.03
local-plus-express,B2,stop1,zone-based,80105,200,0,0,215,51.275,118,2,219,74.075,167,2000,0.025
local-plus-express,B2,stop1,zone-based,80106,200,0,0,440,61.555,163,2,443,87.385,209,2000,0.034
local-plus-express,B2,stop1,zone-based,80107,200,0,0,260,49.195,123,3,264,72.705,171,2000,0.035
local-plus-express,B2,stop1,zone-based,80108,200,0,1,133,48.005,112,3,178,74.75,164,2000,0.034
local-plus-express,B2,stop1,zone-based,80109,200,0,0,201,45.605,113,2,204,68.275,158,2000,0.026
local-plus-express,B2,stop1,express,80101,200,0,0,121,46.04,111,3,177,70.595,163,2000,0.048
local-plus-express,B2,stop1,express,80102,200,0,0,155,41.575,108,3,210,64.925,157,2000,0.04
local-plus-express,B2,stop1,express,80103,200,0,0,176,49.805,118,6,236,74.495,165,2000,0.036
local-plus-express,B2,stop1,express,80100,200,0,0,217,51.165,119,3,222,74.645,156,2000,0.049
local-plus-express,B2,stop1,express,80104,200,0,0,144,47.8,119,3,207,72.33,168,2000,0.043
local-plus-express,B2,stop1,express,80105,200,0,0,207,49.285,117,3,212,70.865,161,2000,0.042
local-plus-express,B2,stop1,express,80106,200,0,0,207,59.985,145,2,275,85.16,201,2000,0.044
local-plus-express,B2,stop1,express,80107,200,0,0,172,43.395,112,3,213,66.175,159,2000,0.045
local-plus-express,B2,stop1,express,80108,200,0,0,160,47.71,114,3,225,73.41,165,2000,0.047
local-plus-express,B2,stop1,express,80109,200,0,0,123,49.095,114,2,181,70.65,160,2000,0.041
local-plus-express,B3,plain,eta-cost,80200,800,0,0,56,14.232,40,1,113,34.724,86,2000,0.223
local-plus-express,B3,plain,eta-cost,80201,800,0,0,100,15.703,42,1,117,37.502,88,2000,0.227
local-plus-express,B3,plain,eta-cost,80204,800,0,0,65,15.309,42,1,105,35.634,87,2000,0.232
local-plus-express,B3,plain,eta-cost,80206,800,0,0,65,14.637,40,1,109,34.831,85,2000,0.22
local-plus-express,B3,plain,eta-cost,80207,800,0,0,66,14.768,43,1,108,35.153,88,2000,0.225
local-plus-express,B3,plain,eta-cost,80203,800,0,0,67,15.652,43,1,114,37.833,93,2000,0.228
local-plus-express,B3,plain,eta-cost,80202,800,0,0,64,14.967,40,1,110,36.525,86,2000,0.226
local-plus-express,B3,plain,eta-cost,80205,800,0,0,61,15.695,42,1,109,36.966,90,2000,0.226
local-plus-express,B3,plain,eta-cost,80209,800,0,0,73,15.395,44,1,113,36.733,90,2000,0.238
local-plus-express,B3,plain,eta-cost,80208,800,0,0,58,15.286,41,1,110,35.325,88,2000,0.216
local-plus-express,B3,plain,eta-cost-fair,80202,800,0,0,98,16.051,41,1,110,37.609,88,2000,0.238
local-plus-express,B3,plain,eta-cost-fair,80205,800,0,0,59,15.303,42,1,106,36.574,89,2000,0.22
local-plus-express,B3,plain,eta-cost-fair,80200,800,0,0,66,14.15,40,1,113,34.641,85,2000,0.228
local-plus-express,B3,plain,eta-cost-fair,80201,800,0,0,71,14.769,39,1,111,36.569,85,2000,0.222
local-plus-express,B3,plain,eta-cost-fair,80203,800,0,0,67,16.916,45,1,114,39.096,92,2000,0.236
local-plus-express,B3,plain,eta-cost-fair,80207,800,0,0,72,15.215,42,1,111,35.6,88,2000,0.226
local-plus-express,B3,plain,eta-cost-fair,80204,800,0,0,79,14.446,41,1,110,34.771,87,2000,0.215
local-plus-express,B3,plain,nearest-car,80200,800,0,0,551,41.102,114,1,552,61.594,159,2000,0.1
local-plus-express,B3,plain,eta-cost-fair,80206,800,0,0,65,15.582,41,1,112,35.776,88,2000,0.237
local-plus-express,B3,plain,eta-cost-fair,80208,800,0,0,66,15.902,44,1,110,35.941,88,2000,0.227
local-plus-express,B3,plain,eta-cost-fair,80209,800,0,0,70,15.524,43,1,108,36.861,90,2000,0.222
local-plus-express,B3,plain,nearest-car,80201,800,0,0,218,41.659,113,1,221,63.459,161,2000,0.101
local-plus-express,B3,plain,nearest-car,80203,800,0,0,923,63.77,210,1,926,85.95,235,2000,0.119
local-plus-express,B3,plain,nearest-car,80204,800,0,0,906,59.059,138,1,909,79.384,184,2000,0.1
local-plus-express,B3,plain,nearest-car,80202,800,0,0,342,46.73,115,1,345,68.287,163,2000,0.105
local-plus-express,B3,plain,nearest-car,80207,800,0,0,376,46.779,118,1,379,67.164,167,2000,0.094
local-plus-express,B3,plain,nearest-car,80205,800,0,0,840,65.854,219,1,843,87.125,236,2000,0.113
local-plus-express,B3,plain,nearest-car,80206,800,0,0,804,62.631,208,1,807,82.825,238,2000,0.114
local-plus-express,B3,plain,nearest-car,80208,800,0,0,572,40.481,115,1,573,60.52,158,2000,0.098
local-plus-express,B3,plain,nearest-car,80209,800,0,0,769,60.627,210,1,772,81.965,219,2000,0.107
local-plus-express,B3,plain,nearest-car-eta,80201,800,0,0,255,18.227,48,1,258,40.028,88,2000,0.169
local-plus-express,B3,plain,nearest-car-eta,80204,800,0,0,309,15.794,41,1,311,36.119,86,2000,0.192
local-plus-express,B3,plain,nearest-car-eta,80207,800,0,0,300,17.43,47,1,303,37.815,86,2000,0.187
local-plus-express,B3,plain,nearest-car-eta,80203,800,0,0,198,19.531,55,1,201,41.711,90,2000,0.187
local-plus-express,B3,plain,nearest-car-eta,80200,800,0,0,148,16.189,41,1,151,36.68,86,2000,0.185
local-plus-express,B3,plain,nearest-car-eta,80206,800,0,0,257,17.98,55,1,259,38.174,87,2000,0.181
local-plus-express,B3,plain,nearest-car-eta,80205,800,0,0,246,19.596,58,1,248,40.867,90,2000,0.198
local-plus-express,B3,plain,nearest-car-eta,80202,800,0,0,261,18.98,51,1,264,40.538,92,2000,0.201
local-plus-express,B3,plain,nearest-car-eta,80208,800,0,0,368,18.036,48,1,369,38.075,89,2000,0.184
local-plus-express,B3,plain,round-robin,80200,800,0,0,117,51.351,105,1,173,71.843,141,2000,0.113
local-plus-express,B3,plain,nearest-car-eta,80209,800,0,0,178,17.635,46,1,179,38.972,87,2000,0.195
local-plus-express,B3,plain,round-robin,80204,800,0,0,117,53.883,106,1,169,74.207,146,2000,0.11
local-plus-express,B3,plain,round-robin,80201,800,0,0,117,52.191,103,1,170,73.991,141,2000,0.094
local-plus-express,B3,plain,round-robin,80206,800,0,0,117,51.282,105,1,171,71.476,143,2000,0.106
local-plus-express,B3,plain,round-robin,80208,800,0,0,117,52.404,104,1,166,72.442,142,2000,0.113
local-plus-express,B3,plain,round-robin,80202,800,0,0,117,51.139,106,2,174,72.696,142,2000,0.113
local-plus-express,B3,plain,round-robin,80205,800,0,0,116,52.659,103,1,169,73.93,145,2000,0.117
local-plus-express,B3,plain,round-robin,80203,800,0,0,117,52.35,104,2,171,74.53,144,2000,0.125
local-plus-express,B3,plain,round-robin,80207,800,0,0,117,51.03,102,1,171,71.415,142,2000,0.109
local-plus-express,B3,plain,round-robin,80209,800,0,0,117,51.889,104,1,173,73.226,138,2000,0.114
local-plus-express,B3,plain,zone-based,80200,800,0,0,797,50.273,153,1,799,70.764,192,2000,0.096
local-plus-express,B3,plain,zone-based,80201,800,0,0,785,49.51,157,1,788,71.31,205,2000,0.112
local-plus-express,B3,plain,zone-based,80202,800,0,0,811,48.782,138,1,813,70.34,192,2000,0.107
local-plus-express,B3,plain,zone-based,80203,800,0,0,764,48.81,156,1,767,70.99,203,2000,0.118
local-plus-express,B3,plain,zone-based,80205,800,0,0,811,46.73,135,1,812,68.001,177,2000,0.108
local-plus-express,B3,plain,zone-based,80204,800,0,0,740,44.633,127,1,742,64.957,170,2000,0.105
local-plus-express,B3,plain,zone-based,80206,800,0,0,788,51.795,162,1,790,71.989,204,2000,0.108
local-plus-express,B3,plain,zone-based,80207,800,0,0,809,50.591,169,1,812,70.976,220,2000,0.112
local-plus-express,B3,plain,zone-based,80208,800,0,0,816,48.409,152,1,817,68.448,197,2000,0.094
local-plus-express,B3,plain,zone-based,80209,800,0,0,845,54.938,170,1,846,76.275,202,2000,0.115
local-plus-express,B3,plain,express,80200,800,0,0,366,83.596,288,1,414,104.088,336,2000,0.248
local-plus-express,B3,plain,express,80201,800,0,0,538,128.721,444,1,589,150.521,495,2000,0.322
local-plus-express,B3,plain,express,80202,800,0,0,416,86.606,336,1,460,108.164,384,2000,0.253
local-plus-express,B3,plain,express,80206,800,0,0,389,77.076,291,1,445,97.27,342,2000,0.233
local-plus-express,B3,plain,express,80208,800,0,0,338,82.207,270,1,393,102.246,317,2000,0.251
local-plus-express,B3,plain,express,80204,800,0,0,464,79.938,306,1,467,100.263,356,2000,0.264
local-plus-express,B3,plain,express,80203,800,0,0,417,81.812,337,1,474,103.993,387,2000,0.231
local-plus-express,B3,plain,express,80207,800,0,0,430,101.445,368,1,482,121.83,413,2000,0.273
local-plus-express,B3,plain,express,80205,800,0,0,605,82.082,359,1,606,103.354,410,2000,0.266
local-plus-express,B3,plain,express,80209,800,0,0,582,126.495,507,1,634,147.833,556,2000,0.335
local-plus-express,B3,stop1,eta-cost,80203,800,0,0,84,16.55,46,2,128,41.204,99,2000,0.295
local-plus-express,B3,stop1,eta-cost,80201,800,0,0,61,16,43,2,112,40.375,94,2000,0.289
local-plus-express,B3,stop1,eta-cost,80204,800,0,0,66,15.836,47,2,123,38.737,97,2000,0.291
local-plus-express,B3,stop1,eta-cost,80206,800,0,0,82,14.447,44,2,122,37.14,93,2000,0.283
local-plus-express,B3,stop1,eta-cost,80202,800,0,0,62,16.155,46,2,118,40.26,98,2000,0.28
local-plus-express,B3,stop1,eta-cost,80205,800,0,0,64,16.55,44,2,116,40.214,97,2000,0.298
local-plus-express,B3,stop1,eta-cost,80200,800,0,0,59,15.268,43,2,114,38.176,93,2000,0.271
local-plus-express,B3,stop1,eta-cost,80207,800,0,0,77,14.806,43,2,121,37.64,96,2000,0.28
local-plus-express,B3,stop1,eta-cost,80208,800,0,0,64,15.795,43,2,127,38.424,93,2000,0.287
local-plus-express,B3,stop1,eta-cost,80209,800,0,0,63,15.855,44,2,125,39.656,96,2000,0.303
local-plus-express,B3,stop1,eta-cost-fair,80200,800,0,0,65,14.641,41,2,111,37.404,89,2000,0.284
local-plus-express,B3,stop1,eta-cost-fair,80201,800,0,0,62,16.474,42,2,111,40.55,90,2000,0.291
local-plus-express,B3,stop1,eta-cost-fair,80202,800,0,0,69,15.511,43,2,118,39.351,88,2000,0.296
local-plus-express,B3,stop1,eta-cost-fair,80204,800,0,0,73,14.918,40,2,120,37.544,88,2000,0.288
local-plus-express,B3,stop1,eta-cost-fair,80206,800,0,0,63,14.898,40,2,113,37.395,89,2000,0.289
local-plus-express,B3,stop1,eta-cost-fair,80207,800,0,0,75,14.769,40,2,122,37.288,89,2000,0.274
local-plus-express,B3,stop1,eta-cost-fair,80205,800,0,0,60,14.694,39,2,122,38.358,90,2000,0.293
local-plus-express,B3,stop1,nearest-car,80201,800,0,0,348,52.413,133,2,350,77.454,188,2000,0.109
local-plus-express,B3,stop1,nearest-car,80200,800,0,0,765,51.476,133,2,767,75.065,184,2000,0.11
local-plus-express,B3,stop1,eta-cost-fair,80208,800,0,0,65,15.46,43,2,119,37.796,91,2000,0.287
local-plus-express,B3,stop1,eta-cost-fair,80209,800,0,0,61,14.615,39,2,111,38.201,88,2000,0.293
local-plus-express,B3,stop1,eta-cost-fair,80203,800,0,0,61,15.289,42,2,119,39.803,91,2000,0.286
local-plus-express,B3,stop1,nearest-car,80202,800,0,0,535,52.99,137,2,537,77.558,193,2000,0.111
local-plus-express,B3,stop1,nearest-car,80204,800,0,0,526,51.36,133,2,530,74.573,185,2000,0.112
local-plus-express,B3,stop1,nearest-car,80203,800,0,0,372,50.56,131,2,376,75.794,185,2000,0.109
local-plus-express,B3,stop1,nearest-car,80205,800,0,0,593,50.627,132,2,597,74.978,188,2000,0.113
local-plus-express,B3,stop1,nearest-car,80206,800,0,0,834,70.36,235,2,839,93.75,264,2000,0.114
local-plus-express,B3,stop1,nearest-car,80207,800,0,0,819,66.496,143,2,821,90.005,200,2000,0.1
local-plus-express,B3,stop1,nearest-car,80208,800,0,0,382,46.502,132,2,385,69.751,183,2000,0.113
local-plus-express,B3,stop1,nearest-car,80209,800,0,0,799,65.323,228,2,801,89.817,247,2000,0.107
local-plus-express,B3,stop1,nearest-car-eta,80200,800,0,0,201,17.979,52,2,204,41.53,97,2000,0.231
local-plus-express,B3,stop1,nearest-car-eta,80201,800,0,0,273,20.021,62,2,275,44.737,98,2000,0.239
local-plus-express,B3,stop1,nearest-car-eta,80207,800,0,0,185,18.28,58,2,188,41.561,97,2000,0.246
local-plus-express,B3,stop1,nearest-car-eta,80204,800,0,0,295,18.434,55,2,298,41.704,99,2000,0.22
local-plus-express,B3,stop1,nearest-car-eta,80202,800,0,0,204,19.366,57,2,208,44.03,99,2000,0.245
local-plus-express,B3,stop1,nearest-car-eta,80206,800,0,0,252,18.409,52,2,254,41.63,100,2000,0.239
local-plus-express,B3,stop1,nearest-car-eta,80205,800,0,0,294,19.608,59,2,297,43.877,97,2000,0.251
local-plus-express,B3,stop1,nearest-car-eta,80208,800,0,0,181,19.329,55,2,185,42.579,97,2000,0.249
local-plus-express,B3,stop1,round-robin,80200,800,0,0,130,55.614,112,2,190,78.321,151,2000,0.107
local-plus-express,B3,stop1,nearest-car-eta,80209,800,0,0,227,19.396,54,2,230,43.755,99,2000,0.237
local-plus-express,B3,stop1,round-robin,80202,800,0,0,128,56.641,109,3,182,80.541,157,2000,0.124
local-plus-express,B3,stop1,round-robin,80201,800,0,0,129,58.67,112,2,185,82.787,157,2000,0.114
local-plus-express,B3,stop1,round-robin,80204,800,0,0,129,56.246,114,2,188,78.836,157,2000,0.11
local-plus-express,B3,stop1,nearest-car-eta,80203,800,0,0,226,20.366,64,2,229,45.481,101,2000,0.243
local-plus-express,B3,stop1,round-robin,80205,800,0,0,133,55.061,114,2,192,78.85,157,2000,0.108
local-plus-express,B3,stop1,round-robin,80203,800,0,0,127,57.788,114,3,189,82.28,155,2000,0.126
local-plus-express,B3,stop1,round-robin,80206,800,0,0,129,57.649,115,2,187,80.199,156,2000,0.104
local-plus-express,B3,stop1,round-robin,80207,800,0,0,129,58.175,113,2,190,80.869,158,2000,0.112
local-plus-express,B3,stop1,round-robin,80208,800,0,0,128,58.169,115,2,192,80.576,154,2000,0.113
local-plus-express,B3,stop1,zone-based,80200,800,0,0,804,51.234,139,2,807,74.463,191,2000,0.103
local-plus-express,B3,stop1,round-robin,80209,800,0,0,127,57.498,113,2,186,81.27,157,2000,0.115
local-plus-express,B3,stop1,zone-based,80201,800,0,0,798,58.215,164,2,800,82.949,195,2000,0.11
local-plus-express,B3,stop1,zone-based,80202,800,0,0,919,58.733,138,2,921,83.179,193,2000,0.12
local-plus-express,B3,stop1,zone-based,80205,800,0,0,729,52.409,177,2,732,76.429,231,2000,0.109
local-plus-express,B3,stop1,zone-based,80204,800,0,0,840,49.731,133,2,845,72.816,188,2000,0.11
local-plus-express,B3,stop1,zone-based,80203,800,0,0,818,56.242,156,2,822,81.164,203,2000,0.117
local-plus-express,B3,stop1,zone-based,80206,800,0,0,626,50.657,164,2,629,73.645,211,2000,0.106
local-plus-express,B3,stop1,zone-based,80207,800,0,0,757,72.761,260,2,759,95.855,310,2000,0.122
local-plus-express,B3,stop1,zone-based,80209,800,0,0,743,66.27,237,2,747,90.441,287,2000,0.114
local-plus-express,B3,stop1,zone-based,80208,800,0,0,812,53.722,144,2,814,76.694,196,2000,0.11
local-plus-express,B3,stop1,express,80200,800,0,0,564,132.241,487,2,622,155.236,544,2000,0.46
local-plus-express,B3,stop1,express,80202,800,0,0,646,135.787,534,2,698,159.77,588,2000,0.444
local-plus-express,B3,stop1,express,80203,800,0,0,653,132.243,545,2,705,157.041,596,2000,0.436
local-plus-express,B3,stop1,express,80206,800,0,0,647,129.61,509,2,705,152.28,566,2000,0.43
local-plus-express,B4,plain,eta-cost,80300,400,0,0,32,8.515,23,1,56,18.915,44,1000,0.06
local-plus-express,B3,stop1,express,80205,800,0,0,708,144.844,588,2,762,168.507,648,2000,0.465
local-plus-express,B3,stop1,express,80204,800,0,0,716,140.148,551,2,719,163.037,604,2000,0.495
local-plus-express,B3,stop1,express,80208,800,0,0,573,128.942,457,2,623,151.459,509,2000,0.458
local-plus-express,B4,plain,eta-cost,80301,400,0,0,31,9.428,24,1,60,20.76,48,1000,0.064
local-plus-express,B4,plain,eta-cost,80302,400,0,0,32,9.158,22,1,55,19.935,46,1000,0.059
local-plus-express,B4,plain,eta-cost,80303,400,0,0,36,8.363,22,1,53,19.655,46,1000,0.066
local-plus-express,B4,plain,eta-cost,80304,400,0,0,51,9.107,24,1,56,20.66,48,1000,0.061
local-plus-express,B3,stop1,express,80207,800,0,0,630,152.9,567,2,689,175.765,623,2000,0.448
local-plus-express,B3,stop1,express,80201,800,0,0,762,186.971,673,2,817,211.252,732,2000,0.551
local-plus-express,B4,plain,eta-cost,80305,400,0,0,29,9.408,24,1,56,20.983,49,1000,0.061
local-plus-express,B4,plain,eta-cost,80306,400,0,0,34,8.27,22,1,56,18.3,47,1000,0.056
local-plus-express,B4,plain,eta-cost,80307,400,0,0,29,9.14,24,1,57,20.688,47,1000,0.065
local-plus-express,B4,plain,eta-cost,80308,400,0,0,32,8.575,24,1,56,18.57,46,1000,0.054
local-plus-express,B4,plain,eta-cost,80309,400,0,0,37,8.82,25,1,60,19.738,47,1000,0.066
local-plus-express,B4,plain,eta-cost-fair,80300,400,0,0,31,8.955,24,1,55,19.355,46,1000,0.058
local-plus-express,B4,plain,eta-cost-fair,80301,400,0,0,54,9.117,23,1,55,20.45,47,1000,0.063
local-plus-express,B4,plain,eta-cost-fair,80304,400,0,0,45,8.915,23,1,68,20.468,45,1000,0.059
local-plus-express,B4,plain,eta-cost-fair,80302,400,0,0,32,9.213,23,1,55,19.99,46,1000,0.061
local-plus-express,B4,plain,eta-cost-fair,80303,400,0,0,36,8.248,22,1,55,19.54,45,1000,0.06
local-plus-express,B4,plain,nearest-car,80300,400,0,0,62,19.145,55,1,84,29.545,78,1000,0.024
local-plus-express,B4,plain,eta-cost-fair,80306,400,0,0,34,8.235,22,1,56,18.265,46,1000,0.061
local-plus-express,B4,plain,eta-cost-fair,80305,400,0,0,34,9.367,24,1,56,20.942,47,1000,0.067
local-plus-express,B4,plain,nearest-car,80303,400,0,0,110,21.183,54,1,112,32.475,77,1000,0.031
local-plus-express,B3,stop1,express,80209,800,0,0,812,184.38,753,2,866,208.364,803,2000,0.59
local-plus-express,B4,plain,eta-cost-fair,80307,400,0,0,33,9.057,24,1,57,20.605,47,1000,0.061
local-plus-express,B4,plain,eta-cost-fair,80308,400,0,0,32,8.805,24,1,56,18.8,46,1000,0.06
local-plus-express,B4,plain,nearest-car,80301,400,0,0,57,20.718,54,1,84,32.05,75,1000,0.03
local-plus-express,B4,plain,nearest-car,80302,400,0,0,57,19.18,52,1,83,29.957,73,1000,0.025
local-plus-express,B4,plain,nearest-car,80305,400,0,0,111,23.352,58,1,112,34.928,81,1000,0.029
local-plus-express,B4,plain,eta-cost-fair,80309,400,0,0,33,9.713,24,1,56,20.63,47,1000,0.064
local-plus-express,B4,plain,nearest-car,80306,400,0,0,57,18.422,53,1,83,28.453,75,1000,0.03
local-plus-express,B4,plain,nearest-car,80304,400,0,0,80,21.267,55,1,85,32.82,75,1000,0.031
local-plus-express,B4,plain,nearest-car,80308,400,0,0,64,20.688,54,1,85,30.683,77,1000,0.03
local-plus-express,B4,plain,nearest-car,80307,400,0,0,138,23.335,55,1,139,34.883,78,1000,0.028
local-plus-express,B4,plain,nearest-car,80309,400,0,0,57,21.39,55,1,85,32.307,78,1000,0.026
local-plus-express,B4,plain,nearest-car-eta,80300,400,0,0,68,9.19,24,1,70,19.59,46,1000,0.055
local-plus-express,B4,plain,nearest-car-eta,80302,400,0,0,69,9.693,26,1,71,20.47,47,1000,0.059
local-plus-express,B4,plain,nearest-car-eta,80301,400,0,0,55,10.133,25,1,57,21.465,45,1000,0.053
local-plus-express,B4,plain,nearest-car-eta,80303,400,0,0,78,10.195,28,1,79,21.488,46,1000,0.041
local-plus-express,B4,plain,nearest-car-eta,80305,400,0,0,92,11.252,28,1,95,22.828,50,1000,0.041
local-plus-express,B4,plain,nearest-car-eta,80304,400,0,0,44,9.195,26,1,57,20.747,44,1000,0.05
local-plus-express,B4,plain,round-robin,80300,400,0,0,57,26.17,52,1,81,36.57,73,1000,0.024
local-plus-express,B4,plain,nearest-car-eta,80308,400,0,0,74,9.812,28,1,77,19.808,46,1000,0.051
local-plus-express,B4,plain,nearest-car-eta,80306,400,0,0,36,8.273,21,1,56,18.302,43,1000,0.054
local-plus-express,B4,plain,nearest-car-eta,80307,400,0,0,51,10.395,26,1,56,21.942,48,1000,0.057
local-plus-express,B4,plain,nearest-car-eta,80309,400,0,0,53,9.998,25,1,54,20.915,46,1000,0.049
local-plus-express,B4,plain,round-robin,80301,400,0,0,57,23.575,50,1,84,34.907,70,1000,0.025
local-plus-express,B4,plain,round-robin,80302,400,0,0,56,25.177,50,2,79,35.955,70,1000,0.031
local-plus-express,B4,plain,round-robin,80303,400,0,0,57,26.075,53,1,86,37.367,71,1000,0.034
local-plus-express,B4,plain,round-robin,80305,400,0,0,57,26.115,52,1,86,37.69,72,1000,0.03
local-plus-express,B4,plain,round-robin,80304,400,0,0,57,25.308,51,1,81,36.86,71,1000,0.035
local-plus-express,B4,plain,round-robin,80307,400,0,0,57,25.453,50,2,86,37,71,1000,0.026
local-plus-express,B4,plain,round-robin,80306,400,0,0,56,24.71,50,1,82,34.74,69,1000,0.03
local-plus-express,B4,plain,round-robin,80309,400,0,0,57,27.128,52,1,85,38.045,71,1000,0.024
local-plus-express,B4,plain,zone-based,80300,400,0,0,240,24.85,64,1,242,35.25,89,1000,0.025
local-plus-express,B4,plain,round-robin,80308,400,0,0,57,26.023,52,1,81,36.017,69,1000,0.027
local-plus-express,B4,plain,zone-based,80301,400,0,0,394,27.525,70,1,395,38.858,95,1000,0.031
local-plus-express,B4,plain,zone-based,80303,400,0,0,374,25.343,72,1,376,36.635,96,1000,0.032
local-plus-express,B4,plain,zone-based,80304,400,0,0,238,23.415,71,1,241,34.968,94,1000,0.027
local-plus-express,B4,plain,zone-based,80306,400,0,0,227,20.315,61,1,230,30.345,82,1000,0.031
local-plus-express,B4,plain,zone-based,80302,400,0,0,250,24.645,64,1,252,35.422,88,1000,0.034
local-plus-express,B4,plain,zone-based,80305,400,0,0,263,30.565,82,1,264,42.14,109,1000,0.036
local-plus-express,B4,plain,zone-based,80309,400,0,0,230,24.067,65,1,233,34.985,85,1000,0.027
local-plus-express,B4,plain,zone-based,80307,400,0,0,369,30.552,81,1,370,42.1,106,1000,0.032
local-plus-express,B4,plain,zone-based,80308,400,0,0,218,21.175,61,1,220,31.17,84,1000,0.028
local-plus-express,B4,plain,express,80300,400,0,0,201,42.005,153,1,229,52.405,177,1000,0.067
local-plus-express,B4,plain,express,80301,400,0,0,204,50.242,172,1,232,61.575,199,1000,0.066
local-plus-express,B4,plain,express,80306,400,0,0,114,21.273,58,1,119,31.302,81,1000,0.047
local-plus-express,B4,plain,express,80302,400,0,0,162,41.475,125,1,190,52.252,150,1000,0.067
local-plus-express,B4,plain,express,80308,400,0,0,160,33.625,113,1,167,43.62,134,1000,0.06
local-plus-express,B4,plain,express,80309,400,0,0,318,42.835,143,1,319,53.752,171,1000,0.065
local-plus-express,B4,plain,express,80304,400,0,0,222,53.312,179,1,248,64.865,204,1000,0.075
local-plus-express,B4,plain,express,80305,400,0,0,360,83.478,293,1,383,95.052,318,1000,0.096
local-plus-express,B4,plain,express,80307,400,0,0,290,66.32,223,1,318,77.868,248,1000,0.074
local-plus-express,B4,stop1,eta-cost,80300,400,0,0,45,11.748,29,2,75,24.255,56,1000,0.085
local-plus-express,B4,stop1,eta-cost,80302,400,0,0,35,9.59,26,2,68,22.465,50,1000,0.08
local-plus-express,B4,stop1,eta-cost,80301,400,0,0,63,12.562,32,2,75,26.032,55,1000,0.076
local-plus-express,B4,stop1,eta-cost,80306,400,0,0,43,8.875,22,2,75,20.878,51,1000,0.085
local-plus-express,B4,stop1,eta-cost,80304,400,0,0,30,9.49,25,2,61,23.17,53,1000,0.083
local-plus-express,B4,stop1,eta-cost,80303,400,0,0,53,9.69,26,2,69,23.405,52,1000,0.084
local-plus-express,B4,stop1,eta-cost,80305,400,0,0,33,10.758,26,2,65,24.615,53,1000,0.076
local-plus-express,B4,stop1,eta-cost,80308,400,0,0,39,10.213,27,2,64,22.265,51,1000,0.085
local-plus-express,B4,stop1,eta-cost,80307,400,0,0,38,10.498,27,2,65,24.32,54,1000,0.086
local-plus-express,B4,plain,express,80303,400,0,0,296,72.785,251,1,317,84.078,273,1000,0.084
local-plus-express,B4,stop1,eta-cost,80309,400,0,0,45,11.133,28,2,68,24.477,54,1000,0.091
local-plus-express,B4,stop1,eta-cost-fair,80301,400,0,0,58,12.305,29,3,71,25.69,52,1000,0.069
local-plus-express,B4,stop1,eta-cost-fair,80302,400,0,0,44,10.133,26,2,62,23.043,49,1000,0.083
local-plus-express,B4,stop1,eta-cost-fair,80300,400,0,0,53,12.002,29,2,74,24.425,54,1000,0.095
local-plus-express,B4,stop1,eta-cost-fair,80304,400,0,0,38,10.357,25,2,64,24.015,51,1000,0.076
local-plus-express,B4,stop1,eta-cost-fair,80303,400,0,0,48,10.797,25,2,61,24.275,51,1000,0.082
local-plus-express,B4,stop1,eta-cost-fair,80305,400,0,0,51,11.755,30,2,72,25.668,54,1000,0.094
local-plus-express,B4,stop1,nearest-car,80300,400,0,0,77,24.462,65,2,111,37.812,93,1000,0.029
local-plus-express,B4,stop1,eta-cost-fair,80306,400,0,0,52,9.86,27,2,64,21.817,50,1000,0.078
local-plus-express,B4,stop1,nearest-car,80302,400,0,0,115,25.183,65,2,121,38.782,92,1000,0.033
local-plus-express,B4,stop1,eta-cost-fair,80307,400,0,0,50,12.293,29,2,72,25.997,55,1000,0.091
local-plus-express,B4,stop1,nearest-car,80301,400,0,0,121,27.8,68,2,145,42.078,96,1000,0.03
local-plus-express,B4,stop1,nearest-car,80304,400,0,0,221,25.31,63,2,224,39.635,91,1000,0.033
local-plus-express,B4,stop1,nearest-car,80303,400,0,0,213,28.938,68,2,215,43.438,97,1000,0.033
local-plus-express,B4,stop1,nearest-car,80305,400,0,0,216,31.367,76,2,218,46.19,103,1000,0.03
local-plus-express,B4,stop1,eta-cost-fair,80308,400,0,0,57,12.963,31,2,69,24.92,54,1000,0.087
local-plus-express,B4,stop1,nearest-car,80307,400,0,0,303,34.475,93,2,306,49.157,120,1000,0.033
local-plus-express,B4,stop1,nearest-car,80306,400,0,0,126,23.5,65,2,128,36.17,90,1000,0.031
local-plus-express,B4,stop1,eta-cost-fair,80309,400,0,0,38,10.102,24,2,61,23.293,48,1000,0.085
local-plus-express,B4,stop1,nearest-car,80308,400,0,0,77,25.168,66,2,108,38.002,93,1000,0.032
local-plus-express,B4,stop1,nearest-car,80309,400,0,0,200,28.968,70,2,203,42.938,98,1000,0.032
local-plus-express,B4,stop1,nearest-car-eta,80300,400,0,0,83,12.363,34,2,87,25.32,56,1000,0.063
local-plus-express,B4,stop1,nearest-car-eta,80302,400,0,0,112,10.7,28,2,115,23.94,53,1000,0.06
local-plus-express,B4,stop1,nearest-car-eta,80303,400,0,0,59,9.713,24,2,66,23.765,52,1000,0.059
local-plus-express,B4,stop1,nearest-car-eta,80305,400,0,0,79,11.07,28,2,81,25.718,57,1000,0.067
local-plus-express,B4,stop1,nearest-car-eta,80301,400,0,0,62,10.688,27,2,65,24.885,53,1000,0.074
local-plus-express,B4,stop1,nearest-car-eta,80308,400,0,0,72,10.793,31,2,76,23.27,52,1000,0.066
local-plus-express,B4,stop1,nearest-car-eta,80306,400,0,0,59,9.56,25,2,67,22.145,52,1000,0.065
local-plus-express,B4,stop1,nearest-car-eta,80304,400,0,0,79,10.438,31,2,81,24.617,52,1000,0.061
local-plus-express,B4,stop1,nearest-car-eta,80307,400,0,0,70,12.02,32,2,74,26.29,57,1000,0.066
local-plus-express,B4,stop1,round-robin,80300,400,0,0,69,31.075,60,2,99,43.888,86,1000,0.031
local-plus-express,B4,stop1,round-robin,80301,400,0,0,70,28.54,61,2,101,42.305,83,1000,0.026
local-plus-express,B4,stop1,round-robin,80302,400,0,0,66,30.15,58,2,100,43.16,79,1000,0.034
local-plus-express,B4,stop1,nearest-car-eta,80309,400,0,0,67,12.443,34,2,73,26.163,58,1000,0.068
local-plus-express,B4,stop1,round-robin,80304,400,0,0,70,28.83,58,2,98,42.737,83,1000,0.032
local-plus-express,B4,stop1,round-robin,80303,400,0,0,73,30.297,61,2,102,43.93,84,1000,0.033
local-plus-express,B4,stop1,round-robin,80307,400,0,0,70,30.383,61,2,97,44.385,82,1000,0.031
local-plus-express,B4,stop1,round-robin,80305,400,0,0,70,31.128,62,2,101,45.46,89,1000,0.024
local-plus-express,B4,stop1,round-robin,80306,400,0,0,69,29.53,61,2,101,41.792,79,1000,0.035
local-plus-express,B4,stop1,round-robin,80308,400,0,0,69,30.205,61,2,98,42.633,82,1000,0.037
local-plus-express,B4,stop1,round-robin,80309,400,0,0,73,27.032,59,2,96,40.42,81,1000,0.03
local-plus-express,B4,stop1,zone-based,80302,400,0,0,361,34.227,90,2,363,47.78,111,1000,0.032
local-plus-express,B4,stop1,zone-based,80301,400,0,0,378,33.803,79,2,382,48.133,104,1000,0.033
local-plus-express,B4,stop1,zone-based,80303,400,0,0,476,31.477,76,2,482,45.48,105,1000,0.035
local-plus-express,B4,stop1,zone-based,80304,400,0,0,218,30.135,88,3,222,44.315,109,1000,0.03
local-plus-express,B4,stop1,zone-based,80300,400,0,0,425,32.557,78,2,428,45.92,105,1000,0.031
local-plus-express,B4,stop1,zone-based,80305,400,0,0,396,33.815,98,2,398,48.38,113,1000,0.034
local-plus-express,B4,stop1,zone-based,80306,400,0,0,382,26.22,73,2,384,38.875,100,1000,0.038
local-plus-express,B4,stop1,zone-based,80307,400,0,0,364,34.678,83,2,369,49.16,113,1000,0.027
local-plus-express,B4,stop1,zone-based,80308,400,0,0,438,28.52,76,2,442,41.097,102,1000,0.03
local-plus-express,B4,stop1,zone-based,80309,400,0,0,415,31.503,74,2,420,45.32,100,1000,0.035
local-plus-express,B4,stop1,express,80306,400,0,0,184,42.53,145,2,214,54.922,174,1000,0.081
local-plus-express,B4,stop1,express,80302,400,0,0,374,88.695,324,2,403,101.68,353,1000,0.119
local-plus-express,B4,stop1,express,80301,400,0,0,385,90.87,331,2,412,104.433,360,1000,0.128
local-plus-express,B4,stop1,express,80300,400,0,0,394,82.618,327,2,419,95.135,354,1000,0.115
local-plus-express,B4,stop1,express,80309,400,0,0,366,81.517,313,2,390,94.657,339,1000,0.122
local-plus-express,B4,stop1,express,80308,400,0,0,325,72.067,272,2,357,84.21,300,1000,0.111
local-plus-express,B4,stop1,express,80303,400,0,0,493,121.04,437,2,524,134.575,466,1000,0.161
local-plus-express,B4,stop1,express,80304,400,0,0,448,110.142,389,2,473,124.013,419,1000,0.143
local-plus-express,B4,stop1,express,80307,400,0,0,508,119.002,418,2,540,132.92,452,1000,0.159
local-plus-express,B4,stop1,express,80305,400,0,0,578,137.683,490,2,602,151.495,522,1000,0.186
local-plus-express,B5,plain,eta-cost,80400,400,0,0,140,29.535,81,1,206,63.218,159,3333,0.122
local-plus-express,B5,plain,eta-cost,80401,400,0,0,118,28.782,82,2,193,62.235,157,3333,0.118
local-plus-express,B5,plain,eta-cost,80402,400,0,0,113,30.24,82,1,188,66.103,157,3333,0.128
local-plus-express,B5,plain,eta-cost,80403,400,0,0,111,30.195,84,1,189,62.197,156,3333,0.098
local-plus-express,B5,plain,eta-cost,80406,400,0,0,100,29.085,77,1,195,63.135,155,3333,0.125
local-plus-express,B5,plain,eta-cost,80405,400,0,0,111,27.387,73,1,186,59.8,149,3333,0.109
local-plus-express,B5,plain,eta-cost,80404,400,0,0,97,31.348,81,1,186,68.55,161,3333,0.131
local-plus-express,B5,plain,eta-cost,80407,400,0,0,102,30.192,80,1,197,63.248,159,3333,0.121
local-plus-express,B5,plain,eta-cost,80408,400,0,0,150,28.065,77,1,243,60.655,151,3333,0.126
local-plus-express,B5,plain,eta-cost,80409,400,0,0,133,29.927,83,1,216,62.045,160,3333,0.118
local-plus-express,B5,plain,eta-cost-fair,80400,400,0,0,140,30.51,81,1,206,64.192,157,3333,0.11
local-plus-express,B5,plain,eta-cost-fair,80401,400,0,0,155,29.795,79,2,191,63.248,153,3333,0.112
local-plus-express,B5,plain,eta-cost-fair,80402,400,0,0,108,28.47,70,1,182,64.332,152,3333,0.119
local-plus-express,B5,plain,eta-cost-fair,80403,400,0,0,129,28.128,77,1,178,60.13,154,3333,0.134
local-plus-express,B5,plain,eta-cost-fair,80404,400,0,0,151,30.84,78,1,189,68.043,152,3333,0.122
local-plus-express,B5,plain,eta-cost-fair,80405,400,0,0,116,27.688,72,1,180,60.1,143,3333,0.121
local-plus-express,B5,plain,eta-cost-fair,80406,400,0,0,119,29.36,79,1,185,63.41,155,3333,0.121
local-plus-express,B5,plain,eta-cost-fair,80408,400,0,0,150,28.133,74,1,243,60.722,150,3333,0.107
local-plus-express,B5,plain,nearest-car,80400,400,0,0,308,71.37,184,1,310,105.052,261,3333,0.083
local-plus-express,B5,plain,eta-cost-fair,80409,400,0,0,109,29.645,80,1,185,61.763,154,3333,0.118
local-plus-express,B5,plain,eta-cost-fair,80407,400,0,0,125,27.945,71,1,185,61,147,3333,0.128
local-plus-express,B5,plain,nearest-car,80401,400,0,0,344,70.875,185,1,345,104.328,261,3333,0.097
local-plus-express,B5,plain,nearest-car,80406,400,0,0,216,69.09,186,1,285,103.14,263,3333,0.093
local-plus-express,B5,plain,nearest-car,80402,400,0,0,345,78.832,188,1,346,114.695,265,3333,0.091
local-plus-express,B5,plain,nearest-car,80403,400,0,0,350,68.285,179,1,351,100.287,246,3333,0.096
local-plus-express,B5,plain,nearest-car,80404,400,0,0,387,79.625,189,2,389,116.828,265,3333,0.096
local-plus-express,B5,plain,nearest-car,80405,400,0,0,298,65.665,178,1,301,98.078,251,3333,0.088
local-plus-express,B5,plain,nearest-car,80409,400,0,0,369,71.912,187,1,371,104.03,259,3333,0.102
local-plus-express,B5,plain,nearest-car,80407,400,0,0,197,72.373,182,1,287,105.427,253,3333,0.074
local-plus-express,B5,plain,nearest-car-eta,80400,400,0,0,175,31.163,85,1,206,64.845,151,3333,0.102
local-plus-express,B5,plain,nearest-car,80408,400,0,0,367,71.062,182,1,370,103.653,258,3333,0.093
local-plus-express,B5,plain,nearest-car-eta,80402,400,0,0,152,32.58,83,1,187,68.442,153,3333,0.102
local-plus-express,B5,plain,nearest-car-eta,80403,400,0,0,236,30.35,83,1,238,62.352,154,3333,0.105
local-plus-express,B5,plain,nearest-car-eta,80405,400,0,0,134,28.488,77,1,186,60.9,151,3333,0.1
local-plus-express,B5,plain,nearest-car-eta,80404,400,0,0,332,33.792,82,1,333,70.995,152,3333,0.11
local-plus-express,B5,plain,nearest-car-eta,80406,400,0,0,259,32.145,82,1,260,66.195,156,3333,0.107
local-plus-express,B5,plain,nearest-car-eta,80407,400,0,0,171,31.872,79,1,183,64.927,152,3333,0.113
local-plus-express,B5,plain,round-robin,80400,400,0,0,192,93.765,180,3,275,127.448,237,3333,0.09
local-plus-express,B5,plain,nearest-car-eta,80409,400,0,0,177,32.858,93,2,182,64.975,155,3333,0.118
local-plus-express,B5,plain,nearest-car-eta,80408,400,0,0,168,31.36,88,1,243,63.95,147,3333,0.117
local-plus-express,B5,plain,nearest-car-eta,80401,400,0,0,184,32.523,87,1,185,65.975,156,3333,0.103
local-plus-express,B5,plain,round-robin,80401,400,0,0,194,85.632,174,1,283,119.085,243,3333,0.092
local-plus-express,B5,plain,round-robin,80404,400,0,0,194,87.412,172,3,289,124.615,241,3333,0.098
local-plus-express,B5,plain,round-robin,80405,400,0,0,194,87.225,171,3,275,119.638,235,3333,0.089
local-plus-express,B5,plain,round-robin,80402,400,0,0,195,84.51,173,2,280,120.373,237,3333,0.073
local-plus-express,B5,plain,round-robin,80407,400,0,0,190,88.812,171,2,282,121.868,231,3333,0.094
local-plus-express,B5,plain,round-robin,80406,400,0,0,196,89.412,182,3,288,123.463,249,3333,0.106
local-plus-express,B5,plain,round-robin,80403,400,0,0,195,86.5,171,2,283,118.502,239,3333,0.106
local-plus-express,B5,plain,round-robin,80408,400,0,0,197,84.058,171,2,282,116.647,235,3333,0.097
local-plus-express,B5,plain,round-robin,80409,400,0,0,195,79.562,171,2,274,111.68,232,3333,0.088
local-plus-express,B5,plain,zone-based,80400,400,0,0,1075,81.097,202,1,1076,114.78,284,3333,0.085
local-plus-express,B5,plain,zone-based,80406,400,0,0,937,72.445,219,1,940,106.495,299,3333,0.097
local-plus-express,B5,plain,zone-based,80401,400,0,0,853,86.713,269,1,856,120.165,326,3333,0.089
local-plus-express,B5,plain,zone-based,80405,400,0,0,1356,82.918,212,1,1358,115.33,286,3333,0.087
local-plus-express,B5,plain,zone-based,80402,400,0,0,806,89.235,234,1,807,125.097,305,3333,0.097
local-plus-express,B5,plain,zone-based,80403,400,0,0,535,63.845,188,1,538,95.847,273,3333,0.089
local-plus-express,B5,plain,zone-based,80404,400,0,0,634,87.873,249,1,636,125.075,325,3333,0.095
local-plus-express,B5,plain,zone-based,80407,400,0,0,942,76.755,210,2,945,109.81,284,3333,0.091
local-plus-express,B5,plain,zone-based,80408,400,0,0,520,59.87,201,1,522,92.46,271,3333,0.093
local-plus-express,B5,plain,zone-based,80409,400,0,0,900,77.353,225,1,901,109.47,303,3333,0.092
local-plus-express,B5,plain,express,80403,400,0,0,527,93.185,330,1,594,125.188,426,3333,0.129
local-plus-express,B5,plain,express,80401,400,0,0,817,205.3,676,1,916,238.752,754,3333,0.158
local-plus-express,B5,plain,express,80406,400,0,0,766,125.895,429,1,767,159.945,508,3333,0.134
local-plus-express,B5,plain,express,80405,400,0,0,671,150.377,503,1,748,182.79,593,3333,0.15
local-plus-express,B5,plain,express,80402,400,0,0,1086,249.78,947,2,1159,285.642,1036,3333,0.176
local-plus-express,B5,plain,express,80400,400,0,0,1079,256.715,943,1,1177,290.397,1029,3333,0.171
local-plus-express,B5,plain,express,80407,400,0,0,707,163.093,490,1,709,196.148,571,3333,0.144
local-plus-express,B5,plain,express,80409,400,0,0,916,107.415,372,2,917,139.532,442,3333,0.13
local-plus-express,B5,plain,express,80408,400,0,0,765,103.957,331,1,766,136.548,411,3333,0.128
local-plus-express,B5,plain,express,80404,400,0,0,1355,308.42,1078,1,1357,345.623,1152,3333,0.214
local-plus-express,B5,stop1,eta-cost,80400,400,0,0,172,34.74,91,2,204,70.688,172,3333,0.133
local-plus-express,B5,stop1,eta-cost,80401,400,0,0,112,31.402,85,2,194,67.218,161,3333,0.145
local-plus-express,B5,stop1,eta-cost,80404,400,0,0,103,34.37,87,2,211,74.002,167,3333,0.145
local-plus-express,B5,stop1,eta-cost,80406,400,0,0,110,29.633,82,2,199,65.873,159,3333,0.135
local-plus-express,B5,stop1,eta-cost,80403,400,0,0,136,30.405,78,3,193,64.59,159,3333,0.131
local-plus-express,B5,stop1,eta-cost,80402,400,0,0,142,31.718,83,2,202,70.03,163,3333,0.136
local-plus-express,B5,stop1,eta-cost,80405,400,0,0,133,28.63,76,2,201,63.44,151,3333,0.133
local-plus-express,B5,stop1,eta-cost,80408,400,0,0,154,31.33,83,3,250,65.892,165,3333,0.141
local-plus-express,B5,stop1,eta-cost,80407,400,0,0,101,32.785,81,3,197,68.235,168,3333,0.135
local-plus-express,B5,stop1,eta-cost,80409,400,0,0,123,29.49,79,2,199,63.792,161,3333,0.13
local-plus-express,B5,stop1,eta-cost-fair,80400,400,0,0,122,29.405,79,2,194,65.25,150,3333,0.137
local-plus-express,B5,stop1,eta-cost-fair,80401,400,0,0,156,32.733,85,3,195,68.438,163,3333,0.146
local-plus-express,B5,stop1,eta-cost-fair,80403,400,0,0,136,33.708,83,2,189,67.793,161,3333,0.134
local-plus-express,B5,stop1,eta-cost-fair,80404,400,0,0,143,31.585,84,2,195,71.075,159,3333,0.143
local-plus-express,B5,stop1,eta-cost-fair,80405,400,0,0,113,28.585,73,2,182,63.025,145,3333,0.126
local-plus-express,B5,stop1,eta-cost-fair,80402,400,0,0,150,34.76,84,2,203,73.007,163,3333,0.143
local-plus-express,B5,stop1,eta-cost-fair,80407,400,0,0,116,32.25,77,3,191,67.472,160,3333,0.139
local-plus-express,B5,stop1,eta-cost-fair,80406,400,0,0,157,32.32,77,2,195,68.53,157,3333,0.146
local-plus-express,B5,stop1,eta-cost-fair,80408,400,0,0,154,27.128,76,2,250,61.748,152,3333,0.137
local-plus-express,B5,stop1,nearest-car,80400,400,0,0,391,75.305,196,2,395,111.895,279,3333,0.079
local-plus-express,B5,stop1,eta-cost-fair,80409,400,0,0,114,28.602,75,2,189,62.877,156,3333,0.132
local-plus-express,B5,stop1,nearest-car,80401,400,0,0,213,74.188,193,2,316,110.775,274,3333,0.088
local-plus-express,B5,stop1,nearest-car,80403,400,0,0,592,81.295,195,2,595,115.91,276,3333,0.093
local-plus-express,B5,stop1,nearest-car,80404,400,0,0,1112,101.9,230,2,1114,142.567,321,3333,0.098
local-plus-express,B5,stop1,nearest-car,80405,400,0,0,400,75.657,194,2,404,110.715,266,3333,0.086
local-plus-express,B5,stop1,nearest-car,80402,400,0,0,384,83.6,205,2,387,122.668,283,3333,0.091
local-plus-express,B5,stop1,nearest-car,80406,400,0,0,211,73.103,197,3,316,109.933,276,3333,0.095
local-plus-express,B5,stop1,nearest-car,80407,400,0,0,301,72.868,194,3,305,108.823,276,3333,0.092
local-plus-express,B5,stop1,nearest-car,80408,400,0,0,810,88.457,217,2,813,123.86,291,3333,0.098
local-plus-express,B5,stop1,nearest-car,80409,400,0,0,395,85.08,212,2,397,120.065,289,3333,0.093
local-plus-express,B5,stop1,nearest-car-eta,80400,400,0,0,184,32.458,90,2,226,68.653,166,3333,0.116
local-plus-express,B5,stop1,nearest-car-eta,80401,400,0,0,171,34.462,98,2,197,70.692,166,3333,0.122
local-plus-express,B5,stop1,nearest-car-eta,80404,400,0,0,258,35.788,97,2,262,75.733,158,3333,0.124
local-plus-express,B5,stop1,nearest-car-eta,80402,400,0,0,184,35.43,92,2,194,73.993,167,3333,0.116
local-plus-express,B5,stop1,nearest-car-eta,80403,400,0,0,231,31.14,79,2,233,65.433,157,3333,0.12
local-plus-express,B5,stop1,nearest-car-eta,80405,400,0,0,163,29.775,80,2,192,64.71,152,3333,0.114
local-plus-express,B5,stop1,nearest-car-eta,80406,400,0,0,240,33.09,83,2,244,69.48,164,3333,0.122
local-plus-express,B5,stop1,nearest-car-eta,80407,400,0,0,167,32.377,84,2,191,68.13,161,3333,0.119
local-plus-express,B5,stop1,nearest-car-eta,80409,400,0,0,190,33.153,87,2,196,67.86,161,3333,0.119
local-plus-express,B5,stop1,nearest-car-eta,80408,400,0,0,200,32.33,92,2,250,67.44,157,3333,0.131
local-plus-express,B5,stop1,round-robin,80400,400,0,0,208,98.89,187,4,288,134.78,247,3333,0.087
local-plus-express,B5,stop1,round-robin,80401,400,0,0,205,92.15,181,2,299,128.05,250,3333,0.093
local-plus-express,B5,stop1,round-robin,80402,400,0,0,205,90.433,182,2,290,128.673,252,3333,0.104
local-plus-express,B5,stop1,round-robin,80403,400,0,0,214,95.265,180,3,294,129.26,255,3333,0.098
local-plus-express,B5,stop1,round-robin,80405,400,0,0,202,92.032,174,5,289,126.625,241,3333,0.097
local-plus-express,B5,stop1,round-robin,80404,400,0,0,205,87.1,178,3,302,126.89,250,3333,0.102
local-plus-express,B5,stop1,round-robin,80406,400,0,0,202,91.31,188,4,295,127.603,251,3333,0.09
local-plus-express,B5,stop1,round-robin,80407,400,0,0,210,95.06,183,2,298,130.352,249,3333,0.099
local-plus-express,B5,stop1,round-robin,80409,400,0,0,202,90.377,181,4,289,124.728,247,3333,0.105
local-plus-express,B5,stop1,zone-based,80400,400,0,0,1276,101.43,249,2,1278,137.863,336,3333,0.096
local-plus-express,B5,stop1,round-robin,80408,400,0,0,209,88.91,180,3,276,123.638,243,3333,0.105
local-plus-express,B5,stop1,zone-based,80401,400,0,0,908,89.118,241,2,910,125.5,326,3333,0.088
local-plus-express,B5,stop1,zone-based,80402,400,0,0,1184,96.25,250,2,1188,135.167,341,3333,0.086
local-plus-express,B5,stop1,zone-based,80403,400,0,0,773,79.905,247,3,775,114.582,315,3333,0.095
local-plus-express,B5,stop1,zone-based,80404,400,0,0,1431,98.517,254,2,1437,138.705,327,3333,0.094
local-plus-express,B5,stop1,zone-based,80405,400,0,0,1122,78.192,225,2,1126,113.297,296,3333,0.094
local-plus-express,B5,stop1,zone-based,80406,400,0,0,1050,88.028,225,2,1052,124.722,319,3333,0.1
local-plus-express,B5,stop1,zone-based,80407,400,0,0,815,83.853,227,2,819,119.838,306,3333,0.102
local-plus-express,B5,stop1,zone-based,80408,400,0,0,924,74.23,210,2,927,109.375,291,3333,0.095
local-plus-express,B5,stop1,zone-based,80409,400,0,0,619,84.228,242,2,623,119.135,322,3333,0.092
local-plus-express,B5,stop1,express,80403,400,0,0,715,120.305,505,2,812,154.965,587,3333,0.158
local-plus-express,B5,stop1,express,80401,400,0,0,1102,269.795,940,2,1208,305.92,1021,3333,0.217
local-plus-express,B5,stop1,express,80407,400,0,0,838,214.995,714,2,940,250.782,810,3333,0.199
local-plus-express,B5,stop1,express,80409,400,0,0,1190,147.02,545,3,1192,181.787,639,3333,0.166
local-plus-express,B5,stop1,express,80405,400,0,0,961,217.42,790,2,1042,252.39,873,3333,0.206
local-plus-express,B5,stop1,express,80406,400,0,0,950,195.407,693,2,1031,232.245,781,3333,0.195
local-plus-express,B5,stop1,express,80400,400,0,0,1359,324.68,1205,2,1464,361.12,1287,3333,0.256
local-plus-express,B5,stop1,express,80408,400,0,0,695,158.077,479,2,744,193.523,568,3333,0.188
local-plus-express,B5,stop1,express,80402,400,0,0,1380,315.29,1216,3,1454,353.837,1315,3333,0.233
local-plus-express,B6,plain,eta-cost,80500,400,0,0,70,17.933,48,1,117,38.432,96,4000,0.099
local-plus-express,B5,stop1,express,80404,400,0,0,1504,368.01,1319,2,1573,408.015,1396,3333,0.286
local-plus-express,B6,plain,eta-cost,80501,400,0,0,61,17.835,48,1,114,37.46,96,4000,0.111
local-plus-express,B6,plain,eta-cost,80503,400,0,0,65,19.725,48,1,118,42.237,96,4000,0.124
local-plus-express,B6,plain,eta-cost,80502,400,0,0,72,19.495,50,1,114,41.28,102,4000,0.115
local-plus-express,B6,plain,eta-cost,80505,400,0,0,59,18.17,49,1,116,37.653,97,4000,0.126
local-plus-express,B6,plain,eta-cost,80506,400,0,0,58,20.14,50,1,114,42.362,100,4000,0.112
local-plus-express,B6,plain,eta-cost,80508,400,0,0,77,18.2,50,1,123,38.865,97,4000,0.126
local-plus-express,B6,plain,eta-cost,80507,400,0,0,59,19.652,48,1,118,41.328,98,4000,0.114
local-plus-express,B6,plain,eta-cost,80504,400,0,0,63,19.367,50,1,113,40.505,97,4000,0.114
local-plus-express,B6,plain,eta-cost,80509,400,0,0,61,18.095,48,1,114,38.987,96,4000,0.107
local-plus-express,B6,plain,eta-cost-fair,80500,400,0,0,74,17.898,48,1,117,38.398,96,4000,0.109
local-plus-express,B6,plain,eta-cost-fair,80501,400,0,0,61,18.105,49,1,114,37.73,95,4000,0.113
local-plus-express,B6,plain,eta-cost-fair,80502,400,0,0,72,19.635,51,1,113,41.42,100,4000,0.117
local-plus-express,B6,plain,eta-cost-fair,80506,400,0,0,71,20.723,51,1,113,42.945,100,4000,0.105
local-plus-express,B6,plain,eta-cost-fair,80507,400,0,0,66,19.777,49,1,118,41.453,100,4000,0.119
local-plus-express,B6,plain,eta-cost-fair,80503,400,0,0,59,19.32,47,1,118,41.833,96,4000,0.119
local-plus-express,B6,plain,eta-cost-fair,80505,400,0,0,65,18.352,49,1,116,37.835,96,4000,0.116
local-plus-express,B6,plain,eta-cost-fair,80504,400,0,0,63,18.473,49,1,113,39.61,97,4000,0.113
local-plus-express,B6,plain,eta-cost-fair,80509,400,0,0,77,18.35,48,1,117,39.242,97,4000,0.11
local-plus-express,B6,plain,eta-cost-fair,80508,400,0,0,77,18.442,49,1,123,39.108,96,4000,0.131
local-plus-express,B6,plain,nearest-car,80500,400,0,0,317,43.015,119,1,320,63.515,161,4000,0.088
local-plus-express,B6,plain,nearest-car,80501,400,0,0,282,42.5,113,1,283,62.125,159,4000,0.087
local-plus-express,B6,plain,nearest-car,80504,400,0,0,319,48.038,115,1,321,69.175,163,4000,0.093
local-plus-express,B6,plain,nearest-car,80503,400,0,0,446,56.013,161,1,448,78.525,187,4000,0.092
local-plus-express,B6,plain,nearest-car,80502,400,0,0,515,58.17,213,1,517,79.955,252,4000,0.102
local-plus-express,B6,plain,nearest-car,80506,400,0,0,523,53.303,135,1,524,75.525,175,4000,0.088
local-plus-express,B6,plain,nearest-car,80505,400,0,0,272,40.62,109,1,273,60.102,157,4000,0.096
local-plus-express,B6,plain,nearest-car,80509,400,0,0,380,50.55,154,1,381,71.442,181,4000,0.099
local-plus-express,B6,plain,nearest-car,80507,400,0,0,574,52.663,172,1,577,74.338,195,4000,0.098
local-plus-express,B6,plain,nearest-car,80508,400,0,0,324,40.367,109,1,326,61.032,151,4000,0.099
local-plus-express,B6,plain,nearest-car-eta,80500,400,0,0,175,20.15,51,1,176,40.65,96,4000,0.088
local-plus-express,B6,plain,nearest-car-eta,80501,400,0,0,86,19.332,52,1,111,38.958,93,4000,0.126
local-plus-express,B6,plain,nearest-car-eta,80503,400,0,0,139,22.038,54,1,141,44.55,96,4000,0.113
local-plus-express,B6,plain,nearest-car-eta,80502,400,0,0,163,20.565,49,1,164,42.35,97,4000,0.095
local-plus-express,B6,plain,nearest-car-eta,80505,400,0,0,139,20.582,53,1,141,40.065,97,4000,0.119
local-plus-express,B6,plain,nearest-car-eta,80504,400,0,0,158,20.645,52,1,160,41.782,98,4000,0.117
local-plus-express,B6,plain,nearest-car-eta,80506,400,0,0,193,21.637,54,1,195,43.86,95,4000,0.085
local-plus-express,B6,plain,nearest-car-eta,80507,400,0,0,156,21.442,55,1,158,43.117,99,4000,0.105
local-plus-express,B6,plain,nearest-car-eta,80508,400,0,0,86,19.135,51,1,123,39.8,96,4000,0.11
local-plus-express,B6,plain,nearest-car-eta,80509,400,0,0,154,21.365,57,1,155,42.258,100,4000,0.109
local-plus-express,B6,plain,round-robin,80500,400,0,0,114,42.57,96,1,172,63.07,135,4000,0.098
local-plus-express,B6,plain,round-robin,80501,400,0,0,114,39.97,90,2,166,59.595,124,4000,0.089
local-plus-express,B6,plain,round-robin,80502,400,0,0,116,41.905,95,2,165,63.69,136,4000,0.079
local-plus-express,B6,plain,round-robin,80506,400,0,0,112,46.27,99,1,159,68.493,141,4000,0.102
local-plus-express,B6,plain,round-robin,80503,400,0,0,135,43.818,99,2,172,66.33,136,4000,0.099
local-plus-express,B6,plain,round-robin,80505,400,0,0,111,40.303,91,2,152,59.785,130,4000,0.102
local-plus-express,B6,plain,round-robin,80504,400,0,0,111,43.242,97,2,164,64.38,135,4000,0.108
local-plus-express,B6,plain,round-robin,80507,400,0,0,113,44.14,100,1,161,65.815,138,4000,0.098
local-plus-express,B6,plain,zone-based,80500,400,0,0,748,50.73,135,1,751,71.23,180,4000,0.072
local-plus-express,B6,plain,round-robin,80509,400,0,0,111,43.068,94,1,162,63.96,130,4000,0.086
local-plus-express,B6,plain,round-robin,80508,400,0,0,112,42.038,90,2,166,62.703,133,4000,0.113
local-plus-express,B6,plain,zone-based,80501,400,0,0,553,40.212,118,1,556,59.837,164,4000,0.099
local-plus-express,B6,plain,zone-based,80503,400,0,0,690,54.34,160,1,692,76.853,201,4000,0.087
local-plus-express,B6,plain,zone-based,80502,400,0,0,263,50.358,157,1,271,72.142,199,4000,0.098
local-plus-express,B6,plain,zone-based,80504,400,0,0,533,43.925,131,1,536,65.062,176,4000,0.096
local-plus-express,B6,plain,zone-based,80506,400,0,0,573,48.528,130,1,574,70.75,177,4000,0.098
local-plus-express,B6,plain,zone-based,80505,400,0,0,318,40.245,138,1,321,59.727,173,4000,0.094
local-plus-express,B6,plain,zone-based,80507,400,0,0,477,49.597,148,1,480,71.272,188,4000,0.097
local-plus-express,B6,plain,zone-based,80509,400,0,0,760,48.413,138,1,761,69.305,182,4000,0.094
local-plus-express,B6,plain,zone-based,80508,400,0,0,334,39.218,115,1,337,59.883,163,4000,0.1
local-plus-express,B6,plain,express,80501,400,0,0,790,132.028,410,1,792,151.653,460,4000,0.138
local-plus-express,B6,plain,express,80500,400,0,0,1159,248.81,994,1,1208,269.31,1044,4000,0.169
local-plus-express,B6,plain,express,80505,400,0,0,480,106.052,376,1,512,125.535,425,4000,0.129
local-plus-express,B6,plain,express,80508,400,0,0,421,83.933,323,1,467,104.597,371,4000,0.13
local-plus-express,B6,plain,express,80502,400,0,0,889,205.575,648,1,947,227.36,692,4000,0.154
local-plus-express,B6,plain,express,80509,400,0,0,826,175.903,710,1,879,196.795,761,4000,0.152
local-plus-express,B6,plain,express,80504,400,0,0,759,194.355,670,1,800,215.493,717,4000,0.155
local-plus-express,B6,plain,express,80506,400,0,0,1006,199.708,760,1,1058,221.93,801,4000,0.159
local-plus-express,B6,plain,express,80507,400,0,0,869,227.833,767,1,872,249.507,796,4000,0.176
local-plus-express,B6,plain,express,80503,400,0,0,1262,316.485,1139,1,1296,338.998,1189,4000,0.189
local-plus-express,B6,stop1,eta-cost,80500,400,0,0,73,18.355,48,2,124,40.532,99,4000,0.11
local-plus-express,B6,stop1,eta-cost,80501,400,0,0,58,18.767,50,2,120,40.053,99,4000,0.126
local-plus-express,B6,stop1,eta-cost,80505,400,0,0,67,17.832,48,2,123,38.965,98,4000,0.121
local-plus-express,B6,stop1,eta-cost,80502,400,0,0,66,20.407,53,2,120,43.875,107,4000,0.127
local-plus-express,B6,stop1,eta-cost,80503,400,0,0,70,20.035,48,2,116,44.218,100,4000,0.124
local-plus-express,B6,stop1,eta-cost,80504,400,0,0,63,19.03,49,2,119,41.847,102,4000,0.135
local-plus-express,B6,stop1,eta-cost,80506,400,0,0,61,19.88,51,2,116,43.822,104,4000,0.129
local-plus-express,B6,stop1,eta-cost,80507,400,0,0,104,19.025,48,2,165,42.325,102,4000,0.127
local-plus-express,B6,stop1,eta-cost,80508,400,0,0,79,18.462,50,2,130,40.758,101,4000,0.126
local-plus-express,B6,stop1,eta-cost,80509,400,0,0,75,18.773,51,2,118,41.355,101,4000,0.121
local-plus-express,B6,stop1,eta-cost-fair,80500,400,0,0,76,18.41,48,2,120,40.487,96,4000,0.115
local-plus-express,B6,stop1,eta-cost-fair,80501,400,0,0,59,18.988,51,2,119,40.078,98,4000,0.124
local-plus-express,B6,stop1,eta-cost-fair,80503,400,0,0,75,19.727,47,2,114,43.875,96,4000,0.118
local-plus-express,B6,stop1,eta-cost-fair,80502,400,0,0,74,20.282,49,2,124,43.657,99,4000,0.13
local-plus-express,B6,stop1,eta-cost-fair,80504,400,0,0,73,19.047,49,2,119,41.822,102,4000,0.131
local-plus-express,B6,stop1,eta-cost-fair,80506,400,0,0,70,19.573,51,2,121,43.43,100,4000,0.121
local-plus-express,B6,stop1,eta-cost-fair,80505,400,0,0,70,18.175,50,2,123,39.267,97,4000,0.13
local-plus-express,B6,stop1,eta-cost-fair,80507,400,0,0,88,20.073,49,2,115,43.305,102,4000,0.131
local-plus-express,B6,stop1,eta-cost-fair,80508,400,0,0,79,18.35,50,2,128,40.532,100,4000,0.122
local-plus-express,B6,stop1,eta-cost-fair,80509,400,0,0,78,19.265,53,2,117,41.797,101,4000,0.132
local-plus-express,B6,stop1,nearest-car,80500,400,0,0,399,46.972,125,2,403,69.397,170,4000,0.092
local-plus-express,B6,stop1,nearest-car,80503,400,0,0,677,74.855,237,2,680,99.397,281,4000,0.094
local-plus-express,B6,stop1,nearest-car,80501,400,0,0,467,51.87,166,2,469,73.5,190,4000,0.081
local-plus-express,B6,stop1,nearest-car,80502,400,0,0,404,48.532,139,2,406,72.257,183,4000,0.088
local-plus-express,B6,stop1,nearest-car,80504,400,0,0,332,50.377,124,2,336,73.45,176,4000,0.102
local-plus-express,B6,stop1,nearest-car,80505,400,0,0,421,43.97,118,2,423,65.338,174,4000,0.096
local-plus-express,B6,stop1,nearest-car,80506,400,0,0,484,55.422,137,2,486,79.73,181,4000,0.095
local-plus-express,B6,stop1,nearest-car,80507,400,0,0,334,54.02,132,2,338,77.675,175,4000,0.093
local-plus-express,B6,stop1,nearest-car,80508,400,0,0,715,50.608,123,2,720,73.19,173,4000,0.102
local-plus-express,B6,stop1,nearest-car,80509,400,0,0,641,57.252,189,2,643,80.073,217,4000,0.091
local-plus-express,B6,stop1,nearest-car-eta,80501,400,0,0,220,20.195,52,2,223,41.565,98,4000,0.118
local-plus-express,B6,stop1,nearest-car-eta,80500,400,0,0,142,19.918,51,2,146,42.222,100,4000,0.107
local-plus-express,B6,stop1,nearest-car-eta,80503,400,0,0,143,21.415,56,2,146,45.792,101,4000,0.101
local-plus-express,B6,stop1,nearest-car-eta,80502,400,0,0,172,22.765,55,2,174,46.398,102,4000,0.118
local-plus-express,B6,stop1,nearest-car-eta,80504,400,0,0,248,21.47,56,2,250,44.31,99,4000,0.121
local-plus-express,B6,stop1,nearest-car-eta,80507,400,0,0,195,20.61,51,2,197,44.005,102,4000,0.116
local-plus-express,B6,stop1,nearest-car-eta,80505,400,0,0,186,19.99,53,2,188,41.34,99,4000,0.116
local-plus-express,B6,stop1,nearest-car-eta,80506,400,0,0,280,21.802,56,2,284,45.92,101,4000,0.115
local-plus-express,B6,stop1,round-robin,80500,400,0,0,124,47.31,106,3,184,69.412,138,4000,0.085
local-plus-express,B6,stop1,round-robin,80501,400,0,0,118,43.157,92,3,175,64.272,134,4000,0.093
local-plus-express,B6,stop1,nearest-car-eta,80509,400,0,0,187,22.707,63,2,189,45.347,102,4000,0.117
local-plus-express,B6,stop1,nearest-car-eta,80508,400,0,0,159,19.892,52,2,162,42.282,103,4000,0.125
local-plus-express,B6,stop1,round-robin,80503,400,0,0,114,45.792,97,2,168,69.94,140,4000,0.102
local-plus-express,B6,stop1,round-robin,80502,400,0,0,154,45.347,102,3,212,68.725,144,4000,0.094
local-plus-express,B6,stop1,round-robin,80507,400,0,0,119,44.343,96,3,173,67.53,137,4000,0.095
local-plus-express,B6,stop1,round-robin,80504,400,0,0,118,47.195,103,2,177,69.835,144,4000,0.102
local-plus-express,B6,stop1,round-robin,80505,400,0,0,116,41.82,96,2,163,62.82,138,4000,0.095
local-plus-express,B6,stop1,zone-based,80500,400,0,0,689,57.11,164,2,693,79.418,210,4000,0.094
local-plus-express,B6,stop1,round-robin,80509,400,0,0,120,46.41,98,2,174,68.778,139,4000,0.093
local-plus-express,B6,stop1,round-robin,80506,400,0,0,117,45.992,99,3,172,69.74,146,4000,0.097
local-plus-express,B6,stop1,round-robin,80508,400,0,0,118,43.82,94,3,171,65.86,139,4000,0.113
local-plus-express,B6,stop1,zone-based,80501,400,0,0,846,45.292,138,2,849,66.677,185,4000,0.087
local-plus-express,B6,stop1,zone-based,80502,400,0,0,670,50.078,148,2,672,73.683,201,4000,0.098
local-plus-express,B6,stop1,zone-based,80503,400,0,0,921,61.818,209,2,924,86.172,253,4000,0.098
local-plus-express,B6,stop1,zone-based,80504,400,0,0,678,48.06,151,2,680,71.002,185,4000,0.098
local-plus-express,B6,stop1,zone-based,80506,400,0,0,553,52.697,149,3,555,76.843,197,4000,0.091
local-plus-express,B6,stop1,zone-based,80505,400,0,0,383,51.445,152,2,387,72.82,189,4000,0.093
local-plus-express,B6,stop1,zone-based,80507,400,0,0,573,49.977,139,2,575,73.463,187,4000,0.096
local-plus-express,B6,stop1,zone-based,80509,400,0,0,769,59.305,163,2,773,81.99,206,4000,0.095
local-plus-express,B6,stop1,zone-based,80508,400,0,0,354,43.538,144,2,358,65.925,193,4000,0.108
local-plus-express,B6,stop1,express,80501,400,0,0,868,200.562,728,2,887,221.955,781,4000,0.187
local-plus-express,B6,stop1,express,80505,400,0,0,652,159.312,490,2,698,180.685,542,4000,0.168
local-plus-express,B6,stop1,express,80502,400,0,0,1238,265.462,919,2,1242,289.07,974,4000,0.212
local-plus-express,B6,stop1,express,80508,400,0,0,533,136.925,422,2,590,159.412,478,4000,0.161
local-plus-express,B6,stop1,express,80500,400,0,0,1545,328.135,1342,2,1594,350.402,1395,4000,0.258
local-plus-express,B6,stop1,express,80504,400,0,0,939,262.435,865,2,987,285.363,917,4000,0.22
local-plus-express,B6,stop1,express,80509,400,0,0,1096,233.407,964,2,1152,256.033,1017,4000,0.2
local-plus-express,B6,stop1,express,80506,400,0,0,1293,269.705,1020,2,1348,293.702,1069,4000,0.216
local-plus-express,B7,plain,eta-cost,80600,400,0,0,72,19.212,53,1,128,41.545,97,1000,0.093
local-plus-express,B6,stop1,express,80503,400,0,0,1586,392.49,1412,2,1628,416.723,1461,4000,0.279
local-plus-express,B7,plain,eta-cost,80602,400,0,0,93,19.29,55,1,131,40.215,97,1000,0.085
local-plus-express,B7,plain,eta-cost,80601,400,0,0,70,18.105,47,1,119,38.06,93,1000,0.092
local-plus-express,B6,stop1,express,80507,400,0,0,1102,299.37,1007,2,1162,322.815,1066,4000,0.237
local-plus-express,B7,plain,eta-cost,80603,400,0,0,86,17.375,48,1,111,37.693,88,1000,0.088
local-plus-express,B7,plain,eta-cost,80604,400,0,0,90,20.902,52,1,148,42.4,100,1000,0.083
local-plus-express,B7,plain,eta-cost,80605,400,0,0,71,17.86,48,1,119,37.888,92,1000,0.087
local-plus-express,B7,plain,eta-cost,80606,400,0,0,69,17.875,44,1,125,38.465,92,1000,0.089
local-plus-express,B7,plain,eta-cost,80608,400,0,0,97,19.413,54,1,127,39.697,95,1000,0.084
local-plus-express,B7,plain,eta-cost,80607,400,0,0,103,21.57,58,1,160,42.292,101,1000,0.102
local-plus-express,B7,plain,eta-cost,80609,400,0,0,68,16.38,43,1,106,37.12,88,1000,0.084
local-plus-express,B7,plain,eta-cost-fair,80602,400,0,0,84,17.94,49,1,125,38.865,88,1000,0.083
local-plus-express,B7,plain,eta-cost-fair,80600,400,0,0,72,17.625,48,1,112,39.958,89,1000,0.09
local-plus-express,B7,plain,eta-cost-fair,80601,400,0,0,78,17.8,48,1,113,37.755,95,1000,0.082
local-plus-express,B7,plain,eta-cost-fair,80603,400,0,0,107,17.68,48,1,111,37.998,87,1000,0.086
local-plus-express,B7,plain,eta-cost-fair,80605,400,0,0,71,18.885,48,1,119,38.913,90,1000,0.092
local-plus-express,B7,plain,eta-cost-fair,80604,400,0,0,90,20.655,53,1,148,42.153,100,1000,0.101
local-plus-express,B7,plain,nearest-car,80600,400,0,0,117,49.773,113,1,173,72.105,161,1000,0.036
local-plus-express,B7,plain,nearest-car,80602,400,0,0,117,46.648,111,1,175,67.573,157,1000,0.033
local-plus-express,B7,plain,nearest-car,80601,400,0,0,224,46.355,111,1,225,66.31,154,1000,0.041
local-plus-express,B7,plain,nearest-car,80603,400,0,0,117,43.8,111,1,170,64.118,158,1000,0.034
local-plus-express,B7,plain,eta-cost-fair,80606,400,0,0,78,18.93,47,1,125,39.52,95,1000,0.076
local-plus-express,B7,plain,nearest-car,80606,400,0,0,117,46.865,112,1,171,67.455,157,1000,0.033
local-plus-express,B7,plain,eta-cost-fair,80608,400,0,0,109,19.438,51,1,127,39.722,92,1000,0.092
local-plus-express,B7,plain,eta-cost-fair,80607,400,0,0,105,19.37,51,2,128,40.093,94,1000,0.091
local-plus-express,B7,plain,nearest-car,80604,400,0,0,117,47.252,111,1,171,68.75,155,1000,0.035
local-plus-express,B7,plain,nearest-car,80605,400,0,0,117,44.583,110,1,175,64.61,151,1000,0.035
local-plus-express,B7,plain,nearest-car,80609,400,0,0,117,44.608,112,1,170,65.347,159,1000,0.034
local-plus-express,B7,plain,nearest-car,80608,400,0,0,117,45.112,111,1,174,65.397,157,1000,0.038
local-plus-express,B7,plain,nearest-car,80607,400,0,0,117,46.002,110,1,171,66.725,156,1000,0.036
local-plus-express,B7,plain,eta-cost-fair,80609,400,0,0,65,17.27,43,1,115,38.01,91,1000,0.088
local-plus-express,B7,plain,nearest-car-eta,80601,400,0,0,115,22.422,77,1,145,42.377,95,1000,0.071
local-plus-express,B7,plain,nearest-car-eta,80602,400,0,0,109,20.448,63,1,149,41.373,92,1000,0.056
local-plus-express,B7,plain,nearest-car-eta,80605,400,0,0,103,19.61,53,1,131,39.638,92,1000,0.07
local-plus-express,B7,plain,nearest-car-eta,80600,400,0,0,117,20.575,63,1,120,42.907,94,1000,0.081
local-plus-express,B7,plain,nearest-car-eta,80604,400,0,0,110,19.63,58,1,130,41.127,91,1000,0.069
local-plus-express,B7,plain,round-robin,80600,400,0,0,117,57.873,108,2,165,80.205,151,1000,0.034
local-plus-express,B7,plain,nearest-car-eta,80603,400,0,0,104,18.468,48,1,107,38.785,91,1000,0.067
local-plus-express,B7,plain,nearest-car-eta,80608,400,0,0,113,19.235,52,1,127,39.52,88,1000,0.072
local-plus-express,B7,plain,nearest-car-eta,80606,400,0,0,96,20.155,54,1,141,40.745,90,1000,0.063
local-plus-express,B7,plain,nearest-car-eta,80609,400,0,0,90,17.435,47,1,106,38.175,87,1000,0.063
local-plus-express,B7,plain,nearest-car-eta,80607,400,0,0,100,21.44,56,2,117,42.163,97,1000,0.074
local-plus-express,B7,plain,round-robin,80601,400,0,0,117,57.242,111,2,173,77.198,150,1000,0.039
local-plus-express,B7,plain,round-robin,80603,400,0,0,117,57.03,108,2,168,77.347,146,1000,0.041
local-plus-express,B7,plain,round-robin,80606,400,0,0,117,56.705,111,1,173,77.295,153,1000,0.039
local-plus-express,B7,plain,round-robin,80602,400,0,0,117,57.447,108,1,166,78.373,154,1000,0.038
local-plus-express,B7,plain,round-robin,80604,400,0,0,117,56.233,105,3,161,77.73,142,1000,0.037
local-plus-express,B7,plain,round-robin,80605,400,0,0,116,55.072,108,2,167,75.1,146,1000,0.04
local-plus-express,B7,plain,round-robin,80607,400,0,0,117,55.263,111,1,171,75.985,146,1000,0.037
local-plus-express,B7,plain,round-robin,80608,400,0,0,117,55.905,111,1,171,76.19,146,1000,0.036
local-plus-express,B7,plain,round-robin,80609,400,0,0,116,54.337,108,1,174,75.078,145,1000,0.037
local-plus-express,B7,plain,zone-based,80600,400,0,0,346,51.417,145,1,349,73.75,188,1000,0.036
local-plus-express,B7,plain,zone-based,80601,400,0,0,352,44.362,115,1,354,64.317,166,1000,0.035
local-plus-express,B7,plain,zone-based,80605,400,0,0,330,47.472,124,1,333,67.5,170,1000,0.036
local-plus-express,B7,plain,zone-based,80602,400,0,0,783,49.523,124,1,785,70.448,177,1000,0.042
local-plus-express,B7,plain,zone-based,80604,400,0,0,538,54.538,150,1,541,76.035,194,1000,0.035
local-plus-express,B7,plain,zone-based,80603,400,0,0,568,50.645,133,1,570,70.963,185,1000,0.028
local-plus-express,B7,plain,zone-based,80606,400,0,0,393,41.88,129,1,394,62.47,170,1000,0.029
local-plus-express,B7,plain,zone-based,80608,400,0,0,335,42.597,124,1,338,62.883,167,1000,0.037
local-plus-express,B7,plain,zone-based,80607,400,0,0,654,46.95,118,1,656,67.672,167,1000,0.038
local-plus-express,B7,plain,zone-based,80609,400,0,0,656,52.81,137,1,659,73.55,178,1000,0.031
local-plus-express,B7,plain,express,80605,400,0,0,177,47.763,133,1,222,67.79,182,1000,0.078
local-plus-express,B7,plain,express,80601,400,0,0,208,55.992,160,1,264,75.948,208,1000,0.085
local-plus-express,B7,plain,express,80608,400,0,0,168,45.233,133,1,227,65.517,180,1000,0.076
local-plus-express,B7,plain,express,80604,400,0,0,297,68.475,240,1,350,89.972,285,1000,0.091
local-plus-express,B7,plain,express,80607,400,0,0,226,65.02,182,1,273,85.743,230,1000,0.085
local-plus-express,B7,plain,express,80606,400,0,0,214,57.703,163,1,238,78.293,213,1000,0.089
local-plus-express,B7,plain,express,80603,400,0,0,329,59.197,223,1,371,79.515,270,1000,0.093
local-plus-express,B7,plain,express,80602,400,0,0,446,82.165,254,1,449,103.09,307,1000,0.082
local-plus-express,B7,plain,express,80600,400,0,0,390,108.123,341,1,449,130.455,394,1000,0.131
local-plus-express,B7,plain,express,80609,400,0,0,291,63.722,209,1,337,84.463,255,1000,0.089
local-plus-express,B7,stop1,eta-cost,80602,400,0,0,86,20.52,54,2,132,45.017,104,1000,0.122
local-plus-express,B7,stop1,eta-cost,80605,400,0,0,79,22.718,53,2,130,46.72,106,1000,0.133
local-plus-express,B7,stop1,eta-cost,80606,400,0,0,96,26.405,72,2,156,50.017,121,1000,0.13
local-plus-express,B7,stop1,eta-cost,80601,400,0,0,105,24.725,57,2,133,48.27,111,1000,0.137
local-plus-express,B7,stop1,eta-cost,80604,400,0,0,136,22.385,55,2,173,47.54,107,1000,0.132
local-plus-express,B7,stop1,eta-cost,80607,400,0,0,108,22.093,54,2,157,46.462,108,1000,0.13
local-plus-express,B7,stop1,eta-cost,80603,400,0,0,113,27.508,74,2,154,51.45,124,1000,0.15
local-plus-express,B7,stop1,eta-cost,80600,400,0,0,105,26.142,65,2,163,52.78,110,1000,0.153
local-plus-express,B7,stop1,eta-cost,80608,400,0,0,99,27.11,68,2,149,50.53,113,1000,0.143
local-plus-express,B7,stop1,eta-cost,80609,400,0,0,87,28.093,64,2,147,52.405,119,1000,0.142
local-plus-express,B7,stop1,eta-cost-fair,80601,400,0,0,94,25.39,62,3,148,48.438,107,1000,0.138
local-plus-express,B7,stop1,eta-cost-fair,80602,400,0,0,92,23.957,57,2,130,47.855,103,1000,0.132
local-plus-express,B7,stop1,eta-cost-fair,80600,400,0,0,100,25.855,60,2,142,51.835,102,1000,0.143
local-plus-express,B7,stop1,eta-cost-fair,80604,400,0,0,75,23.878,58,2,134,48.642,110,1000,0.133
local-plus-express,B7,stop1,eta-cost-fair,80605,400,0,0,89,23.325,58,3,131,46.373,105,1000,0.121
local-plus-express,B7,stop1,eta-cost-fair,80603,400,0,0,113,24.378,55,2,132,48.203,104,1000,0.151
local-plus-express,B7,stop1,nearest-car,80600,400,0,0,303,67.215,142,2,308,94.34,198,1000,0.038
local-plus-express,B7,stop1,eta-cost-fair,80606,400,0,0,124,25.305,61,2,134,48.665,105,1000,0.141
local-plus-express,B7,stop1,nearest-car,80601,400,0,0,143,51.19,131,2,204,75.37,184,1000,0.036
local-plus-express,B7,stop1,nearest-car,80603,400,0,0,157,56.373,141,2,220,81.015,188,1000,0.036
local-plus-express,B7,stop1,eta-cost-fair,80608,400,0,0,115,25.753,61,2,135,48.94,109,1000,0.132
local-plus-express,B7,stop1,nearest-car,80602,400,0,0,152,63.987,135,2,217,89.65,187,1000,0.044
local-plus-express,B7,stop1,eta-cost-fair,80607,400,0,0,117,27.89,66,2,135,51.92,112,1000,0.147
local-plus-express,B7,stop1,nearest-car,80606,400,0,0,148,48.347,130,2,214,73.335,180,1000,0.036
local-plus-express,B7,stop1,eta-cost-fair,80609,400,0,0,91,25.7,65,2,136,49.792,112,1000,0.144
local-plus-express,B7,stop1,nearest-car,80604,400,0,0,213,52.303,137,2,223,79.132,195,1000,0.035
local-plus-express,B7,stop1,nearest-car,80605,400,0,0,150,53.355,138,2,218,78.955,197,1000,0.036
local-plus-express,B7,stop1,nearest-car,80608,400,0,0,150,55.145,134,2,218,80.095,188,1000,0.041
local-plus-express,B7,stop1,nearest-car,80607,400,0,0,147,56.83,135,2,223,82.088,189,1000,0.041
local-plus-express,B7,stop1,nearest-car,80609,400,0,0,157,59.4,140,2,225,85.138,198,1000,0.039
local-plus-express,B7,stop1,nearest-car-eta,80600,400,0,0,186,25.157,66,2,189,52.462,113,1000,0.093
local-plus-express,B7,stop1,nearest-car-eta,80601,400,0,0,141,37.303,109,2,197,61.035,148,1000,0.114
local-plus-express,B7,stop1,nearest-car-eta,80606,400,0,0,135,20.52,53,2,142,45.23,102,1000,0.089
local-plus-express,B7,stop1,nearest-car-eta,80602,400,0,0,135,33.425,96,2,170,58.432,122,1000,0.114
local-plus-express,B7,stop1,nearest-car-eta,80603,400,0,0,189,24.198,63,2,193,48.81,112,1000,0.098
local-plus-express,B7,stop1,nearest-car-eta,80604,400,0,0,121,25.582,69,2,143,51.135,114,1000,0.091
local-plus-express,B7,stop1,nearest-car-eta,80608,400,0,0,108,24.578,73,2,168,48.97,110,1000,0.093
local-plus-express,B7,stop1,nearest-car-eta,80609,400,0,0,131,24.253,63,2,152,49.245,112,1000,0.103
local-plus-express,B7,stop1,nearest-car-eta,80607,400,0,0,142,34.748,91,2,169,60.328,126,1000,0.114
local-plus-express,B7,stop1,round-robin,80600,400,0,0,145,66.24,128,3,201,93.035,178,1000,0.041
local-plus-express,B7,stop1,round-robin,80601,400,0,0,145,64.965,129,2,203,88.59,176,1000,0.042
local-plus-express,B7,stop1,round-robin,80602,400,0,0,136,64.58,126,3,199,89.68,178,1000,0.039
local-plus-express,B7,stop1,round-robin,80604,400,0,0,138,64.735,128,4,204,90.32,174,1000,0.04
local-plus-express,B7,stop1,round-robin,80603,400,0,0,140,61.965,125,3,201,86.043,178,1000,0.036
local-plus-express,B7,stop1,round-robin,80605,400,0,0,139,65.7,124,2,195,89.595,167,1000,0.044
local-plus-express,B7,stop1,round-robin,80606,400,0,0,138,63.095,124,2,202,87.203,174,1000,0.04
local-plus-express,B7,stop1,round-robin,80607,400,0,0,139,63.1,125,2,196,87.623,166,1000,0.041
local-plus-express,B7,stop1,round-robin,80609,400,0,0,136,67.907,128,2,201,92.713,175,1000,0.036
local-plus-express,B7,stop1,round-robin,80608,400,0,0,134,60.538,120,2,198,84.375,163,1000,0.04
local-plus-express,B7,stop1,zone-based,80601,400,0,0,444,55.972,138,3,448,80.037,193,1000,0.045
local-plus-express,B7,stop1,zone-based,80600,400,0,0,821,77.765,184,2,826,104.395,231,1000,0.039
local-plus-express,B7,stop1,zone-based,80602,400,0,0,420,61.68,167,2,423,87.13,215,1000,0.04
local-plus-express,B7,stop1,zone-based,80603,400,0,0,803,59.28,147,3,805,84.215,206,1000,0.039
local-plus-express,B7,stop1,zone-based,80604,400,0,0,768,66.368,158,2,770,92.188,213,1000,0.042
local-plus-express,B7,stop1,nearest-car-eta,80605,400,0,0,117,23.867,61,2,154,48.18,111,1000,0.087
local-plus-express,B7,stop1,zone-based,80606,400,0,0,624,55.847,150,2,629,80.325,212,1000,0.044
local-plus-express,B7,stop1,zone-based,80605,400,0,0,437,59.307,168,2,443,83.78,208,1000,0.042
local-plus-express,B7,stop1,zone-based,80608,400,0,0,511,57.135,158,2,515,81.81,205,1000,0.036
local-plus-express,B7,stop1,zone-based,80609,400,0,0,413,61.69,169,2,418,87.405,216,1000,0.04
local-plus-express,B7,stop1,zone-based,80607,400,0,0,627,59.922,156,2,631,84.895,203,1000,0.041
local-plus-express,B7,stop1,express,80605,400,0,0,372,91.675,298,2,418,115.075,349,1000,0.14
local-plus-express,B7,stop1,express,80601,400,0,0,409,99.445,321,2,468,122.802,371,1000,0.15
local-plus-express,B7,stop1,express,80603,400,0,0,477,95.373,391,2,532,119.13,449,1000,0.157
local-plus-express,B7,stop1,express,80606,400,0,0,375,96.493,312,2,433,120.565,377,1000,0.153
local-plus-express,B7,stop1,express,80604,400,0,0,497,116.493,418,2,556,141.545,474,1000,0.168
local-plus-express,B7,stop1,express,80602,400,0,0,549,120.963,407,2,555,145.428,456,1000,0.167
local-plus-express,B7,stop1,express,80608,400,0,0,356,80.812,276,2,408,104.817,331,1000,0.143
local-plus-express,B7,stop1,express,80609,400,0,0,463,107.05,388,2,527,131.613,440,1000,0.148
local-plus-express,B7,stop1,express,80607,400,0,0,430,113.032,360,2,482,137.268,416,1000,0.164
local-plus-express,B7,stop1,express,80600,400,0,0,580,156.66,510,2,640,182.833,571,1000,0.205
